
> sv-tutorial@0.0.1 test:e2e
> playwright test

[2m[WebServer] [22m(node:2838188) Warning: The 'NO_COLOR' env is ignored due to the 'FORCE_COLOR' env being set.
[2m[WebServer] [22m(Use `node --trace-warnings ...` to show where the warning was created)
[2m[WebServer] [22mYour tsconfig.json should extend the configuration generated by SvelteKit:
[2m[WebServer] [22m{
[2m[WebServer] [22m  "extends": "./.svelte-kit/tsconfig.json"
[2m[WebServer] [22m}
[2m[WebServer] [22m11:04:26 AM [vite-plugin-svelte] src/routes/lesson/[part]/[name]/+page.svelte:565:10 `<div>` with a click handler must have an ARIA role
[2m[WebServer] [22mhttps://svelte.dev/e/a11y_no_static_element_interactions
[2m[WebServer] [22m563:         {#if showOptions}
[2m[WebServer] [22m564:           <!-- svelte-ignore a11y_click_events_have_key_events a11y_no_static_element_interactions -->
[2m[WebServer] [22m565:           <div class="fixed inset-0 z-40" onclick={() => (showOptions = false)}></div>
[2m[WebServer] [22m                                                                                           ^
[2m[WebServer] [22m566:           <div class="absolute right-0 top-[calc(100%+0.4rem)] z-50 bg-surface border border-border rounded-[12px] shadow-app p-2 flex flex-col min-w-[160px]">
[2m[WebServer] [22m567:             {#if hasSolution}
[2m[WebServer] [22m11:04:26 AM [vite-plugin-svelte] src/routes/lesson/[part]/[name]/+page.svelte:876:2 `<div>` with a click handler must have an ARIA role
[2m[WebServer] [22mhttps://svelte.dev/e/a11y_no_static_element_interactions
[2m[WebServer] [22m874: {#if showCopyModal}
[2m[WebServer] [22m875:   <!-- svelte-ignore a11y_click_events_have_key_events a11y_no_static_element_interactions -->
[2m[WebServer] [22m876:   <div class="fixed inset-0 bg-black/50 flex items-center justify-center z-50"
[2m[WebServer] [22m             ^
[2m[WebServer] [22m877:        onclick={(e) => e.target === e.currentTarget && onCopyModalOk()}>
[2m[WebServer] [22m878:     <div role="dialog" aria-modal="true" aria-labelledby="copy-modal-title"
[2m[WebServer] [22m11:04:26 AM [vite-plugin-svelte] src/routes/lesson/[part]/[name]/+page.svelte:878:4 Elements with the 'dialog' interactive role must have a tabindex value
[2m[WebServer] [22mhttps://svelte.dev/e/a11y_interactive_supports_focus
[2m[WebServer] [22m876:   <div class="fixed inset-0 bg-black/50 flex items-center justify-center z-50"
[2m[WebServer] [22m877:        onclick={(e) => e.target === e.currentTarget && onCopyModalOk()}>
[2m[WebServer] [22m878:     <div role="dialog" aria-modal="true" aria-labelledby="copy-modal-title"
[2m[WebServer] [22m               ^
[2m[WebServer] [22m879:          onkeydown={onCopyModalKeydown}
[2m[WebServer] [22m880:          class="bg-surface rounded-[14px] shadow-xl p-8 max-w-[440px] mx-4 flex flex-col gap-4 border border-border">
[2m[WebServer] [22m11:04:26 AM [vite-plugin-svelte] src/routes/lesson/[part]/[name]/+page.svelte:891:8 Avoid using autofocus
[2m[WebServer] [22mhttps://svelte.dev/e/a11y_autofocus
[2m[WebServer] [22m889:       </label>
[2m[WebServer] [22m890:       <button
[2m[WebServer] [22m891:         autofocus
[2m[WebServer] [22m                      ^
[2m[WebServer] [22m892:         onclick={onCopyModalOk}
[2m[WebServer] [22m893:         class="self-start px-6 py-[0.45rem] bg-teal text-white rounded-[8px] font-medium text-[0.9rem] hover:opacity-90 transition-opacity"
[2m[WebServer] [22m"syntaxHighlighting" is imported from external module "@codemirror/language" but never used in "src/lib/components/CodeEditor.svelte".
[2m[WebServer] [22m"basicSetup" is imported from external module "codemirror" but never used in "src/lib/components/CodeEditor.svelte".
[2m[WebServer] [22m"EditorState" is imported from external module "@codemirror/state" but never used in "src/lib/components/CodeEditor.svelte".
[2m[WebServer] [22m"linter", "lintGutter" and "setDiagnostics" are imported from external module "@codemirror/lint" but never used in "src/lib/components/CodeEditor.svelte".
[2m[WebServer] [22mThe emitted file "chunks/description.js.gz" overwrites a previously emitted file of the same name.
[2m[WebServer] [22mThe emitted file "chunks/description2.js.gz" overwrites a previously emitted file of the same name.
[2m[WebServer] [22mThe emitted file "chunks/description3.js.gz" overwrites a previously emitted file of the same name.
[2m[WebServer] [22mThe emitted file "chunks/description4.js.gz" overwrites a previously emitted file of the same name.
[2m[WebServer] [22mThe emitted file "entries/pages/_layout.svelte.js.gz" overwrites a previously emitted file of the same name.
[2m[WebServer] [22mThe emitted file "chunks/description5.js.gz" overwrites a previously emitted file of the same name.
[2m[WebServer] [22mThe emitted file "entries/pages/lesson/_part_/_name_/_page.svelte.js.gz" overwrites a previously emitted file of the same name.
[2m[WebServer] [22mThe emitted file "chunks/description6.js.gz" overwrites a previously emitted file of the same name.
[2m[WebServer] [22mThe emitted file "chunks/description7.js.gz" overwrites a previously emitted file of the same name.
[2m[WebServer] [22mThe emitted file "chunks/description8.js.gz" overwrites a previously emitted file of the same name.
[2m[WebServer] [22mThe emitted file "chunks/description9.js.gz" overwrites a previously emitted file of the same name.
[2m[WebServer] [22mThe emitted file "chunks/description10.js.gz" overwrites a previously emitted file of the same name.
[2m[WebServer] [22mThe emitted file "chunks/description11.js.gz" overwrites a previously emitted file of the same name.
[2m[WebServer] [22mThe emitted file "chunks/description12.js.gz" overwrites a previously emitted file of the same name.
[2m[WebServer] [22mThe emitted file "chunks/description14.js.gz" overwrites a previously emitted file of the same name.
[2m[WebServer] [22mThe emitted file "chunks/description15.js.gz" overwrites a previously emitted file of the same name.
[2m[WebServer] [22mThe emitted file "chunks/description16.js.gz" overwrites a previously emitted file of the same name.
[2m[WebServer] [22mThe emitted file "chunks/description13.js.gz" overwrites a previously emitted file of the same name.
[2m[WebServer] [22mThe emitted file "chunks/description17.js.gz" overwrites a previously emitted file of the same name.
[2m[WebServer] [22mThe emitted file "chunks/description19.js.gz" overwrites a previously emitted file of the same name.
[2m[WebServer] [22mThe emitted file "chunks/description21.js.gz" overwrites a previously emitted file of the same name.
[2m[WebServer] [22mThe emitted file "chunks/description18.js.gz" overwrites a previously emitted file of the same name.
[2m[WebServer] [22mThe emitted file "chunks/description20.js.gz" overwrites a previously emitted file of the same name.
[2m[WebServer] [22mThe emitted file "chunks/description25.js.gz" overwrites a previously emitted file of the same name.
[2m[WebServer] [22mThe emitted file "chunks/description24.js.gz" overwrites a previously emitted file of the same name.
[2m[WebServer] [22mThe emitted file "chunks/description28.js.gz" overwrites a previously emitted file of the same name.
[2m[WebServer] [22mThe emitted file "chunks/description26.js.gz" overwrites a previously emitted file of the same name.
[2m[WebServer] [22mThe emitted file "chunks/index.js.gz" overwrites a previously emitted file of the same name.
[2m[WebServer] [22mThe emitted file "chunks/description22.js.gz" overwrites a previously emitted file of the same name.
[2m[WebServer] [22mThe emitted file "chunks/description30.js.gz" overwrites a previously emitted file of the same name.
[2m[WebServer] [22mThe emitted file "chunks/description27.js.gz" overwrites a previously emitted file of the same name.
[2m[WebServer] [22mThe emitted file "chunks/description31.js.gz" overwrites a previously emitted file of the same name.
[2m[WebServer] [22mThe emitted file "chunks/description33.js.gz" overwrites a previously emitted file of the same name.
[2m[WebServer] [22mThe emitted file "chunks/description32.js.gz" overwrites a previously emitted file of the same name.
[2m[WebServer] [22mThe emitted file "chunks/description29.js.gz" overwrites a previously emitted file of the same name.
[2m[WebServer] [22mThe emitted file "chunks/description35.js.gz" overwrites a previously emitted file of the same name.
[2m[WebServer] [22mThe emitted file "chunks/description37.js.gz" overwrites a previously emitted file of the same name.
[2m[WebServer] [22mThe emitted file "chunks/description36.js.gz" overwrites a previously emitted file of the same name.
[2m[WebServer] [22mThe emitted file "chunks/description39.js.gz" overwrites a previously emitted file of the same name.
[2m[WebServer] [22mThe emitted file "chunks/description38.js.gz" overwrites a previously emitted file of the same name.
[2m[WebServer] [22mThe emitted file "chunks/description41.js.gz" overwrites a previously emitted file of the same name.
[2m[WebServer] [22mThe emitted file "chunks/description42.js.gz" overwrites a previously emitted file of the same name.
[2m[WebServer] [22mThe emitted file "chunks/description40.js.gz" overwrites a previously emitted file of the same name.
[2m[WebServer] [22mThe emitted file "chunks/description44.js.gz" overwrites a previously emitted file of the same name.
[2m[WebServer] [22mThe emitted file "chunks/description43.js.gz" overwrites a previously emitted file of the same name.
[2m[WebServer] [22mThe emitted file "chunks/description45.js.gz" overwrites a previously emitted file of the same name.
[2m[WebServer] [22mThe emitted file "chunks/description46.js.gz" overwrites a previously emitted file of the same name.
[2m[WebServer] [22mThe emitted file "chunks/description47.js.gz" overwrites a previously emitted file of the same name.
[2m[WebServer] [22mThe emitted file "chunks/description49.js.gz" overwrites a previously emitted file of the same name.
[2m[WebServer] [22mThe emitted file "chunks/description48.js.gz" overwrites a previously emitted file of the same name.
[2m[WebServer] [22mThe emitted file "chunks/description50.js.gz" overwrites a previously emitted file of the same name.
[2m[WebServer] [22mThe emitted file "chunks/description52.js.gz" overwrites a previously emitted file of the same name.
[2m[WebServer] [22mThe emitted file "chunks/description53.js.gz" overwrites a previously emitted file of the same name.
[2m[WebServer] [22mThe emitted file "chunks/description55.js.gz" overwrites a previously emitted file of the same name.
[2m[WebServer] [22mThe emitted file "chunks/description51.js.gz" overwrites a previously emitted file of the same name.
[2m[WebServer] [22mThe emitted file "chunks/description54.js.gz" overwrites a previously emitted file of the same name.
[2m[WebServer] [22mThe emitted file "chunks/description56.js.gz" overwrites a previously emitted file of the same name.
[2m[WebServer] [22mThe emitted file "chunks/description58.js.gz" overwrites a previously emitted file of the same name.
[2m[WebServer] [22mThe emitted file "chunks/description57.js.gz" overwrites a previously emitted file of the same name.
[2m[WebServer] [22mThe emitted file "chunks/description59.js.gz" overwrites a previously emitted file of the same name.
[2m[WebServer] [22mThe emitted file "chunks/description60.js.gz" overwrites a previously emitted file of the same name.
[2m[WebServer] [22mThe emitted file "chunks/description62.js.gz" overwrites a previously emitted file of the same name.
[2m[WebServer] [22mThe emitted file "chunks/description61.js.gz" overwrites a previously emitted file of the same name.
[2m[WebServer] [22mThe emitted file "chunks/description63.js.gz" overwrites a previously emitted file of the same name.
[2m[WebServer] [22mThe emitted file "chunks/description64.js.gz" overwrites a previously emitted file of the same name.
[2m[WebServer] [22mThe emitted file "chunks/description65.js.gz" overwrites a previously emitted file of the same name.
[2m[WebServer] [22mThe emitted file "chunks/description66.js.gz" overwrites a previously emitted file of the same name.
[2m[WebServer] [22mThe emitted file "chunks/description70.js.gz" overwrites a previously emitted file of the same name.
[2m[WebServer] [22mThe emitted file "chunks/description68.js.gz" overwrites a previously emitted file of the same name.
[2m[WebServer] [22mThe emitted file "chunks/description67.js.gz" overwrites a previously emitted file of the same name.
[2m[WebServer] [22mThe emitted file "chunks/description69.js.gz" overwrites a previously emitted file of the same name.
[2m[WebServer] [22mThe emitted file "chunks/description71.js.gz" overwrites a previously emitted file of the same name.
[2m[WebServer] [22mThe emitted file "chunks/description72.js.gz" overwrites a previously emitted file of the same name.
[2m[WebServer] [22mThe emitted file "chunks/description73.js.gz" overwrites a previously emitted file of the same name.
[2m[WebServer] [22mThe emitted file "chunks/description74.js.gz" overwrites a previously emitted file of the same name.
[2m[WebServer] [22mThe emitted file "chunks/description76.js.gz" overwrites a previously emitted file of the same name.
[2m[WebServer] [22mThe emitted file "chunks/description77.js.gz" overwrites a previously emitted file of the same name.
[2m[WebServer] [22mThe emitted file "chunks/description78.js.gz" overwrites a previously emitted file of the same name.
[2m[WebServer] [22mThe emitted file "chunks/test_pulse_counter.js.gz" overwrites a previously emitted file of the same name.
[2m[WebServer] [22mThe emitted file "chunks/test_reg_en.js.gz" overwrites a previously emitted file of the same name.
[2m[WebServer] [22mThe emitted file "chunks/test_adder.js.gz" overwrites a previously emitted file of the same name.
[2m[WebServer] [22mThe emitted file "chunks/description75.js.gz" overwrites a previously emitted file of the same name.
[2m[WebServer] [22mThe emitted file "chunks/priority_enc.js.gz" overwrites a previously emitted file of the same name.
[2m[WebServer] [22mThe emitted file "chunks/priority_enc_tb.js.gz" overwrites a previously emitted file of the same name.
[2m[WebServer] [22mThe emitted file "chunks/lowering.js.gz" overwrites a previously emitted file of the same name.
[2m[WebServer] [22mThe emitted file "chunks/adder_tb.js.gz" overwrites a previously emitted file of the same name.
[2m[WebServer] [22mThe emitted file "chunks/sram_core.js.gz" overwrites a previously emitted file of the same name.
[2m[WebServer] [22mThe emitted file "chunks/sram_core_tb.js.gz" overwrites a previously emitted file of the same name.
[2m[WebServer] [22mThe emitted file "chunks/lowering_tb.js.gz" overwrites a previously emitted file of the same name.
[2m[WebServer] [22mThe emitted file "chunks/tb4.js.gz" overwrites a previously emitted file of the same name.
[2m[WebServer] [22mThe emitted file "chunks/mem_item.js.gz" overwrites a previously emitted file of the same name.
[2m[WebServer] [22mThe emitted file "chunks/sram_core2.js.gz" overwrites a previously emitted file of the same name.
[2m[WebServer] [22mThe emitted file "chunks/tb5.js.gz" overwrites a previously emitted file of the same name.
[2m[WebServer] [22mThe emitted file "chunks/data_types.js.gz" overwrites a previously emitted file of the same name.
[2m[WebServer] [22mThe emitted file "chunks/description2.js.br" overwrites a previously emitted file of the same name.
[2m[WebServer] [22mThe emitted file "chunks/description.js.br" overwrites a previously emitted file of the same name.
[2m[WebServer] [22mThe emitted file "chunks/description3.js.br" overwrites a previously emitted file of the same name.
[2m[WebServer] [22mThe emitted file "chunks/description4.js.br" overwrites a previously emitted file of the same name.
[2m[WebServer] [22mThe emitted file "chunks/description5.js.br" overwrites a previously emitted file of the same name.
[2m[WebServer] [22mThe emitted file "chunks/description6.js.br" overwrites a previously emitted file of the same name.
[2m[WebServer] [22mThe emitted file "chunks/description7.js.br" overwrites a previously emitted file of the same name.
[2m[WebServer] [22mThe emitted file "chunks/description8.js.br" overwrites a previously emitted file of the same name.
[2m[WebServer] [22mThe emitted file "chunks/description9.js.br" overwrites a previously emitted file of the same name.
[2m[WebServer] [22mThe emitted file "chunks/description10.js.br" overwrites a previously emitted file of the same name.
[2m[WebServer] [22mThe emitted file "entries/pages/lesson/_part_/_name_/_page.svelte.js.br" overwrites a previously emitted file of the same name.
[2m[WebServer] [22mThe emitted file "chunks/description11.js.br" overwrites a previously emitted file of the same name.
[2m[WebServer] [22mThe emitted file "chunks/description14.js.br" overwrites a previously emitted file of the same name.
[2m[WebServer] [22mThe emitted file "chunks/description15.js.br" overwrites a previously emitted file of the same name.
[2m[WebServer] [22mThe emitted file "chunks/description16.js.br" overwrites a previously emitted file of the same name.
[2m[WebServer] [22mThe emitted file "chunks/description12.js.br" overwrites a previously emitted file of the same name.
[2m[WebServer] [22mThe emitted file "entries/pages/_layout.svelte.js.br" overwrites a previously emitted file of the same name.
[2m[WebServer] [22mThe emitted file "chunks/description17.js.br" overwrites a previously emitted file of the same name.
[2m[WebServer] [22mThe emitted file "chunks/description19.js.br" overwrites a previously emitted file of the same name.
[2m[WebServer] [22mThe emitted file "chunks/description13.js.br" overwrites a previously emitted file of the same name.
[2m[WebServer] [22mThe emitted file "chunks/description25.js.br" overwrites a previously emitted file of the same name.
[2m[WebServer] [22mThe emitted file "chunks/description21.js.br" overwrites a previously emitted file of the same name.
[2m[WebServer] [22mThe emitted file "chunks/description24.js.br" overwrites a previously emitted file of the same name.
[2m[WebServer] [22mThe emitted file "chunks/description28.js.br" overwrites a previously emitted file of the same name.
[2m[WebServer] [22mThe emitted file "chunks/description18.js.br" overwrites a previously emitted file of the same name.
[2m[WebServer] [22mThe emitted file "chunks/description20.js.br" overwrites a previously emitted file of the same name.
[2m[WebServer] [22mThe emitted file "chunks/description26.js.br" overwrites a previously emitted file of the same name.
[2m[WebServer] [22mThe emitted file "chunks/description30.js.br" overwrites a previously emitted file of the same name.
[2m[WebServer] [22mThe emitted file "chunks/description22.js.br" overwrites a previously emitted file of the same name.
[2m[WebServer] [22mThe emitted file "chunks/description27.js.br" overwrites a previously emitted file of the same name.
[2m[WebServer] [22mThe emitted file "chunks/description33.js.br" overwrites a previously emitted file of the same name.
[2m[WebServer] [22mThe emitted file "chunks/description31.js.br" overwrites a previously emitted file of the same name.
[2m[WebServer] [22mThe emitted file "chunks/description32.js.br" overwrites a previously emitted file of the same name.
[2m[WebServer] [22mThe emitted file "chunks/description37.js.br" overwrites a previously emitted file of the same name.
[2m[WebServer] [22mThe emitted file "chunks/description29.js.br" overwrites a previously emitted file of the same name.
[2m[WebServer] [22mThe emitted file "chunks/description35.js.br" overwrites a previously emitted file of the same name.
[2m[WebServer] [22mThe emitted file "chunks/description39.js.br" overwrites a previously emitted file of the same name.
[2m[WebServer] [22mThe emitted file "chunks/description38.js.br" overwrites a previously emitted file of the same name.
[2m[WebServer] [22mThe emitted file "chunks/description41.js.br" overwrites a previously emitted file of the same name.
[2m[WebServer] [22mThe emitted file "chunks/description36.js.br" overwrites a previously emitted file of the same name.
[2m[WebServer] [22mThe emitted file "chunks/description42.js.br" overwrites a previously emitted file of the same name.
[2m[WebServer] [22mThe emitted file "chunks/description44.js.br" overwrites a previously emitted file of the same name.
[2m[WebServer] [22mThe emitted file "chunks/description40.js.br" overwrites a previously emitted file of the same name.
[2m[WebServer] [22mThe emitted file "chunks/description45.js.br" overwrites a previously emitted file of the same name.
[2m[WebServer] [22mThe emitted file "chunks/description43.js.br" overwrites a previously emitted file of the same name.
[2m[WebServer] [22mThe emitted file "chunks/description46.js.br" overwrites a previously emitted file of the same name.
[2m[WebServer] [22mThe emitted file "chunks/description47.js.br" overwrites a previously emitted file of the same name.
[2m[WebServer] [22mThe emitted file "chunks/description49.js.br" overwrites a previously emitted file of the same name.
[2m[WebServer] [22mThe emitted file "chunks/description52.js.br" overwrites a previously emitted file of the same name.
[2m[WebServer] [22mThe emitted file "chunks/description48.js.br" overwrites a previously emitted file of the same name.
[2m[WebServer] [22mThe emitted file "chunks/description50.js.br" overwrites a previously emitted file of the same name.
[2m[WebServer] [22mThe emitted file "chunks/description55.js.br" overwrites a previously emitted file of the same name.
[2m[WebServer] [22mThe emitted file "chunks/description53.js.br" overwrites a previously emitted file of the same name.
[2m[WebServer] [22mThe emitted file "chunks/description54.js.br" overwrites a previously emitted file of the same name.
[2m[WebServer] [22mThe emitted file "chunks/description51.js.br" overwrites a previously emitted file of the same name.
[2m[WebServer] [22mThe emitted file "chunks/index.js.br" overwrites a previously emitted file of the same name.
[2m[WebServer] [22mThe emitted file "chunks/description58.js.br" overwrites a previously emitted file of the same name.
[2m[WebServer] [22mThe emitted file "chunks/description56.js.br" overwrites a previously emitted file of the same name.
[2m[WebServer] [22mThe emitted file "chunks/description60.js.br" overwrites a previously emitted file of the same name.
[2m[WebServer] [22mThe emitted file "chunks/description57.js.br" overwrites a previously emitted file of the same name.
[2m[WebServer] [22mThe emitted file "chunks/description62.js.br" overwrites a previously emitted file of the same name.
[2m[WebServer] [22mThe emitted file "chunks/description59.js.br" overwrites a previously emitted file of the same name.
[2m[WebServer] [22mThe emitted file "chunks/description63.js.br" overwrites a previously emitted file of the same name.
[2m[WebServer] [22mThe emitted file "chunks/description64.js.br" overwrites a previously emitted file of the same name.
[2m[WebServer] [22mThe emitted file "chunks/description65.js.br" overwrites a previously emitted file of the same name.
[2m[WebServer] [22mThe emitted file "chunks/description61.js.br" overwrites a previously emitted file of the same name.
[2m[WebServer] [22mThe emitted file "chunks/description66.js.br" overwrites a previously emitted file of the same name.
[2m[WebServer] [22mThe emitted file "chunks/description70.js.br" overwrites a previously emitted file of the same name.
[2m[WebServer] [22mThe emitted file "chunks/description69.js.br" overwrites a previously emitted file of the same name.
[2m[WebServer] [22mThe emitted file "chunks/description67.js.br" overwrites a previously emitted file of the same name.
[2m[WebServer] [22mThe emitted file "chunks/description68.js.br" overwrites a previously emitted file of the same name.
[2m[WebServer] [22mThe emitted file "chunks/description71.js.br" overwrites a previously emitted file of the same name.
[2m[WebServer] [22mThe emitted file "chunks/description72.js.br" overwrites a previously emitted file of the same name.
[2m[WebServer] [22mThe emitted file "chunks/description73.js.br" overwrites a previously emitted file of the same name.
[2m[WebServer] [22mThe emitted file "chunks/description74.js.br" overwrites a previously emitted file of the same name.
[2m[WebServer] [22mThe emitted file "chunks/description76.js.br" overwrites a previously emitted file of the same name.
[2m[WebServer] [22mThe emitted file "chunks/description77.js.br" overwrites a previously emitted file of the same name.
[2m[WebServer] [22mThe emitted file "chunks/test_pulse_counter.js.br" overwrites a previously emitted file of the same name.
[2m[WebServer] [22mThe emitted file "chunks/description78.js.br" overwrites a previously emitted file of the same name.
[2m[WebServer] [22mThe emitted file "chunks/test_reg_en.js.br" overwrites a previously emitted file of the same name.
[2m[WebServer] [22mThe emitted file "chunks/test_adder.js.br" overwrites a previously emitted file of the same name.
[2m[WebServer] [22mThe emitted file "chunks/priority_enc.js.br" overwrites a previously emitted file of the same name.
[2m[WebServer] [22mThe emitted file "chunks/priority_enc_tb.js.br" overwrites a previously emitted file of the same name.
[2m[WebServer] [22mThe emitted file "chunks/adder_tb.js.br" overwrites a previously emitted file of the same name.
[2m[WebServer] [22mThe emitted file "chunks/sram_core.js.br" overwrites a previously emitted file of the same name.
[2m[WebServer] [22mThe emitted file "chunks/lowering.js.br" overwrites a previously emitted file of the same name.
[2m[WebServer] [22mThe emitted file "chunks/sram_core_tb.js.br" overwrites a previously emitted file of the same name.
[2m[WebServer] [22mThe emitted file "chunks/lowering_tb.js.br" overwrites a previously emitted file of the same name.
[2m[WebServer] [22mThe emitted file "chunks/tb4.js.br" overwrites a previously emitted file of the same name.
[2m[WebServer] [22mThe emitted file "chunks/description75.js.br" overwrites a previously emitted file of the same name.
[2m[WebServer] [22mThe emitted file "chunks/mem_item.js.br" overwrites a previously emitted file of the same name.
[2m[WebServer] [22mThe emitted file "chunks/sram_core2.js.br" overwrites a previously emitted file of the same name.
[2m[WebServer] [22mThe emitted file "chunks/tb5.js.br" overwrites a previously emitted file of the same name.
[2m[WebServer] [22mThe emitted file "chunks/tb6.js.gz" overwrites a previously emitted file of the same name.
[2m[WebServer] [22mThe emitted file "chunks/event_sync.js.gz" overwrites a previously emitted file of the same name.
[2m[WebServer] [22mThe emitted file "chunks/concurrent.js.gz" overwrites a previously emitted file of the same name.
[2m[WebServer] [22mThe emitted file "chunks/mem_ctrl.js.gz" overwrites a previously emitted file of the same name.
[2m[WebServer] [22mThe emitted file "chunks/tb7.js.gz" overwrites a previously emitted file of the same name.
[2m[WebServer] [22mThe emitted file "chunks/tb12.js.gz" overwrites a previously emitted file of the same name.
[2m[WebServer] [22mThe emitted file "chunks/data_types.js.br" overwrites a previously emitted file of the same name.
[2m[WebServer] [22mThe emitted file "chunks/addr_buf.js.gz" overwrites a previously emitted file of the same name.
[2m[WebServer] [22mThe emitted file "chunks/framework-vendor.js.gz" overwrites a previously emitted file of the same name.
[2m[WebServer] [22mThe emitted file "chunks/rand_txn.js.gz" overwrites a previously emitted file of the same name.
[2m[WebServer] [22mThe emitted file "chunks/tb13.js.gz" overwrites a previously emitted file of the same name.
[2m[WebServer] [22mThe emitted file "chunks/top2.js.gz" overwrites a previously emitted file of the same name.
[2m[WebServer] [22mThe emitted file "chunks/tb14.js.gz" overwrites a previously emitted file of the same name.
[2m[WebServer] [22mThe emitted file "chunks/lock_check.js.gz" overwrites a previously emitted file of the same name.
[2m[WebServer] [22mThe emitted file "chunks/sram_check.js.gz" overwrites a previously emitted file of the same name.
[2m[WebServer] [22mThe emitted file "chunks/mem_test.js.gz" overwrites a previously emitted file of the same name.
[2m[WebServer] [22mThe emitted file "chunks/mem_scoreboard.js.gz" overwrites a previously emitted file of the same name.
[2m[WebServer] [22mThe emitted file "chunks/mem_scoreboard2.js.gz" overwrites a previously emitted file of the same name.
[2m[WebServer] [22mThe emitted file "chunks/mem_coverage3.js.gz" overwrites a previously emitted file of the same name.
[2m[WebServer] [22mThe emitted file "chunks/mem_scoreboard3.js.gz" overwrites a previously emitted file of the same name.
[2m[WebServer] [22mThe emitted file "chunks/mem_seq3.js.gz" overwrites a previously emitted file of the same name.
[2m[WebServer] [22mThe emitted file "chunks/mem_driver4.js.gz" overwrites a previously emitted file of the same name.
[2m[WebServer] [22mThe emitted file "chunks/tb_top5.js.gz" overwrites a previously emitted file of the same name.
[2m[WebServer] [22mThe emitted file "chunks/mem_scoreboard4.js.gz" overwrites a previously emitted file of the same name.
[2m[WebServer] [22mThe emitted file "chunks/mem_test_corner.js.gz" overwrites a previously emitted file of the same name.
[2m[WebServer] [22mThe emitted file "chunks/mem_scoreboard5.js.gz" overwrites a previously emitted file of the same name.
[2m[WebServer] [22mThe emitted file "chunks/tb_top8.js.gz" overwrites a previously emitted file of the same name.
[2m[WebServer] [22mThe emitted file "chunks/sram_reg_block.js.gz" overwrites a previously emitted file of the same name.
[2m[WebServer] [22mThe emitted file "chunks/tb_top11.js.gz" overwrites a previously emitted file of the same name.
[2m[WebServer] [22mThe emitted file "chunks/tb_top12.js.gz" overwrites a previously emitted file of the same name.
[2m[WebServer] [22mThe emitted file "chunks/sram_core.sol.js.gz" overwrites a previously emitted file of the same name.
[2m[WebServer] [22mThe emitted file "chunks/data_types.sol.js.gz" overwrites a previously emitted file of the same name.
[2m[WebServer] [22mThe emitted file "chunks/mem_ctrl.sol.js.gz" overwrites a previously emitted file of the same name.
[2m[WebServer] [22mThe emitted file "chunks/tb.sol.js.gz" overwrites a previously emitted file of the same name.
[2m[WebServer] [22mThe emitted file "chunks/mem_test.sol.js.gz" overwrites a previously emitted file of the same name.
[2m[WebServer] [22mThe emitted file "chunks/mem_coverage.sol2.js.gz" overwrites a previously emitted file of the same name.
[2m[WebServer] [22mThe emitted file "chunks/mem_test_corner.sol.js.gz" overwrites a previously emitted file of the same name.
[2m[WebServer] [22mThe emitted file "chunks/mem_scoreboard.sol.js.gz" overwrites a previously emitted file of the same name.
[2m[WebServer] [22mThe emitted file "chunks/tb6.js.br" overwrites a previously emitted file of the same name.
[2m[WebServer] [22mThe emitted file "chunks/mem_ctrl.js.br" overwrites a previously emitted file of the same name.
[2m[WebServer] [22mThe emitted file "chunks/concurrent.js.br" overwrites a previously emitted file of the same name.
[2m[WebServer] [22mThe emitted file "chunks/event_sync.js.br" overwrites a previously emitted file of the same name.
[2m[WebServer] [22mThe emitted file "_app/immutable/assets/_layout.pyACZoIW.css.gz" overwrites a previously emitted file of the same name.
[2m[WebServer] [22mThe emitted file "chunks/tb7.js.br" overwrites a previously emitted file of the same name.
[2m[WebServer] [22mThe emitted file "chunks/tb12.js.br" overwrites a previously emitted file of the same name.
[2m[WebServer] [22mThe emitted file "chunks/addr_buf.js.br" overwrites a previously emitted file of the same name.
[2m[WebServer] [22mThe emitted file "chunks/tb13.js.br" overwrites a previously emitted file of the same name.
[2m[WebServer] [22mThe emitted file "chunks/rand_txn.js.br" overwrites a previously emitted file of the same name.
[2m[WebServer] [22mThe emitted file "chunks/top2.js.br" overwrites a previously emitted file of the same name.
[2m[WebServer] [22mThe emitted file "chunks/tb14.js.br" overwrites a previously emitted file of the same name.
[2m[WebServer] [22mThe emitted file "chunks/lock_check.js.br" overwrites a previously emitted file of the same name.
[2m[WebServer] [22mThe emitted file "chunks/sram_check.js.br" overwrites a previously emitted file of the same name.
[2m[WebServer] [22mThe emitted file "chunks/mem_scoreboard.js.br" overwrites a previously emitted file of the same name.
[2m[WebServer] [22mThe emitted file "chunks/mem_scoreboard2.js.br" overwrites a previously emitted file of the same name.
[2m[WebServer] [22mThe emitted file "chunks/mem_test.js.br" overwrites a previously emitted file of the same name.
[2m[WebServer] [22mThe emitted file "chunks/mem_coverage3.js.br" overwrites a previously emitted file of the same name.
[2m[WebServer] [22mThe emitted file "chunks/mem_scoreboard3.js.br" overwrites a previously emitted file of the same name.
[2m[WebServer] [22mThe emitted file "chunks/mem_seq3.js.br" overwrites a previously emitted file of the same name.
[2m[WebServer] [22mThe emitted file "chunks/mem_driver4.js.br" overwrites a previously emitted file of the same name.
[2m[WebServer] [22mThe emitted file "chunks/tb_top5.js.br" overwrites a previously emitted file of the same name.
[2m[WebServer] [22mThe emitted file "chunks/mem_scoreboard4.js.br" overwrites a previously emitted file of the same name.
[2m[WebServer] [22mThe emitted file "chunks/mem_test_corner.js.br" overwrites a previously emitted file of the same name.
[2m[WebServer] [22mThe emitted file "chunks/mem_scoreboard5.js.br" overwrites a previously emitted file of the same name.
[2m[WebServer] [22mThe emitted file "chunks/tb_top8.js.br" overwrites a previously emitted file of the same name.
[2m[WebServer] [22mThe emitted file "chunks/sram_reg_block.js.br" overwrites a previously emitted file of the same name.
[2m[WebServer] [22mThe emitted file "chunks/tb_top12.js.br" overwrites a previously emitted file of the same name.
[2m[WebServer] [22mThe emitted file "chunks/tb_top11.js.br" overwrites a previously emitted file of the same name.
[2m[WebServer] [22mThe emitted file "chunks/sram_core.sol.js.br" overwrites a previously emitted file of the same name.
[2m[WebServer] [22mThe emitted file "chunks/data_types.sol.js.br" overwrites a previously emitted file of the same name.
[2m[WebServer] [22mThe emitted file "chunks/mem_ctrl.sol.js.br" overwrites a previously emitted file of the same name.
[2m[WebServer] [22mThe emitted file "chunks/tb.sol.js.br" overwrites a previously emitted file of the same name.
[2m[WebServer] [22mThe emitted file "chunks/mem_coverage.sol2.js.br" overwrites a previously emitted file of the same name.
[2m[WebServer] [22mThe emitted file "chunks/mem_test.sol.js.br" overwrites a previously emitted file of the same name.
[2m[WebServer] [22mThe emitted file "chunks/mem_test_corner.sol.js.br" overwrites a previously emitted file of the same name.
[2m[WebServer] [22mThe emitted file "chunks/mem_scoreboard.sol.js.br" overwrites a previously emitted file of the same name.
[2m[WebServer] [22mThe emitted file "z3/z3-built.js.gz" overwrites a previously emitted file of the same name.
[2m[WebServer] [22mThe emitted file "_app/immutable/assets/_layout.pyACZoIW.css.br" overwrites a previously emitted file of the same name.
[2m[WebServer] [22mThe emitted file "chunks/framework-vendor.js.br" overwrites a previously emitted file of the same name.
[2m[WebServer] [22mThe emitted file "z3/z3-built.js.br" overwrites a previously emitted file of the same name.
[2m[WebServer] [22m(node:2838188) Warning: The 'NO_COLOR' env is ignored due to the 'FORCE_COLOR' env being set.
[2m[WebServer] [22m(Use `node --trace-warnings ...` to show where the warning was created)
[2m[WebServer] [22m11:04:35 AM [vite-plugin-svelte] src/routes/lesson/[part]/[name]/+page.svelte:565:10 `<div>` with a click handler must have an ARIA role
[2m[WebServer] [22mhttps://svelte.dev/e/a11y_no_static_element_interactions
[2m[WebServer] [22m563:         {#if showOptions}
[2m[WebServer] [22m564:           <!-- svelte-ignore a11y_click_events_have_key_events a11y_no_static_element_interactions -->
[2m[WebServer] [22m565:           <div class="fixed inset-0 z-40" onclick={() => (showOptions = false)}></div>
[2m[WebServer] [22m                                                                                           ^
[2m[WebServer] [22m566:           <div class="absolute right-0 top-[calc(100%+0.4rem)] z-50 bg-surface border border-border rounded-[12px] shadow-app p-2 flex flex-col min-w-[160px]">
[2m[WebServer] [22m567:             {#if hasSolution}
[2m[WebServer] [22m11:04:35 AM [vite-plugin-svelte] src/routes/lesson/[part]/[name]/+page.svelte:876:2 `<div>` with a click handler must have an ARIA role
[2m[WebServer] [22mhttps://svelte.dev/e/a11y_no_static_element_interactions
[2m[WebServer] [22m874: {#if showCopyModal}
[2m[WebServer] [22m875:   <!-- svelte-ignore a11y_click_events_have_key_events a11y_no_static_element_interactions -->
[2m[WebServer] [22m876:   <div class="fixed inset-0 bg-black/50 flex items-center justify-center z-50"
[2m[WebServer] [22m             ^
[2m[WebServer] [22m877:        onclick={(e) => e.target === e.currentTarget && onCopyModalOk()}>
[2m[WebServer] [22m878:     <div role="dialog" aria-modal="true" aria-labelledby="copy-modal-title"
[2m[WebServer] [22m11:04:35 AM [vite-plugin-svelte] src/routes/lesson/[part]/[name]/+page.svelte:878:4 Elements with the 'dialog' interactive role must have a tabindex value
[2m[WebServer] [22mhttps://svelte.dev/e/a11y_interactive_supports_focus
[2m[WebServer] [22m876:   <div class="fixed inset-0 bg-black/50 flex items-center justify-center z-50"
[2m[WebServer] [22m877:        onclick={(e) => e.target === e.currentTarget && onCopyModalOk()}>
[2m[WebServer] [22m878:     <div role="dialog" aria-modal="true" aria-labelledby="copy-modal-title"
[2m[WebServer] [22m               ^
[2m[WebServer] [22m879:          onkeydown={onCopyModalKeydown}
[2m[WebServer] [22m880:          class="bg-surface rounded-[14px] shadow-xl p-8 max-w-[440px] mx-4 flex flex-col gap-4 border border-border">
[2m[WebServer] [22m11:04:35 AM [vite-plugin-svelte] src/routes/lesson/[part]/[name]/+page.svelte:891:8 Avoid using autofocus
[2m[WebServer] [22mhttps://svelte.dev/e/a11y_autofocus
[2m[WebServer] [22m889:       </label>
[2m[WebServer] [22m890:       <button
[2m[WebServer] [22m891:         autofocus
[2m[WebServer] [22m                      ^
[2m[WebServer] [22m892:         onclick={onCopyModalOk}
[2m[WebServer] [22m893:         class="self-start px-6 py-[0.45rem] bg-teal text-white rounded-[8px] font-medium text-[0.9rem] hover:opacity-90 transition-opacity"
[2m[WebServer] [22mThe emitted file "_app/immutable/chunks/Ct5FWWRu.js.gz" overwrites a previously emitted file of the same name.
[2m[WebServer] [22mThe emitted file "_app/immutable/chunks/ZbvBbQ3O.js.gz" overwrites a previously emitted file of the same name.
[2m[WebServer] [22mThe emitted file "_app/immutable/chunks/BTilRXZg.js.gz" overwrites a previously emitted file of the same name.
[2m[WebServer] [22mThe emitted file "_app/immutable/chunks/BvSt-6Mz.js.gz" overwrites a previously emitted file of the same name.
[2m[WebServer] [22mThe emitted file "_app/immutable/chunks/DUbITrbG.js.gz" overwrites a previously emitted file of the same name.
[2m[WebServer] [22mThe emitted file "_app/immutable/chunks/DOdMThWa.js.gz" overwrites a previously emitted file of the same name.
[2m[WebServer] [22mThe emitted file "_app/immutable/assets/0.pyACZoIW.css.gz" overwrites a previously emitted file of the same name.
[2m[WebServer] [22mThe emitted file "_app/immutable/chunks/BOY5xtYv.js.gz" overwrites a previously emitted file of the same name.
[2m[WebServer] [22mThe emitted file "_app/immutable/chunks/DpDI9UhS.js.gz" overwrites a previously emitted file of the same name.
[2m[WebServer] [22mThe emitted file "_app/immutable/chunks/NnL-VVZl.js.gz" overwrites a previously emitted file of the same name.
[2m[WebServer] [22mThe emitted file "_app/immutable/chunks/DG0B7RDJ.js.gz" overwrites a previously emitted file of the same name.
[2m[WebServer] [22mThe emitted file "_app/immutable/chunks/BxM6mpEs.js.gz" overwrites a previously emitted file of the same name.
[2m[WebServer] [22mThe emitted file "_app/immutable/chunks/C7I5d7xM.js.gz" overwrites a previously emitted file of the same name.
[2m[WebServer] [22mThe emitted file "_app/immutable/chunks/C8A-isPA.js.gz" overwrites a previously emitted file of the same name.
[2m[WebServer] [22mThe emitted file "_app/immutable/chunks/B0GARutp.js.gz" overwrites a previously emitted file of the same name.
[2m[WebServer] [22mThe emitted file "_app/immutable/chunks/0nuWd-tj.js.gz" overwrites a previously emitted file of the same name.
[2m[WebServer] [22mThe emitted file "_app/immutable/chunks/CCCbPsjI.js.gz" overwrites a previously emitted file of the same name.
[2m[WebServer] [22mThe emitted file "_app/immutable/chunks/CpZmIYs7.js.gz" overwrites a previously emitted file of the same name.
[2m[WebServer] [22mThe emitted file "_app/immutable/chunks/DAw9e1Ef.js.gz" overwrites a previously emitted file of the same name.
[2m[WebServer] [22mThe emitted file "_app/immutable/chunks/ETCOPTPi.js.gz" overwrites a previously emitted file of the same name.
[2m[WebServer] [22mThe emitted file "_app/immutable/chunks/C3uHNFVB.js.gz" overwrites a previously emitted file of the same name.
[2m[WebServer] [22mThe emitted file "_app/immutable/chunks/D_RaWvT9.js.gz" overwrites a previously emitted file of the same name.
[2m[WebServer] [22mThe emitted file "_app/immutable/chunks/Do8kS4Ss.js.gz" overwrites a previously emitted file of the same name.
[2m[WebServer] [22mThe emitted file "_app/immutable/chunks/BzRd9zu8.js.gz" overwrites a previously emitted file of the same name.
[2m[WebServer] [22mThe emitted file "_app/immutable/chunks/BeVVrCG2.js.gz" overwrites a previously emitted file of the same name.
[2m[WebServer] [22mThe emitted file "_app/immutable/chunks/ChUK8phx.js.gz" overwrites a previously emitted file of the same name.
[2m[WebServer] [22mThe emitted file "_app/immutable/chunks/5xUgoJn8.js.gz" overwrites a previously emitted file of the same name.
[2m[WebServer] [22mThe emitted file "_app/immutable/chunks/y46UC8Pn.js.gz" overwrites a previously emitted file of the same name.
[2m[WebServer] [22mThe emitted file "_app/immutable/chunks/BM-IpmjI.js.gz" overwrites a previously emitted file of the same name.
[2m[WebServer] [22mThe emitted file "_app/immutable/chunks/DSvT7YWx.js.gz" overwrites a previously emitted file of the same name.
[2m[WebServer] [22mThe emitted file "_app/immutable/chunks/C_HfVgGI.js.gz" overwrites a previously emitted file of the same name.
[2m[WebServer] [22mThe emitted file "_app/immutable/chunks/2dxtCG1l.js.gz" overwrites a previously emitted file of the same name.
[2m[WebServer] [22mThe emitted file "_app/immutable/chunks/BnznF27I.js.gz" overwrites a previously emitted file of the same name.
[2m[WebServer] [22mThe emitted file "_app/immutable/chunks/D062ba13.js.gz" overwrites a previously emitted file of the same name.
[2m[WebServer] [22mThe emitted file "_app/immutable/chunks/BmemkIm3.js.gz" overwrites a previously emitted file of the same name.
[2m[WebServer] [22mThe emitted file "_app/immutable/chunks/Cc-PZjy_.js.gz" overwrites a previously emitted file of the same name.
[2m[WebServer] [22mThe emitted file "_app/immutable/chunks/z8UcepSS.js.gz" overwrites a previously emitted file of the same name.
[2m[WebServer] [22mThe emitted file "_app/immutable/chunks/D_NJHkLG.js.gz" overwrites a previously emitted file of the same name.
[2m[WebServer] [22mThe emitted file "_app/immutable/chunks/CzKh0rW_.js.gz" overwrites a previously emitted file of the same name.
[2m[WebServer] [22mThe emitted file "_app/immutable/chunks/C0JRc_15.js.gz" overwrites a previously emitted file of the same name.
[2m[WebServer] [22mThe emitted file "_app/immutable/chunks/N3Ue16fn.js.gz" overwrites a previously emitted file of the same name.
[2m[WebServer] [22mThe emitted file "_app/immutable/chunks/Cqy_Hq0G.js.gz" overwrites a previously emitted file of the same name.
[2m[WebServer] [22mThe emitted file "_app/immutable/chunks/BSTtdMK2.js.gz" overwrites a previously emitted file of the same name.
[2m[WebServer] [22mThe emitted file "_app/immutable/chunks/aVPsx8Kb.js.gz" overwrites a previously emitted file of the same name.
[2m[WebServer] [22mThe emitted file "_app/immutable/chunks/0yqCNIFd.js.gz" overwrites a previously emitted file of the same name.
[2m[WebServer] [22mThe emitted file "_app/immutable/chunks/Bp_p3hTn.js.gz" overwrites a previously emitted file of the same name.
[2m[WebServer] [22mThe emitted file "_app/immutable/chunks/DC9AJd22.js.gz" overwrites a previously emitted file of the same name.
[2m[WebServer] [22mThe emitted file "_app/immutable/chunks/Xch_uE25.js.gz" overwrites a previously emitted file of the same name.
[2m[WebServer] [22mThe emitted file "_app/immutable/chunks/D6OnJblV.js.gz" overwrites a previously emitted file of the same name.
[2m[WebServer] [22mThe emitted file "_app/immutable/chunks/3acQ_sZZ.js.gz" overwrites a previously emitted file of the same name.
[2m[WebServer] [22mThe emitted file "_app/immutable/chunks/DOidMT9d.js.gz" overwrites a previously emitted file of the same name.
[2m[WebServer] [22mThe emitted file "_app/immutable/chunks/DGJPWKgv.js.gz" overwrites a previously emitted file of the same name.
[2m[WebServer] [22mThe emitted file "_app/immutable/chunks/DeA2s-Py.js.gz" overwrites a previously emitted file of the same name.
[2m[WebServer] [22mThe emitted file "_app/immutable/chunks/DuXdy0Pu.js.gz" overwrites a previously emitted file of the same name.
[2m[WebServer] [22mThe emitted file "_app/immutable/chunks/CoKxt7TO.js.gz" overwrites a previously emitted file of the same name.
[2m[WebServer] [22mThe emitted file "_app/immutable/chunks/VXnp_5-S.js.gz" overwrites a previously emitted file of the same name.
[2m[WebServer] [22mThe emitted file "_app/immutable/chunks/BwxR0fli.js.gz" overwrites a previously emitted file of the same name.
[2m[WebServer] [22mThe emitted file "_app/immutable/chunks/CeUx2xKr.js.gz" overwrites a previously emitted file of the same name.
[2m[WebServer] [22mThe emitted file "_app/immutable/chunks/9HIlToB-.js.gz" overwrites a previously emitted file of the same name.
[2m[WebServer] [22mThe emitted file "_app/immutable/chunks/B9oC8oC1.js.gz" overwrites a previously emitted file of the same name.
[2m[WebServer] [22mThe emitted file "_app/immutable/chunks/vxNyBt8e.js.gz" overwrites a previously emitted file of the same name.
[2m[WebServer] [22mThe emitted file "_app/immutable/chunks/BVmminh2.js.gz" overwrites a previously emitted file of the same name.
[2m[WebServer] [22mThe emitted file "_app/immutable/chunks/Dtsriyy2.js.gz" overwrites a previously emitted file of the same name.
[2m[WebServer] [22mThe emitted file "_app/immutable/chunks/raTojPQc.js.gz" overwrites a previously emitted file of the same name.
[2m[WebServer] [22mThe emitted file "_app/immutable/chunks/Borf_y8H.js.gz" overwrites a previously emitted file of the same name.
[2m[WebServer] [22mThe emitted file "_app/immutable/chunks/BtHVzm4f.js.gz" overwrites a previously emitted file of the same name.
[2m[WebServer] [22mThe emitted file "_app/immutable/chunks/BJq9eqgV.js.gz" overwrites a previously emitted file of the same name.
[2m[WebServer] [22mThe emitted file "_app/immutable/chunks/BuaxE4DJ.js.gz" overwrites a previously emitted file of the same name.
[2m[WebServer] [22mThe emitted file "_app/immutable/chunks/B9gDX6R0.js.gz" overwrites a previously emitted file of the same name.
[2m[WebServer] [22mThe emitted file "_app/immutable/chunks/Dg93K7eF.js.gz" overwrites a previously emitted file of the same name.
[2m[WebServer] [22mThe emitted file "_app/immutable/chunks/DW00mYjE.js.gz" overwrites a previously emitted file of the same name.
[2m[WebServer] [22mThe emitted file "_app/immutable/chunks/BOyf7KCJ.js.gz" overwrites a previously emitted file of the same name.
[2m[WebServer] [22mThe emitted file "_app/immutable/chunks/q3_tuMQ0.js.gz" overwrites a previously emitted file of the same name.
[2m[WebServer] [22mThe emitted file "_app/immutable/chunks/DOKwNxAc.js.gz" overwrites a previously emitted file of the same name.
[2m[WebServer] [22mThe emitted file "_app/immutable/chunks/_lklEm0r.js.gz" overwrites a previously emitted file of the same name.
[2m[WebServer] [22mThe emitted file "_app/immutable/chunks/BWwFGwmR.js.gz" overwrites a previously emitted file of the same name.
[2m[WebServer] [22mThe emitted file "_app/immutable/chunks/CHSvqkR4.js.gz" overwrites a previously emitted file of the same name.
[2m[WebServer] [22mThe emitted file "_app/immutable/chunks/rTwWcpVh.js.gz" overwrites a previously emitted file of the same name.
[2m[WebServer] [22mThe emitted file "_app/immutable/chunks/CkC2rtOD.js.gz" overwrites a previously emitted file of the same name.
[2m[WebServer] [22mThe emitted file "_app/immutable/chunks/tzjMPNbo.js.gz" overwrites a previously emitted file of the same name.
[2m[WebServer] [22mThe emitted file "_app/immutable/chunks/CbC4yHhW.js.gz" overwrites a previously emitted file of the same name.
[2m[WebServer] [22mThe emitted file "_app/immutable/chunks/nOWm4ZCj.js.gz" overwrites a previously emitted file of the same name.
[2m[WebServer] [22mThe emitted file "_app/immutable/chunks/BEaHGMdo.js.gz" overwrites a previously emitted file of the same name.
[2m[WebServer] [22mThe emitted file "_app/immutable/chunks/DDG0WkFX.js.gz" overwrites a previously emitted file of the same name.
[2m[WebServer] [22mThe emitted file "_app/immutable/chunks/wvZzq013.js.gz" overwrites a previously emitted file of the same name.
[2m[WebServer] [22mThe emitted file "_app/immutable/chunks/CVaoG6Mm.js.gz" overwrites a previously emitted file of the same name.
[2m[WebServer] [22mThe emitted file "_app/immutable/chunks/C2StIgra.js.gz" overwrites a previously emitted file of the same name.
[2m[WebServer] [22mThe emitted file "_app/immutable/chunks/aSQN9eSz.js.gz" overwrites a previously emitted file of the same name.
[2m[WebServer] [22mThe emitted file "_app/immutable/chunks/CNW6smPz.js.gz" overwrites a previously emitted file of the same name.
[2m[WebServer] [22mThe emitted file "_app/immutable/chunks/ospm93Nu.js.gz" overwrites a previously emitted file of the same name.
[2m[WebServer] [22mThe emitted file "_app/immutable/chunks/BOVawGtj.js.gz" overwrites a previously emitted file of the same name.
[2m[WebServer] [22mThe emitted file "_app/immutable/chunks/BD0QGgTT.js.gz" overwrites a previously emitted file of the same name.
[2m[WebServer] [22mThe emitted file "_app/immutable/chunks/DKCg7aIG.js.gz" overwrites a previously emitted file of the same name.
[2m[WebServer] [22mThe emitted file "_app/immutable/chunks/BvSt-6Mz.js.br" overwrites a previously emitted file of the same name.
[2m[WebServer] [22mThe emitted file "_app/immutable/chunks/ZbvBbQ3O.js.br" overwrites a previously emitted file of the same name.
[2m[WebServer] [22mThe emitted file "_app/immutable/chunks/BTilRXZg.js.br" overwrites a previously emitted file of the same name.
[2m[WebServer] [22mThe emitted file "_app/immutable/chunks/Ct5FWWRu.js.br" overwrites a previously emitted file of the same name.
[2m[WebServer] [22mThe emitted file "_app/immutable/chunks/DUbITrbG.js.br" overwrites a previously emitted file of the same name.
[2m[WebServer] [22mThe emitted file "_app/immutable/chunks/DOdMThWa.js.br" overwrites a previously emitted file of the same name.
[2m[WebServer] [22mThe emitted file "_app/immutable/chunks/BOY5xtYv.js.br" overwrites a previously emitted file of the same name.
[2m[WebServer] [22mThe emitted file "_app/immutable/chunks/NnL-VVZl.js.br" overwrites a previously emitted file of the same name.
[2m[WebServer] [22mThe emitted file "_app/immutable/chunks/DpDI9UhS.js.br" overwrites a previously emitted file of the same name.
[2m[WebServer] [22mThe emitted file "_app/immutable/chunks/DG0B7RDJ.js.br" overwrites a previously emitted file of the same name.
[2m[WebServer] [22mThe emitted file "_app/immutable/chunks/BxM6mpEs.js.br" overwrites a previously emitted file of the same name.
[2m[WebServer] [22mThe emitted file "_app/immutable/chunks/B0GARutp.js.br" overwrites a previously emitted file of the same name.
[2m[WebServer] [22mThe emitted file "_app/immutable/chunks/C7I5d7xM.js.br" overwrites a previously emitted file of the same name.
[2m[WebServer] [22mThe emitted file "_app/immutable/chunks/C8A-isPA.js.br" overwrites a previously emitted file of the same name.
[2m[WebServer] [22mThe emitted file "_app/immutable/chunks/0nuWd-tj.js.br" overwrites a previously emitted file of the same name.
[2m[WebServer] [22mThe emitted file "_app/immutable/chunks/CpZmIYs7.js.br" overwrites a previously emitted file of the same name.
[2m[WebServer] [22mThe emitted file "_app/immutable/chunks/DAw9e1Ef.js.br" overwrites a previously emitted file of the same name.
[2m[WebServer] [22mThe emitted file "_app/immutable/chunks/ETCOPTPi.js.br" overwrites a previously emitted file of the same name.
[2m[WebServer] [22mThe emitted file "_app/immutable/chunks/CCCbPsjI.js.br" overwrites a previously emitted file of the same name.
[2m[WebServer] [22mThe emitted file "_app/immutable/chunks/C3uHNFVB.js.br" overwrites a previously emitted file of the same name.
[2m[WebServer] [22mThe emitted file "_app/immutable/chunks/D_RaWvT9.js.br" overwrites a previously emitted file of the same name.
[2m[WebServer] [22mThe emitted file "_app/immutable/chunks/BzRd9zu8.js.br" overwrites a previously emitted file of the same name.
[2m[WebServer] [22mThe emitted file "_app/immutable/chunks/Do8kS4Ss.js.br" overwrites a previously emitted file of the same name.
[2m[WebServer] [22mThe emitted file "_app/immutable/chunks/ChUK8phx.js.br" overwrites a previously emitted file of the same name.
[2m[WebServer] [22mThe emitted file "_app/immutable/chunks/BeVVrCG2.js.br" overwrites a previously emitted file of the same name.
[2m[WebServer] [22mThe emitted file "_app/immutable/chunks/5xUgoJn8.js.br" overwrites a previously emitted file of the same name.
[2m[WebServer] [22mThe emitted file "_app/immutable/chunks/y46UC8Pn.js.br" overwrites a previously emitted file of the same name.
[2m[WebServer] [22mThe emitted file "_app/immutable/chunks/BM-IpmjI.js.br" overwrites a previously emitted file of the same name.
[2m[WebServer] [22mThe emitted file "_app/immutable/chunks/2dxtCG1l.js.br" overwrites a previously emitted file of the same name.
[2m[WebServer] [22mThe emitted file "_app/immutable/chunks/DSvT7YWx.js.br" overwrites a previously emitted file of the same name.
[2m[WebServer] [22mThe emitted file "_app/immutable/chunks/BnznF27I.js.br" overwrites a previously emitted file of the same name.
[2m[WebServer] [22mThe emitted file "_app/immutable/chunks/C_HfVgGI.js.br" overwrites a previously emitted file of the same name.
[2m[WebServer] [22mThe emitted file "_app/immutable/chunks/D062ba13.js.br" overwrites a previously emitted file of the same name.
[2m[WebServer] [22mThe emitted file "_app/immutable/chunks/BmemkIm3.js.br" overwrites a previously emitted file of the same name.
[2m[WebServer] [22mThe emitted file "_app/immutable/chunks/D_NJHkLG.js.br" overwrites a previously emitted file of the same name.
[2m[WebServer] [22mThe emitted file "_app/immutable/chunks/z8UcepSS.js.br" overwrites a previously emitted file of the same name.
[2m[WebServer] [22mThe emitted file "_app/immutable/chunks/CzKh0rW_.js.br" overwrites a previously emitted file of the same name.
[2m[WebServer] [22mThe emitted file "_app/immutable/chunks/Cc-PZjy_.js.br" overwrites a previously emitted file of the same name.
[2m[WebServer] [22mThe emitted file "_app/immutable/assets/0.pyACZoIW.css.br" overwrites a previously emitted file of the same name.
[2m[WebServer] [22mThe emitted file "_app/immutable/chunks/N3Ue16fn.js.br" overwrites a previously emitted file of the same name.
[2m[WebServer] [22mThe emitted file "_app/immutable/chunks/C0JRc_15.js.br" overwrites a previously emitted file of the same name.
[2m[WebServer] [22mThe emitted file "_app/immutable/chunks/Cqy_Hq0G.js.br" overwrites a previously emitted file of the same name.
[2m[WebServer] [22mThe emitted file "_app/immutable/chunks/aVPsx8Kb.js.br" overwrites a previously emitted file of the same name.
[2m[WebServer] [22mThe emitted file "_app/immutable/chunks/BSTtdMK2.js.br" overwrites a previously emitted file of the same name.
[2m[WebServer] [22mThe emitted file "_app/immutable/chunks/0yqCNIFd.js.br" overwrites a previously emitted file of the same name.
[2m[WebServer] [22mThe emitted file "_app/immutable/chunks/Bp_p3hTn.js.br" overwrites a previously emitted file of the same name.
[2m[WebServer] [22mThe emitted file "_app/immutable/chunks/Xch_uE25.js.br" overwrites a previously emitted file of the same name.
[2m[WebServer] [22mThe emitted file "_app/immutable/chunks/DC9AJd22.js.br" overwrites a previously emitted file of the same name.
[2m[WebServer] [22mThe emitted file "_app/immutable/chunks/D6OnJblV.js.br" overwrites a previously emitted file of the same name.
[2m[WebServer] [22mThe emitted file "_app/immutable/chunks/DGJPWKgv.js.br" overwrites a previously emitted file of the same name.
[2m[WebServer] [22mThe emitted file "_app/immutable/chunks/DOidMT9d.js.br" overwrites a previously emitted file of the same name.
[2m[WebServer] [22mThe emitted file "_app/immutable/chunks/DeA2s-Py.js.br" overwrites a previously emitted file of the same name.
[2m[WebServer] [22mThe emitted file "_app/immutable/chunks/3acQ_sZZ.js.br" overwrites a previously emitted file of the same name.
[2m[WebServer] [22mThe emitted file "_app/immutable/chunks/DuXdy0Pu.js.br" overwrites a previously emitted file of the same name.
[2m[WebServer] [22mThe emitted file "_app/immutable/chunks/CoKxt7TO.js.br" overwrites a previously emitted file of the same name.
[2m[WebServer] [22mThe emitted file "_app/immutable/chunks/BwxR0fli.js.br" overwrites a previously emitted file of the same name.
[2m[WebServer] [22mThe emitted file "_app/immutable/chunks/9HIlToB-.js.br" overwrites a previously emitted file of the same name.
[2m[WebServer] [22mThe emitted file "_app/immutable/chunks/VXnp_5-S.js.br" overwrites a previously emitted file of the same name.
[2m[WebServer] [22mThe emitted file "_app/immutable/chunks/B9oC8oC1.js.br" overwrites a previously emitted file of the same name.
[2m[WebServer] [22mThe emitted file "_app/immutable/chunks/vxNyBt8e.js.br" overwrites a previously emitted file of the same name.
[2m[WebServer] [22mThe emitted file "_app/immutable/chunks/CeUx2xKr.js.br" overwrites a previously emitted file of the same name.
[2m[WebServer] [22mThe emitted file "_app/immutable/chunks/Dtsriyy2.js.br" overwrites a previously emitted file of the same name.
[2m[WebServer] [22mThe emitted file "_app/immutable/chunks/Borf_y8H.js.br" overwrites a previously emitted file of the same name.
[2m[WebServer] [22mThe emitted file "_app/immutable/chunks/raTojPQc.js.br" overwrites a previously emitted file of the same name.
[2m[WebServer] [22mThe emitted file "_app/immutable/chunks/BVmminh2.js.br" overwrites a previously emitted file of the same name.
[2m[WebServer] [22mThe emitted file "_app/immutable/chunks/BtHVzm4f.js.br" overwrites a previously emitted file of the same name.
[2m[WebServer] [22mThe emitted file "_app/immutable/chunks/BuaxE4DJ.js.br" overwrites a previously emitted file of the same name.
[2m[WebServer] [22mThe emitted file "_app/immutable/chunks/BJq9eqgV.js.br" overwrites a previously emitted file of the same name.
[2m[WebServer] [22mThe emitted file "_app/immutable/chunks/B9gDX6R0.js.br" overwrites a previously emitted file of the same name.
[2m[WebServer] [22mThe emitted file "_app/immutable/chunks/Dg93K7eF.js.br" overwrites a previously emitted file of the same name.
[2m[WebServer] [22mThe emitted file "_app/immutable/chunks/BOyf7KCJ.js.br" overwrites a previously emitted file of the same name.
[2m[WebServer] [22mThe emitted file "_app/immutable/chunks/DW00mYjE.js.br" overwrites a previously emitted file of the same name.
[2m[WebServer] [22mThe emitted file "_app/immutable/chunks/q3_tuMQ0.js.br" overwrites a previously emitted file of the same name.
[2m[WebServer] [22mThe emitted file "_app/immutable/chunks/DOKwNxAc.js.br" overwrites a previously emitted file of the same name.
[2m[WebServer] [22mThe emitted file "_app/immutable/chunks/BWwFGwmR.js.br" overwrites a previously emitted file of the same name.
[2m[WebServer] [22mThe emitted file "_app/immutable/chunks/rTwWcpVh.js.br" overwrites a previously emitted file of the same name.
[2m[WebServer] [22mThe emitted file "_app/immutable/chunks/_lklEm0r.js.br" overwrites a previously emitted file of the same name.
[2m[WebServer] [22mThe emitted file "_app/immutable/chunks/CkC2rtOD.js.br" overwrites a previously emitted file of the same name.
[2m[WebServer] [22mThe emitted file "_app/immutable/chunks/tzjMPNbo.js.br" overwrites a previously emitted file of the same name.
[2m[WebServer] [22mThe emitted file "_app/immutable/chunks/nOWm4ZCj.js.br" overwrites a previously emitted file of the same name.
[2m[WebServer] [22mThe emitted file "_app/immutable/chunks/CbC4yHhW.js.br" overwrites a previously emitted file of the same name.
[2m[WebServer] [22mThe emitted file "_app/immutable/chunks/DDG0WkFX.js.br" overwrites a previously emitted file of the same name.
[2m[WebServer] [22mThe emitted file "_app/immutable/chunks/wvZzq013.js.br" overwrites a previously emitted file of the same name.
[2m[WebServer] [22mThe emitted file "_app/immutable/chunks/BEaHGMdo.js.br" overwrites a previously emitted file of the same name.
[2m[WebServer] [22mThe emitted file "_app/immutable/chunks/CHSvqkR4.js.br" overwrites a previously emitted file of the same name.
[2m[WebServer] [22mThe emitted file "_app/immutable/chunks/CVaoG6Mm.js.br" overwrites a previously emitted file of the same name.
[2m[WebServer] [22mThe emitted file "_app/immutable/chunks/aSQN9eSz.js.br" overwrites a previously emitted file of the same name.
[2m[WebServer] [22mThe emitted file "_app/immutable/chunks/CNW6smPz.js.br" overwrites a previously emitted file of the same name.
[2m[WebServer] [22mThe emitted file "_app/immutable/chunks/C2StIgra.js.br" overwrites a previously emitted file of the same name.
[2m[WebServer] [22mThe emitted file "_app/immutable/chunks/ospm93Nu.js.br" overwrites a previously emitted file of the same name.
[2m[WebServer] [22mThe emitted file "_app/immutable/chunks/DKCg7aIG.js.br" overwrites a previously emitted file of the same name.
[2m[WebServer] [22mThe emitted file "_app/immutable/chunks/BD0QGgTT.js.br" overwrites a previously emitted file of the same name.
[2m[WebServer] [22mThe emitted file "_app/immutable/chunks/BOVawGtj.js.br" overwrites a previously emitted file of the same name.
[2m[WebServer] [22mThe emitted file "_app/immutable/chunks/DC8bNOri.js.gz" overwrites a previously emitted file of the same name.
[2m[WebServer] [22mThe emitted file "_app/immutable/chunks/jQWh7PPI.js.gz" overwrites a previously emitted file of the same name.
[2m[WebServer] [22mThe emitted file "_app/immutable/chunks/CyuGRuj5.js.gz" overwrites a previously emitted file of the same name.
[2m[WebServer] [22mThe emitted file "_app/immutable/chunks/DvQQopnT.js.gz" overwrites a previously emitted file of the same name.
[2m[WebServer] [22mThe emitted file "_app/immutable/chunks/C9r51JyP.js.gz" overwrites a previously emitted file of the same name.
[2m[WebServer] [22mThe emitted file "_app/immutable/chunks/DXcI-s2p.js.gz" overwrites a previously emitted file of the same name.
[2m[WebServer] [22mThe emitted file "_app/immutable/chunks/B8rG7f7b.js.gz" overwrites a previously emitted file of the same name.
[2m[WebServer] [22mThe emitted file "_app/immutable/chunks/Dgz_d6Tq.js.gz" overwrites a previously emitted file of the same name.
[2m[WebServer] [22mThe emitted file "_app/immutable/chunks/syYxJxYR.js.gz" overwrites a previously emitted file of the same name.
[2m[WebServer] [22mThe emitted file "_app/immutable/chunks/HXKoXZXl.js.gz" overwrites a previously emitted file of the same name.
[2m[WebServer] [22mThe emitted file "_app/immutable/chunks/Ittc3UtS.js.gz" overwrites a previously emitted file of the same name.
[2m[WebServer] [22mThe emitted file "_app/immutable/chunks/B3lKhr2e.js.gz" overwrites a previously emitted file of the same name.
[2m[WebServer] [22mThe emitted file "_app/immutable/chunks/wCmxT7mN.js.gz" overwrites a previously emitted file of the same name.
[2m[WebServer] [22mThe emitted file "_app/immutable/chunks/BJKMLmRX.js.gz" overwrites a previously emitted file of the same name.
[2m[WebServer] [22mThe emitted file "_app/immutable/chunks/DWZl-527.js.gz" overwrites a previously emitted file of the same name.
[2m[WebServer] [22mThe emitted file "_app/immutable/chunks/CXmfRLlX.js.gz" overwrites a previously emitted file of the same name.
[2m[WebServer] [22mThe emitted file "_app/immutable/chunks/DmXFdYGK.js.gz" overwrites a previously emitted file of the same name.
[2m[WebServer] [22mThe emitted file "_app/immutable/chunks/JY777Dgl.js.gz" overwrites a previously emitted file of the same name.
[2m[WebServer] [22mThe emitted file "_app/immutable/chunks/n5PEsawt.js.gz" overwrites a previously emitted file of the same name.
[2m[WebServer] [22mThe emitted file "_app/immutable/chunks/t2zxKrX4.js.gz" overwrites a previously emitted file of the same name.
[2m[WebServer] [22mThe emitted file "_app/immutable/chunks/BDE9gFB-.js.gz" overwrites a previously emitted file of the same name.
[2m[WebServer] [22mThe emitted file "_app/immutable/chunks/BM6HY_3J.js.gz" overwrites a previously emitted file of the same name.
[2m[WebServer] [22mThe emitted file "_app/immutable/chunks/BHGSTKPH.js.gz" overwrites a previously emitted file of the same name.
[2m[WebServer] [22mThe emitted file "_app/immutable/chunks/CMjh7WxQ.js.gz" overwrites a previously emitted file of the same name.
[2m[WebServer] [22mThe emitted file "_app/immutable/chunks/HGmO3XpX.js.gz" overwrites a previously emitted file of the same name.
[2m[WebServer] [22mThe emitted file "_app/immutable/chunks/DbVMJeIJ.js.gz" overwrites a previously emitted file of the same name.
[2m[WebServer] [22mThe emitted file "_app/immutable/chunks/DXm-RA8M.js.gz" overwrites a previously emitted file of the same name.
[2m[WebServer] [22mThe emitted file "_app/immutable/chunks/CoR2O1Iz.js.gz" overwrites a previously emitted file of the same name.
[2m[WebServer] [22mThe emitted file "_app/immutable/chunks/Gf2-aJmM.js.gz" overwrites a previously emitted file of the same name.
[2m[WebServer] [22mThe emitted file "_app/immutable/chunks/Cfi-fjIU.js.gz" overwrites a previously emitted file of the same name.
[2m[WebServer] [22mThe emitted file "_app/immutable/chunks/B9W2l2EV.js.gz" overwrites a previously emitted file of the same name.
[2m[WebServer] [22mThe emitted file "_app/immutable/chunks/Cpn5qg69.js.gz" overwrites a previously emitted file of the same name.
[2m[WebServer] [22mThe emitted file "_app/immutable/chunks/CD8bcmSu.js.gz" overwrites a previously emitted file of the same name.
[2m[WebServer] [22mThe emitted file "_app/immutable/chunks/a2S2qzfI.js.gz" overwrites a previously emitted file of the same name.
[2m[WebServer] [22mThe emitted file "_app/immutable/chunks/CtPe9Zrg.js.gz" overwrites a previously emitted file of the same name.
[2m[WebServer] [22mThe emitted file "_app/immutable/chunks/dToVqrmF.js.gz" overwrites a previously emitted file of the same name.
[2m[WebServer] [22mThe emitted file "_app/immutable/chunks/5PQEoQfL.js.gz" overwrites a previously emitted file of the same name.
[2m[WebServer] [22mThe emitted file "_app/immutable/entry/app.BnXxCOoI.js.gz" overwrites a previously emitted file of the same name.
[2m[WebServer] [22mThe emitted file "_app/immutable/chunks/DJCSmOSc.js.gz" overwrites a previously emitted file of the same name.
[2m[WebServer] [22mThe emitted file "_app/immutable/nodes/0.CwE9wBZx.js.gz" overwrites a previously emitted file of the same name.
[2m[WebServer] [22mThe emitted file "_app/immutable/chunks/CyuGRuj5.js.br" overwrites a previously emitted file of the same name.
[2m[WebServer] [22mThe emitted file "_app/immutable/chunks/DvQQopnT.js.br" overwrites a previously emitted file of the same name.
[2m[WebServer] [22mThe emitted file "_app/immutable/chunks/DC8bNOri.js.br" overwrites a previously emitted file of the same name.
[2m[WebServer] [22mThe emitted file "_app/immutable/chunks/jQWh7PPI.js.br" overwrites a previously emitted file of the same name.
[2m[WebServer] [22mThe emitted file "_app/immutable/chunks/C9r51JyP.js.br" overwrites a previously emitted file of the same name.
[2m[WebServer] [22mThe emitted file "_app/immutable/chunks/B8rG7f7b.js.br" overwrites a previously emitted file of the same name.
[2m[WebServer] [22mThe emitted file "_app/immutable/chunks/Dgz_d6Tq.js.br" overwrites a previously emitted file of the same name.
[2m[WebServer] [22mThe emitted file "_app/immutable/chunks/syYxJxYR.js.br" overwrites a previously emitted file of the same name.
[2m[WebServer] [22mThe emitted file "_app/immutable/chunks/HXKoXZXl.js.br" overwrites a previously emitted file of the same name.
[2m[WebServer] [22mThe emitted file "_app/immutable/chunks/Ittc3UtS.js.br" overwrites a previously emitted file of the same name.
[2m[WebServer] [22mThe emitted file "_app/immutable/chunks/B3lKhr2e.js.br" overwrites a previously emitted file of the same name.
[2m[WebServer] [22mThe emitted file "_app/immutable/chunks/wCmxT7mN.js.br" overwrites a previously emitted file of the same name.
[2m[WebServer] [22mThe emitted file "_app/immutable/chunks/DWZl-527.js.br" overwrites a previously emitted file of the same name.
[2m[WebServer] [22mThe emitted file "_app/immutable/chunks/BJKMLmRX.js.br" overwrites a previously emitted file of the same name.
[2m[WebServer] [22mThe emitted file "_app/immutable/chunks/CXmfRLlX.js.br" overwrites a previously emitted file of the same name.
[2m[WebServer] [22mThe emitted file "_app/immutable/chunks/DmXFdYGK.js.br" overwrites a previously emitted file of the same name.
[2m[WebServer] [22mThe emitted file "_app/immutable/chunks/JY777Dgl.js.br" overwrites a previously emitted file of the same name.
[2m[WebServer] [22mThe emitted file "_app/immutable/chunks/n5PEsawt.js.br" overwrites a previously emitted file of the same name.
[2m[WebServer] [22mThe emitted file "_app/immutable/chunks/t2zxKrX4.js.br" overwrites a previously emitted file of the same name.
[2m[WebServer] [22mThe emitted file "_app/immutable/chunks/BDE9gFB-.js.br" overwrites a previously emitted file of the same name.
[2m[WebServer] [22mThe emitted file "_app/immutable/chunks/BM6HY_3J.js.br" overwrites a previously emitted file of the same name.
[2m[WebServer] [22mThe emitted file "_app/immutable/chunks/BHGSTKPH.js.br" overwrites a previously emitted file of the same name.
[2m[WebServer] [22mThe emitted file "_app/immutable/chunks/CMjh7WxQ.js.br" overwrites a previously emitted file of the same name.
[2m[WebServer] [22mThe emitted file "_app/immutable/chunks/HGmO3XpX.js.br" overwrites a previously emitted file of the same name.
[2m[WebServer] [22mThe emitted file "_app/immutable/chunks/DbVMJeIJ.js.br" overwrites a previously emitted file of the same name.
[2m[WebServer] [22mThe emitted file "_app/immutable/chunks/CoR2O1Iz.js.br" overwrites a previously emitted file of the same name.
[2m[WebServer] [22mThe emitted file "_app/immutable/chunks/DXm-RA8M.js.br" overwrites a previously emitted file of the same name.
[2m[WebServer] [22mThe emitted file "_app/immutable/chunks/Gf2-aJmM.js.br" overwrites a previously emitted file of the same name.
[2m[WebServer] [22mThe emitted file "_app/immutable/chunks/B9W2l2EV.js.br" overwrites a previously emitted file of the same name.
[2m[WebServer] [22mThe emitted file "_app/immutable/chunks/Cfi-fjIU.js.br" overwrites a previously emitted file of the same name.
[2m[WebServer] [22mThe emitted file "_app/immutable/chunks/a2S2qzfI.js.br" overwrites a previously emitted file of the same name.
[2m[WebServer] [22mThe emitted file "_app/immutable/chunks/Cpn5qg69.js.br" overwrites a previously emitted file of the same name.
[2m[WebServer] [22mThe emitted file "_app/immutable/chunks/CD8bcmSu.js.br" overwrites a previously emitted file of the same name.
[2m[WebServer] [22mThe emitted file "_app/immutable/chunks/dToVqrmF.js.br" overwrites a previously emitted file of the same name.
[2m[WebServer] [22mThe emitted file "_app/immutable/chunks/CtPe9Zrg.js.br" overwrites a previously emitted file of the same name.
[2m[WebServer] [22mThe emitted file "_app/immutable/chunks/5PQEoQfL.js.br" overwrites a previously emitted file of the same name.
[2m[WebServer] [22mThe emitted file "_app/immutable/entry/app.BnXxCOoI.js.br" overwrites a previously emitted file of the same name.
[2m[WebServer] [22mThe emitted file "_app/immutable/chunks/CIoN5_hz.js.gz" overwrites a previously emitted file of the same name.
[2m[WebServer] [22mThe emitted file "_app/immutable/nodes/3.CtbJV7Yc.js.gz" overwrites a previously emitted file of the same name.
[2m[WebServer] [22mThe emitted file "_app/immutable/nodes/0.CwE9wBZx.js.br" overwrites a previously emitted file of the same name.
[2m[WebServer] [22mThe emitted file "_app/immutable/chunks/DJCSmOSc.js.br" overwrites a previously emitted file of the same name.
[2m[WebServer] [22mThe emitted file "z3/z3-built.js.gz" overwrites a previously emitted file of the same name.
[2m[WebServer] [22mThe emitted file "_app/immutable/chunks/Cw9QGdVq.js.gz" overwrites a previously emitted file of the same name.
[2m[WebServer] [22mThe emitted file "_app/immutable/chunks/CIoN5_hz.js.br" overwrites a previously emitted file of the same name.
[2m[WebServer] [22mThe emitted file "_app/immutable/chunks/DXcI-s2p.js.br" overwrites a previously emitted file of the same name.
[2m[WebServer] [22mThe emitted file "_app/immutable/nodes/3.CtbJV7Yc.js.br" overwrites a previously emitted file of the same name.
[2m[WebServer] [22mThe emitted file "z3/z3-built.js.br" overwrites a previously emitted file of the same name.
[2m[WebServer] [22mThe emitted file "_app/immutable/chunks/Cw9QGdVq.js.br" overwrites a previously emitted file of the same name.
[2m[WebServer] [22m(node:2838188) Warning: The 'NO_COLOR' env is ignored due to the 'FORCE_COLOR' env being set.
[2m[WebServer] [22m(Use `node --trace-warnings ...` to show where the warning was created)
[2m[WebServer] [22m(node:2846981) Warning: The 'NO_COLOR' env is ignored due to the 'FORCE_COLOR' env being set.
[2m[WebServer] [22m(Use `node --trace-warnings ...` to show where the warning was created)

Running 229 tests using 21 workers

(node:2847448) Warning: The 'NO_COLOR' env is ignored due to the 'FORCE_COLOR' env being set.
(Use `node --trace-warnings ...` to show where the warning was created)
(node:2847441) Warning: The 'NO_COLOR' env is ignored due to the 'FORCE_COLOR' env being set.
(Use `node --trace-warnings ...` to show where the warning was created)
(node:2847482) Warning: The 'NO_COLOR' env is ignored due to the 'FORCE_COLOR' env being set.
(Use `node --trace-warnings ...` to show where the warning was created)
(node:2847475) Warning: The 'NO_COLOR' env is ignored due to the 'FORCE_COLOR' env being set.
(Use `node --trace-warnings ...` to show where the warning was created)
(node:2847427) Warning: The 'NO_COLOR' env is ignored due to the 'FORCE_COLOR' env being set.
(Use `node --trace-warnings ...` to show where the warning was created)
(node:2847464) Warning: The 'NO_COLOR' env is ignored due to the 'FORCE_COLOR' env being set.
(Use `node --trace-warnings ...` to show where the warning was created)
(node:2847420) Warning: The 'NO_COLOR' env is ignored due to the 'FORCE_COLOR' env being set.
(Use `node --trace-warnings ...` to show where the warning was created)
(node:2847508) Warning: The 'NO_COLOR' env is ignored due to the 'FORCE_COLOR' env being set.
(Use `node --trace-warnings ...` to show where the warning was created)
(node:2847438) Warning: The 'NO_COLOR' env is ignored due to the 'FORCE_COLOR' env being set.
(Use `node --trace-warnings ...` to show where the warning was created)
(node:2847454) Warning: The 'NO_COLOR' env is ignored due to the 'FORCE_COLOR' env being set.
(Use `node --trace-warnings ...` to show where the warning was created)
(node:2847422) Warning: The 'NO_COLOR' env is ignored due to the 'FORCE_COLOR' env being set.
(Use `node --trace-warnings ...` to show where the warning was created)
(node:2847417) Warning: The 'NO_COLOR' env is ignored due to the 'FORCE_COLOR' env being set.
(Use `node --trace-warnings ...` to show where the warning was created)
(node:2847552) Warning: The 'NO_COLOR' env is ignored due to the 'FORCE_COLOR' env being set.
(Use `node --trace-warnings ...` to show where the warning was created)
(node:2847506) Warning: The 'NO_COLOR' env is ignored due to the 'FORCE_COLOR' env being set.
(Use `node --trace-warnings ...` to show where the warning was created)
(node:2847521) Warning: The 'NO_COLOR' env is ignored due to the 'FORCE_COLOR' env being set.
(Use `node --trace-warnings ...` to show where the warning was created)
(node:2847510) Warning: The 'NO_COLOR' env is ignored due to the 'FORCE_COLOR' env being set.
(Use `node --trace-warnings ...` to show where the warning was created)
(node:2847530) Warning: The 'NO_COLOR' env is ignored due to the 'FORCE_COLOR' env being set.
(Use `node --trace-warnings ...` to show where the warning was created)
(node:2847524) Warning: The 'NO_COLOR' env is ignored due to the 'FORCE_COLOR' env being set.
(Use `node --trace-warnings ...` to show where the warning was created)
(node:2847537) Warning: The 'NO_COLOR' env is ignored due to the 'FORCE_COLOR' env being set.
(Use `node --trace-warnings ...` to show where the warning was created)
(node:2847545) Warning: The 'NO_COLOR' env is ignored due to the 'FORCE_COLOR' env being set.
(Use `node --trace-warnings ...` to show where the warning was created)
(node:2847572) Warning: The 'NO_COLOR' env is ignored due to the 'FORCE_COLOR' env being set.
(Use `node --trace-warnings ...` to show where the warning was created)
(node:2847448) Warning: The 'NO_COLOR' env is ignored due to the 'FORCE_COLOR' env being set.
(Use `node --trace-warnings ...` to show where the warning was created)
(node:2847475) Warning: The 'NO_COLOR' env is ignored due to the 'FORCE_COLOR' env being set.
(Use `node --trace-warnings ...` to show where the warning was created)
(node:2847441) Warning: The 'NO_COLOR' env is ignored due to the 'FORCE_COLOR' env being set.
(Use `node --trace-warnings ...` to show where the warning was created)
(node:2847508) Warning: The 'NO_COLOR' env is ignored due to the 'FORCE_COLOR' env being set.
(Use `node --trace-warnings ...` to show where the warning was created)
(node:2847420) Warning: The 'NO_COLOR' env is ignored due to the 'FORCE_COLOR' env being set.
(Use `node --trace-warnings ...` to show where the warning was created)
(node:2847552) Warning: The 'NO_COLOR' env is ignored due to the 'FORCE_COLOR' env being set.
(Use `node --trace-warnings ...` to show where the warning was created)
(node:2847454) Warning: The 'NO_COLOR' env is ignored due to the 'FORCE_COLOR' env being set.
(Use `node --trace-warnings ...` to show where the warning was created)
(node:2847427) Warning: The 'NO_COLOR' env is ignored due to the 'FORCE_COLOR' env being set.
(Use `node --trace-warnings ...` to show where the warning was created)
(node:2847524) Warning: The 'NO_COLOR' env is ignored due to the 'FORCE_COLOR' env being set.
(Use `node --trace-warnings ...` to show where the warning was created)
(node:2847464) Warning: The 'NO_COLOR' env is ignored due to the 'FORCE_COLOR' env being set.
(Use `node --trace-warnings ...` to show where the warning was created)
(node:2847422) Warning: The 'NO_COLOR' env is ignored due to the 'FORCE_COLOR' env being set.
(Use `node --trace-warnings ...` to show where the warning was created)
(node:2847572) Warning: The 'NO_COLOR' env is ignored due to the 'FORCE_COLOR' env being set.
(Use `node --trace-warnings ...` to show where the warning was created)
(node:2847482) Warning: The 'NO_COLOR' env is ignored due to the 'FORCE_COLOR' env being set.
(Use `node --trace-warnings ...` to show where the warning was created)
(node:2847506) Warning: The 'NO_COLOR' env is ignored due to the 'FORCE_COLOR' env being set.
(Use `node --trace-warnings ...` to show where the warning was created)
(node:2847521) Warning: The 'NO_COLOR' env is ignored due to the 'FORCE_COLOR' env being set.
(Use `node --trace-warnings ...` to show where the warning was created)
(node:2847438) Warning: The 'NO_COLOR' env is ignored due to the 'FORCE_COLOR' env being set.
(Use `node --trace-warnings ...` to show where the warning was created)
(node:2847545) Warning: The 'NO_COLOR' env is ignored due to the 'FORCE_COLOR' env being set.
(Use `node --trace-warnings ...` to show where the warning was created)
(node:2847417) Warning: The 'NO_COLOR' env is ignored due to the 'FORCE_COLOR' env being set.
(Use `node --trace-warnings ...` to show where the warning was created)
(node:2847510) Warning: The 'NO_COLOR' env is ignored due to the 'FORCE_COLOR' env being set.
(Use `node --trace-warnings ...` to show where the warning was created)
(node:2847530) Warning: The 'NO_COLOR' env is ignored due to the 'FORCE_COLOR' env being set.
(Use `node --trace-warnings ...` to show where the warning was created)
(node:2847537) Warning: The 'NO_COLOR' env is ignored due to the 'FORCE_COLOR' env being set.
(Use `node --trace-warnings ...` to show where the warning was created)
[2m[WebServer] [22m
[2m[WebServer] [22m[1;31m[404] GET /favicon.ico[0m
  ✓    2 e2e/mobile-nav.spec.js:28:3 › sidebar navigation › sidebar starts collapsed in narrow mode (1.4s)
[2m[WebServer] [22m
[2m[WebServer] [22m[1;31m[404] GET /mox/mox-run.js[0m
  ✓    1 e2e/live-smoke.spec.js:30:1 › [app] loads and shows lesson navigation (1.7s)
left  bar: 328×40px
right bar: 316×40px
fileA pill width: 120px
fileB pill width: 97px
[2m[WebServer] [22m
[2m[WebServer] [22m[1;31m[404] GET /mox/mox-run.js[0m
  ✓   12 e2e/qa-ghpages.spec.js:73:1 › home page: title and all sidebar part labels visible (1.6s)
  ✓    6 e2e/waveform.spec.js:9:1 › welcome lesson executes simulation output (1.9s)
  ✓   11 e2e/ghpages.spec.js:42:1 › site loads and shows lesson content (1.7s)
[2m[WebServer] [22m
[2m[WebServer] [22m[1;31m[404] GET /mox/mox-run.js[0m

========== CORE WEB VITALS ==========
TTFB:  3.3 ms
FCP:   1364.1 ms
LCP:   1364.1 ms
CLS:   0.0096
INP:   n/a (no interactions)
Wall-clock page load: 1219 ms
=====================================

  ✓   17 e2e/split-view.spec.js:6:3 › Split view header pills › both file pills are compact and both bars are the same height (2.4s)
  ✓    7 e2e/cocotb.spec.js:20:1 › cocotb: shows "test" button, not "run" (2.8s)
  ✓   15 e2e/perf-profile.spec.js:8:1 › Core Web Vitals on /lesson/sv/welcome (2.6s)
  ✓   14 e2e/lessons.spec.js:30:1 › prev/next navigate between lessons (2.8s)
  ✓   20 e2e/solutions.spec.js:154:3 › [sim] Welcome (2.7s)
[2m[WebServer] [22m
[2m[WebServer] [22m[1;31m[404] GET /lesson/sv/priority-enc[0m
  ✓   22 e2e/mobile-nav.spec.js:38:3 › sidebar navigation › sidebar trigger opens the panel in narrow mode (1.9s)
  ✓   16 e2e/solutions-live.spec.js:54:3 › [sim] Welcome (3.0s)
[2m[WebServer] [22m
[2m[WebServer] [22m[1;31m[404] GET /mox/mox-run.js[0m
  ✓   24 e2e/qa-ghpages.spec.js:83:1 › sidebar: can navigate to a lesson by clicking its button (2.1s)
file-tree toolbar height: 40px

========== JS/WASM RESOURCE LOAD TIMES (slowest first) ==========
     135 ms      130.1 KB  Cw9QGdVq.js
     107 ms    (cached/0)  js?id=G-S7J2WQBFPM
     103 ms       39.6 KB  3.CtbJV7Yc.js
      99 ms        1.2 KB  5PQEoQfL.js
      99 ms        8.5 KB  DJCSmOSc.js
      67 ms       55.1 KB  DXcI-s2p.js
      67 ms       13.0 KB  0.CwE9wBZx.js
      52 ms        1.0 KB  Ct5FWWRu.js
      41 ms        1.7 KB  app.BnXxCOoI.js
      40 ms        2.7 KB  Cc-PZjy_.js
      38 ms        0.5 KB  4KrUs01r.js
      37 ms        0.5 KB  Dm3XDhtm.js
      31 ms        0.4 KB  start.DTqQ3wkq.js
      17 ms        0.4 KB  1.C6EE78bi.js

Total JS/WASM resources shown: 14
Total transferred (all resources): 267.4 KB
Total decoded (all resources):     841.0 KB
==================================================================

  ✓   29 e2e/perf-profile.spec.js:82:1 › JS resource load times on /lesson/sv/welcome (2.0s)
split-header-left  height: 40px
split-header-right height: 40px
  ✓   27 e2e/split-view.spec.js:42:3 › Toolbar height consistency › file-tree toolbar and split-view headers are the same height (2.4s)
[2m[WebServer] [22m
[2m[WebServer] [22m[1;31m[404] GET /mox/mox-run.js[0m
  ✓    8 e2e/mlir-run.spec.js:3:1 › MLIR intro: run executes via mox-sim without SV-source error (5.5s)
  ✓   30 e2e/lessons.spec.js:41:1 › solve/reset toggles between solution and starter (2.5s)
  ✓   31 e2e/solutions.spec.js:154:3 › [sim] Modules and Ports (3.0s)
  ✓   34 e2e/qa-ghpages.spec.js:102:1 › header: prev/next lesson buttons navigate between lessons (2.1s)
  ✓   32 e2e/mobile-nav.spec.js:57:3 › sidebar navigation › clicking a lesson inside the panel navigates (3.1s)
[2m[WebServer] [22m
[2m[WebServer] [22m[1;31m[404] GET /mox/mox-run.js[0m
  ✓   37 e2e/lessons.spec.js:67:1 › Welcome: run outputs Hello World (1.5s)

========== SPA NAVIGATION TIMING ==========
welcome → modules-and-ports: 225 ms
modules-and-ports → always-comb: 335 ms
Average SPA nav time: 280 ms
===========================================

[2m[WebServer] [22m
[2m[WebServer] [22m[1;31m[404] GET /mox/mox-run.js[0m
  ✓   35 e2e/perf-profile.spec.js:121:1 › SPA navigation timing: welcome → modules-and-ports → always-comb (2.7s)
  ✓   36 e2e/split-view.spec.js:70:3 › Toolbar height consistency › file-tree toolbar and split-view headers both have a bottom border (2.5s)
  ✓   40 e2e/mobile-nav.spec.js:73:3 › sidebar navigation › desktop sidebar has nav buttons visible (1.6s)
  ✓   38 e2e/solutions.spec.js:154:3 › [sim] always_comb and case (1.9s)
  ✓   39 e2e/qa-ghpages.spec.js:113:1 › direct URL navigation works for all parts (2.5s)
[2m[WebServer] [22m
[2m[WebServer] [22m[1;31m[404] GET /mox/mox-run.js[0m
  ✓    4 e2e/formal.spec.js:25:1 › BMC: starter code has no assertion → verify does not prove anything (9.2s)
  ✓   45 e2e/qa-ghpages.spec.js:129:1 › single-file lesson: no file tree, filename pill in toolbar (876ms)

========== TOTAL JS TRANSFERRED ==========
Total resources: 19
Total transferred: 267.4 KB
Total decoded:     841.0 KB

By initiator type:
  other        count=10  transfer=251.2 KB  decoded=780.4 KB
  link         count=3  transfer=12.2 KB  decoded=55.1 KB
  script       count=5  transfer=4.0 KB  decoded=5.6 KB
  fetch        count=1  transfer=0.0 KB  decoded=0.0 KB
==========================================

  ✓   42 e2e/perf-profile.spec.js:167:1 › Total JS transferred summary (1.9s)
  ✓   43 e2e/mobile-nav.spec.js:83:3 › sidebar navigation › desktop sidebar toggle collapses and restores the panel (2.3s)
  ✓   47 e2e/qa-ghpages.spec.js:141:1 › 2-file lesson auto-opens split view on wide screen (991ms)
  ✓    5 e2e/qa-all-lessons.spec.js:65:5 › [ 1] Welcome › run (10.8s)
[2m[WebServer] [22m
[2m[WebServer] [22m[1;31m[404] GET /mox/mox-run.js[0m
[2m[WebServer] [22m
[2m[WebServer] [22m[1;31m[404] GET /mox/mox-run.wasm[0m
[2m[WebServer] [22m
[2m[WebServer] [22m[1;31m[404] GET /mox/mox-run.js[0m
[2m[WebServer] [22m
[2m[WebServer] [22m[1;31m[404] GET /mox/mox-run.wasm[0m
  ✓   48 e2e/qa-ghpages.spec.js:153:1 › split view: collapse to file-tree view via header button (1.2s)
[2m[WebServer] [22m
[2m[WebServer] [22m[1;31m[404] GET /mox/mox-run.js[0m
  ✓   50 e2e/qa-ghpages.spec.js:165:1 › file tree: switching tabs changes active file (1.4s)

━━━━━━━━━━━━━━━━━━━━━━━━━━━━━━━━━━━━━━━━━━━━━━━
 Performance report  (3-run avg, cold load)
━━━━━━━━━━━━━━━━━━━━━━━━━━━━━━━━━━━━━━━━━━━━━━━
 Core Web Vitals
   LCP   654 ms     ✅ good
   FCP   654 ms     ✅ good
   CLS   0.0096     ✅ good
   TTFB  12 ms      ✅ good

 Navigation Timing
   DOM interactive   168 ms
   DOMContentLoaded  184 ms  ✅ good
   Load event        242 ms  ✅ good

 Resources (last run)
   Total resources   19
   Transfer size     5 KB
   By type:          {"com/gtag/js":1,"js":13,"css":3,"1%2Flesson%2Fsv%2Fwelcome&dt=SV%20Tutorial&en=page_view&_ee=1&tfd=162":1,"svg":1}

 JS Heap (after load)
   Used  19.6 MB  /  Total 32.3 MB  /  Limit 4096 MB
━━━━━━━━━━━━━━━━━━━━━━━━━━━━━━━━━━━━━━━━━━━━━━━

  ✓   19 e2e/perf.spec.js:129:3 › Core Web Vitals & Performance › lesson page — cold load metrics (13.3s)

━━━━━━━━━━━━━━━━━━━━━━━━━━━━━━━━━━━━━━━━━━━━━━━
 Client-side navigation timings (SvelteKit router)
━━━━━━━━━━━━━━━━━━━━━━━━━━━━━━━━━━━━━━━━━━━━━━━
  ✓   26 e2e/waveform.spec.js:47:1 › run generates a real VCD (non-mock pipeline) (13.0s)
  ✓   51 e2e/qa-ghpages.spec.js:180:1 › solve/reset cycle: toggles editor content (1.8s)
[2m[WebServer] [22m
[2m[WebServer] [22m[1;31m[404] GET /favicon.ico[0m
   /lesson/sv/always-ff                738 ms
  ✓   54 e2e/qa-ghpages.spec.js:195:1 › options menu closes on Escape key (1.0s)
   /lesson/sv/always-comb              775 ms
   /lesson/sv/counter                  670 ms
   /lesson/sva/formal-intro            729 ms
   /lesson/uvm/reporting               616 ms
━━━━━━━━━━━━━━━━━━━━━━━━━━━━━━━━━━━━━━━━━━━━━━━

  ✓   52 e2e/perf.spec.js:190:3 › Core Web Vitals & Performance › lesson navigation — transition metrics (4.9s)
[2m[WebServer] [22m
[2m[WebServer] [22m[1;31m[404] GET /mox/mox-run.js[0m
[2m[WebServer] [22m
[2m[WebServer] [22m[1;31m[404] GET /mox/mox-run.js[0m
[2m[WebServer] [22m
[2m[WebServer] [22m[1;31m[404] GET /mox/mox-run.wasm[0m
  ✘   18 e2e/cocotb-run.spec.js:5:1 › cocotb: a run settles with a test result or the simulator error (19.1s)
  ✓   49 e2e/qa-all-lessons.spec.js:65:5 › [ 2] Modules and Ports › run (9.2s)
[2m[WebServer] [22m
[2m[WebServer] [22m[1;31m[404] GET /mox/mox-run.js[0m
  ✘   25 e2e/ghpages.spec.js:49:1 › UVM: Driver lesson compiles and simulates (18.8s)
(node:2859188) Warning: The 'NO_COLOR' env is ignored due to the 'FORCE_COLOR' env being set.
(Use `node --trace-warnings ...` to show where the warning was created)
(node:2859188) Warning: The 'NO_COLOR' env is ignored due to the 'FORCE_COLOR' env being set.
(Use `node --trace-warnings ...` to show where the warning was created)
=== Runtime logs ===
$ mox-verilog --resource-guard=false --ir-llhd --timescale 1ps/1ps --single-unit --top adder -o /workspace/out/design.llhd.mlir /workspace/src/adder.svstdout $ python /workspace/src/test_adder.py
$ mox-sim --resource-guard=false --mode interpret --max-time=1000000000 --top adder /workspace/out/design.llhd.mlir
[mox-sim] Auto-enabling --skip-passes for module marked mox.sim.preprocessed
[mox-sim] Stage: passes (prev: 2ms, total: 2ms)
[mox-sim] Stage: init (prev: 15ms, total: 17ms)
[mox-sim] Found 1 LLHD processes, 0 LLHD finals, 0 seq.initial blocks, and 0 hw.instance ops (out of 44 total ops) in module
[mox-sim] Registered 3 LLHD signals and 1 LLHD processes/initial blocks
[mox-sim] Receipt: INIT_COMPLETE_OK execution_failure=0 process_dispatches=0
[mox-sim] Stage: run (prev: 328ms, total: 345ms)
[mox-sim] Starting simulation
[mox-sim] Simulation completed at time 0 fs
[mox-sim] Simulation completed
=== Console logs (last 40) ===
[log] [mox-worker] starting eval of tool script
[log] [mox-worker] instantiateWasm called for http://127.0.0.1:4173/mox/mox-verilog.wasm
[log] [mox-worker] eval complete
[log] [mox-worker] waiting for runtime...
[log] [mox-worker] instantiateStreaming succeeded
[log] [mox-worker] onRuntimeInitialized fired
[log] [mox-worker] runtime ready, writing files
[log] [mox-worker] calling callMain with args: [--resource-guard=false, --ir-llhd, --timescale, 1ps/1ps, --single-unit, --top, adder, -o, /workspace/out/design.llhd.mlir, /workspace/src/adder.sv]
[log] [mox-worker] callMain done, exitCode: 0
  ✓    9 e2e/debug-cocotb.spec.js:3:1 › cocotb: debug - check wasmTable (23.2s)
  ✓   41 e2e/lessons.spec.js:77:1 › Up-Counter: solution simulates and produces a waveform (16.7s)
  ✓   13 e2e/offline.spec.js:4:3 › offline bundle › download button shows progress and ends in ready state (24.0s)
[2m[WebServer] [22m
[2m[WebServer] [22m[1;31m[404] GET /favicon.ico[0m
  ✓   53 e2e/waveform.spec.js:52:1 › surfer renders waveform when WebGL2 is available (11.3s)
[2m[WebServer] [22m
[2m[WebServer] [22m[1;31m[404] GET /mox/mox-run.js[0m
[2m[WebServer] [22m
[2m[WebServer] [22m[1;31m[404] GET /mox/mox-run.js[0m
  ✓   56 e2e/qa-all-lessons.spec.js:65:5 › [ 3] Data Types › run (8.8s)
[2m[WebServer] [22m
[2m[WebServer] [22m[1;31m[404] GET /mox/mox-run.js[0m
  ✓   58 e2e/lessons.spec.js:90:1 › Modules and Ports: waveform renders after solve and run (10.2s)
  ✘   57 e2e/ghpages.spec.js:56:1 › UVM: Cross Coverage compiles with intersect syntax (12.4s)
(node:2872325) Warning: The 'NO_COLOR' env is ignored due to the 'FORCE_COLOR' env being set.
(Use `node --trace-warnings ...` to show where the warning was created)
  ✓   59 e2e/waveform.spec.js:91:1 › waveform toolbar buttons send correct commands (9.1s)
(node:2872325) Warning: The 'NO_COLOR' env is ignored due to the 'FORCE_COLOR' env being set.
(Use `node --trace-warnings ...` to show where the warning was created)
[2m[WebServer] [22m
[2m[WebServer] [22m[1;31m[404] GET /mox/mox-run.js[0m
  ✓   60 e2e/qa-all-lessons.spec.js:65:5 › [ 4] always_comb and case › run (12.0s)
  ✘   61 e2e/lessons.spec.js:123:1 › immediate-assert: solution passes assertions (6.8s)
(node:2875597) Warning: The 'NO_COLOR' env is ignored due to the 'FORCE_COLOR' env being set.
(Use `node --trace-warnings ...` to show where the warning was created)
[2m[WebServer] [22m
[2m[WebServer] [22m[1;31m[404] GET /mox/mox-run.js[0m
(node:2875597) Warning: The 'NO_COLOR' env is ignored due to the 'FORCE_COLOR' env being set.
(Use `node --trace-warnings ...` to show where the warning was created)
  ✘   21 e2e/uvm.spec.js:66:3 › UVM: The First UVM Test (46.7s)
(node:2878714) Warning: The 'NO_COLOR' env is ignored due to the 'FORCE_COLOR' env being set.
(Use `node --trace-warnings ...` to show where the warning was created)
(node:2878714) Warning: The 'NO_COLOR' env is ignored due to the 'FORCE_COLOR' env being set.
(Use `node --trace-warnings ...` to show where the warning was created)
  ✘   65 e2e/lessons.spec.js:134:1 › sequence-basics: solution runs without errors (6.8s)
  ✓   64 e2e/qa-all-lessons.spec.js:65:5 › [ 5] Events › run (9.6s)
[2m[WebServer] [22m
[2m[WebServer] [22m[1;31m[404] GET /mox/mox-run.js[0m
  ✓   62 e2e/waveform.spec.js:159:1 › transition_next selects earliest-transitioning signal, not alphabetically first (16.9s)
[2m[WebServer] [22m
[2m[WebServer] [22m[1;31m[404] GET /mox/mox-run.js[0m
  ✓   63 e2e/ghpages.spec.js:63:1 › offline bundle: download completes without error (23.5s)
  ✓   68 e2e/waveform.spec.js:201:1 › open-in-surfer button opens Surfer popup and sends VCD (8.1s)
[2m[WebServer] [22m
[2m[WebServer] [22m[1;31m[404] GET /lesson/sva/waves.png[0m
[2m[WebServer] [22m
[2m[WebServer] [22m[1;31m[404] GET /mox/mox-run.js[0m
  ✘   55 e2e/qa-ghpages.spec.js:208:1 › SV: welcome lesson compiles and prints Hello output (45.8s)
(node:2886772) Warning: The 'NO_COLOR' env is ignored due to the 'FORCE_COLOR' env being set.
(Use `node --trace-warnings ...` to show where the warning was created)
(node:2886772) Warning: The 'NO_COLOR' env is ignored due to the 'FORCE_COLOR' env being set.
(Use `node --trace-warnings ...` to show where the warning was created)
  ✓   67 e2e/qa-all-lessons.spec.js:65:5 › [ 6] Flip-Flops with always_ff › run (15.2s)
[2m[WebServer] [22m
[2m[WebServer] [22m[1;31m[404] GET /mox/mox-run.js[0m
  ✓   70 e2e/waveform.spec.js:241:1 › concurrent-sim SVA assertion signal appears in VCD (11.8s)
  ✓   69 e2e/ghpages.spec.js:83:1 › offline mode: lesson runs after service worker caches assets (13.4s)
  ✓   72 e2e/qa-all-lessons.spec.js:65:5 › [ 7] Up-Counter › run (13.6s)
[2m[WebServer] [22m
[2m[WebServer] [22m[1;31m[404] GET /mox/mox-run.js[0m
  ✓   73 e2e/qa-all-lessons.spec.js:65:5 › [ 8] Parameters › run (11.7s)
[2m[WebServer] [22m
[2m[WebServer] [22m[1;31m[404] GET /mox/mox-run.js[0m
  ✘   66 e2e/uvm.spec.js:66:3 › UVM: Sequence Items (45.8s)
(node:2913142) Warning: The 'NO_COLOR' env is ignored due to the 'FORCE_COLOR' env being set.
(Use `node --trace-warnings ...` to show where the warning was created)
(node:2913142) Warning: The 'NO_COLOR' env is ignored due to the 'FORCE_COLOR' env being set.
(Use `node --trace-warnings ...` to show where the warning was created)
  ✘   33 e2e/solutions-live.spec.js:54:3 › [sim] Concurrent Assertions in Simulation (1.5m)
(node:2913959) Warning: The 'NO_COLOR' env is ignored due to the 'FORCE_COLOR' env being set.
(Use `node --trace-warnings ...` to show where the warning was created)
(node:2913959) Warning: The 'NO_COLOR' env is ignored due to the 'FORCE_COLOR' env being set.
(Use `node --trace-warnings ...` to show where the warning was created)
  ✓   74 e2e/qa-all-lessons.spec.js:65:5 › [ 9] Packed Structs › run (9.5s)
[2m[WebServer] [22m
[2m[WebServer] [22m[1;31m[404] GET /mox/mox-run.js[0m
  ✓   76 e2e/solutions-live.spec.js:54:3 › [bmc] Immediate Assertions (5.6s)
  ✓   78 e2e/solutions-live.spec.js:54:3 › [bmc] Clock Delay ##m and ##[m:n] (2.9s)
  ✓   79 e2e/solutions-live.spec.js:54:3 › [both] assume property (3.0s)
  ✘   71 e2e/qa-ghpages.spec.js:219:1 › SV: always-ff solution compiles and simulates cleanly (46.9s)
(node:2933399) Warning: The 'NO_COLOR' env is ignored due to the 'FORCE_COLOR' env being set.
(Use `node --trace-warnings ...` to show where the warning was created)
(node:2933399) Warning: The 'NO_COLOR' env is ignored due to the 'FORCE_COLOR' env being set.
(Use `node --trace-warnings ...` to show where the warning was created)
  ✘   77 e2e/qa-all-lessons.spec.js:65:5 › [10] Interfaces › run (11.9s)
[2m[WebServer] [22m
[2m[WebServer] [22m[1;31m[404] GET /mox/mox-run.js[0m
  ✘   82 e2e/qa-all-lessons.spec.js:65:5 › [11] Modports › run (11.5s)
[2m[WebServer] [22m
[2m[WebServer] [22m[1;31m[404] GET /mox/mox-run.js[0m
  ✘   83 e2e/qa-all-lessons.spec.js:65:5 › [12] Tasks › run (12.8s)
[2m[WebServer] [22m
[2m[WebServer] [22m[1;31m[404] GET /mox/mox-run.js[0m
  ✘   75 e2e/uvm.spec.js:66:3 › UVM: Sequences (46.6s)
(node:2977582) Warning: The 'NO_COLOR' env is ignored due to the 'FORCE_COLOR' env being set.
(Use `node --trace-warnings ...` to show where the warning was created)
(node:2977582) Warning: The 'NO_COLOR' env is ignored due to the 'FORCE_COLOR' env being set.
(Use `node --trace-warnings ...` to show where the warning was created)
  ✓   84 e2e/qa-all-lessons.spec.js:65:5 › [13] typedef enum › run (9.7s)
[2m[WebServer] [22m
[2m[WebServer] [22m[1;31m[404] GET /mox/mox-run.js[0m
  ✘   86 e2e/qa-all-lessons.spec.js:65:5 › [14] Two-Always Moore FSM › run (6.4s)
[2m[WebServer] [22m
[2m[WebServer] [22m[1;31m[404] GET /mox/mox-run.js[0m
  ✘   81 e2e/qa-ghpages.spec.js:232:1 › SV: starter code with TODO shows simulation failures (46.7s)
(node:2995115) Warning: The 'NO_COLOR' env is ignored due to the 'FORCE_COLOR' env being set.
(Use `node --trace-warnings ...` to show where the warning was created)
(node:2995115) Warning: The 'NO_COLOR' env is ignored due to the 'FORCE_COLOR' env being set.
(Use `node --trace-warnings ...` to show where the warning was created)
  ✘   87 e2e/qa-all-lessons.spec.js:65:5 › [15] covergroup and coverpoint › run (8.6s)
(node:2998542) Warning: The 'NO_COLOR' env is ignored due to the 'FORCE_COLOR' env being set.
(Use `node --trace-warnings ...` to show where the warning was created)
(node:2998542) Warning: The 'NO_COLOR' env is ignored due to the 'FORCE_COLOR' env being set.
(Use `node --trace-warnings ...` to show where the warning was created)
[2m[WebServer] [22m
[2m[WebServer] [22m[1;31m[404] GET /mox/mox-run.js[0m
  ✘   89 e2e/qa-all-lessons.spec.js:65:5 › [16] Bins and ignore_bins › run (9.5s)
(node:3020989) Warning: The 'NO_COLOR' env is ignored due to the 'FORCE_COLOR' env being set.
(Use `node --trace-warnings ...` to show where the warning was created)
(node:3020989) Warning: The 'NO_COLOR' env is ignored due to the 'FORCE_COLOR' env being set.
(Use `node --trace-warnings ...` to show where the warning was created)
[2m[WebServer] [22m
[2m[WebServer] [22m[1;31m[404] GET /mox/mox-run.js[0m
  ✘    3 e2e/diag-focus.spec.js:7:1 › diag: probe FocusItem vs id_of_name in current Surfer build (3.0m)
  ✘   90 e2e/qa-all-lessons.spec.js:65:5 › [17] Cross coverage › run (6.6s)
(node:3048723) Warning: The 'NO_COLOR' env is ignored due to the 'FORCE_COLOR' env being set.
(Use `node --trace-warnings ...` to show where the warning was created)
(node:3048723) Warning: The 'NO_COLOR' env is ignored due to the 'FORCE_COLOR' env being set.
(Use `node --trace-warnings ...` to show where the warning was created)
  ✘   23 e2e/live-smoke.spec.js:36:1 › [sim] Welcome — run button produces output, no compile error (3.0m)
(node:3054502) Warning: The 'NO_COLOR' env is ignored due to the 'FORCE_COLOR' env being set.
(Use `node --trace-warnings ...` to show where the warning was created)
[2m[WebServer] [22m
[2m[WebServer] [22m[1;31m[404] GET /mox/mox-run.js[0m
(node:3054502) Warning: The 'NO_COLOR' env is ignored due to the 'FORCE_COLOR' env being set.
(Use `node --trace-warnings ...` to show where the warning was created)
  ✘   28 e2e/cocotb.spec.js:25:1 › cocotb: Your First cocotb Test — solution passes all assertions (3.0m)
(node:3055849) Warning: The 'NO_COLOR' env is ignored due to the 'FORCE_COLOR' env being set.
(Use `node --trace-warnings ...` to show where the warning was created)
(node:3055849) Warning: The 'NO_COLOR' env is ignored due to the 'FORCE_COLOR' env being set.
(Use `node --trace-warnings ...` to show where the warning was created)
  ✘   44 e2e/solutions.spec.js:154:3 › [sim] Priority Encoder (3.0m)
(node:3061104) Warning: The 'NO_COLOR' env is ignored due to the 'FORCE_COLOR' env being set.
(Use `node --trace-warnings ...` to show where the warning was created)
  ✘   85 e2e/uvm.spec.js:66:3 › UVM: The Driver (45.7s)
(node:3061104) Warning: The 'NO_COLOR' env is ignored due to the 'FORCE_COLOR' env being set.
(Use `node --trace-warnings ...` to show where the warning was created)
  ✘   46 e2e/formal.spec.js:37:1 › BMC: solution proves all properties within the bound (3.0m)
(node:3062757) Warning: The 'NO_COLOR' env is ignored due to the 'FORCE_COLOR' env being set.
(Use `node --trace-warnings ...` to show where the warning was created)
(node:3062977) Warning: The 'NO_COLOR' env is ignored due to the 'FORCE_COLOR' env being set.
(Use `node --trace-warnings ...` to show where the warning was created)
  ✓   91 e2e/qa-all-lessons.spec.js:65:5 › [18] Classes and Objects › run (9.1s)
(node:3062757) Warning: The 'NO_COLOR' env is ignored due to the 'FORCE_COLOR' env being set.
(Use `node --trace-warnings ...` to show where the warning was created)
(node:3062977) Warning: The 'NO_COLOR' env is ignored due to the 'FORCE_COLOR' env being set.
(Use `node --trace-warnings ...` to show where the warning was created)
[2m[WebServer] [22m
[2m[WebServer] [22m[1;31m[404] GET /mox/mox-run.js[0m
[2m[WebServer] [22m
[2m[WebServer] [22m[1;31m[404] GET /mox/mox-run.js[0m
  ✓   94 e2e/solutions.spec.js:154:3 › [sim] Flip-Flops with always_ff (2.0s)
  ✓   97 e2e/formal.spec.js:51:1 › BMC: shows only verify button, no run button (1.6s)
[2m[WebServer] [22m
[2m[WebServer] [22m[1;31m[404] GET /mox/mox-run.js[0m
  ✓   98 e2e/solutions.spec.js:154:3 › [sim] Up-Counter (972ms)
  ✘   95 e2e/qa-all-lessons.spec.js:65:5 › [19] Dynamic Arrays and Queues › run (7.5s)
(node:3071969) Warning: The 'NO_COLOR' env is ignored due to the 'FORCE_COLOR' env being set.
(Use `node --trace-warnings ...` to show where the warning was created)
(node:3071969) Warning: The 'NO_COLOR' env is ignored due to the 'FORCE_COLOR' env being set.
(Use `node --trace-warnings ...` to show where the warning was created)
[2m[WebServer] [22m
[2m[WebServer] [22m[1;31m[404] GET /mox/mox-run.js[0m
  ✘   88 e2e/qa-ghpages.spec.js:244:1 › Ctrl+Enter triggers run (45.7s)
(node:3096020) Warning: The 'NO_COLOR' env is ignored due to the 'FORCE_COLOR' env being set.
(Use `node --trace-warnings ...` to show where the warning was created)
(node:3096020) Warning: The 'NO_COLOR' env is ignored due to the 'FORCE_COLOR' env being set.
(Use `node --trace-warnings ...` to show where the warning was created)
  ✓  101 e2e/qa-all-lessons.spec.js:65:5 › [20] Concurrent Processes: fork...join › run (8.2s)
[2m[WebServer] [22m
[2m[WebServer] [22m[1;31m[404] GET /mox/mox-run.js[0m
  ✓  103 e2e/qa-all-lessons.spec.js:65:5 › [21] Constrained Randomization › run (9.5s)
[2m[WebServer] [22m
[2m[WebServer] [22m[1;31m[404] GET /mox/mox-run.js[0m
  ✘  104 e2e/qa-all-lessons.spec.js:65:5 › [22] Macro Formal Continuations › run (1.6s)
(node:3139757) Warning: The 'NO_COLOR' env is ignored due to the 'FORCE_COLOR' env being set.
(Use `node --trace-warnings ...` to show where the warning was created)
(node:3139757) Warning: The 'NO_COLOR' env is ignored due to the 'FORCE_COLOR' env being set.
(Use `node --trace-warnings ...` to show where the warning was created)
[2m[WebServer] [22m
[2m[WebServer] [22m[1;31m[404] GET /mox/mox-run.js[0m
  ✘  105 e2e/qa-all-lessons.spec.js:65:5 › [23] Packed-Struct Field References › run (6.3s)
(node:3171867) Warning: The 'NO_COLOR' env is ignored due to the 'FORCE_COLOR' env being set.
(Use `node --trace-warnings ...` to show where the warning was created)
(node:3171867) Warning: The 'NO_COLOR' env is ignored due to the 'FORCE_COLOR' env being set.
(Use `node --trace-warnings ...` to show where the warning was created)
[2m[WebServer] [22m
[2m[WebServer] [22m[1;31m[404] GET /mox/mox-run.js[0m
  ✘   80 e2e/solutions-live.spec.js:54:3 › [lec] Logical Equivalence Checking (2.0m)
(node:3178817) Warning: The 'NO_COLOR' env is ignored due to the 'FORCE_COLOR' env being set.
(Use `node --trace-warnings ...` to show where the warning was created)
(node:3178817) Warning: The 'NO_COLOR' env is ignored due to the 'FORCE_COLOR' env being set.
(Use `node --trace-warnings ...` to show where the warning was created)
  ✓  107 e2e/solutions-live.spec.js:54:3 › [cocotb] Your First cocotb Test (2.0s)
  ✓  106 e2e/qa-all-lessons.spec.js:65:5 › [24] Indexed Part-Select Bounds › run (6.4s)
[2m[WebServer] [22m
[2m[WebServer] [22m[1;31m[404] GET /mox/mox-run.js[0m
  ✘   96 e2e/uvm.spec.js:66:3 › UVM: Constrained-Random Scenarios (47.0s)
(node:3198105) Warning: The 'NO_COLOR' env is ignored due to the 'FORCE_COLOR' env being set.
(Use `node --trace-warnings ...` to show where the warning was created)
(node:3198105) Warning: The 'NO_COLOR' env is ignored due to the 'FORCE_COLOR' env being set.
(Use `node --trace-warnings ...` to show where the warning was created)
  ✘  108 e2e/qa-all-lessons.spec.js:65:5 › [25] Nested Child Input Propagation › run (5.5s)
(node:3199024) Warning: The 'NO_COLOR' env is ignored due to the 'FORCE_COLOR' env being set.
(Use `node --trace-warnings ...` to show where the warning was created)
(node:3199024) Warning: The 'NO_COLOR' env is ignored due to the 'FORCE_COLOR' env being set.
(Use `node --trace-warnings ...` to show where the warning was created)
[2m[WebServer] [22m
[2m[WebServer] [22m[1;31m[404] GET /mox/mox-run.js[0m
  ✓  110 e2e/qa-all-lessons.spec.js:65:5 › [26] Sequential UDP Initialization › run (8.3s)
[2m[WebServer] [22m
[2m[WebServer] [22m[1;31m[404] GET /lesson/sva/waves.png[0m
[2m[WebServer] [22m
[2m[WebServer] [22m[1;31m[404] GET /mox/mox-run.js[0m
  ✘  102 e2e/qa-ghpages.spec.js:251:1 › SVA: concurrent simulation lesson runs cleanly (46.7s)
(node:3215296) Warning: The 'NO_COLOR' env is ignored due to the 'FORCE_COLOR' env being set.
(Use `node --trace-warnings ...` to show where the warning was created)
(node:3215296) Warning: The 'NO_COLOR' env is ignored due to the 'FORCE_COLOR' env being set.
(Use `node --trace-warnings ...` to show where the warning was created)
  ✓  111 e2e/qa-all-lessons.spec.js:65:5 › [27] Concurrent Assertions in Simulation › run (8.9s)
[2m[WebServer] [22m
[2m[WebServer] [22m[1;31m[404] GET /mox/mox-run.js[0m
  ✘  112 e2e/qa-ghpages.spec.js:262:1 › UVM: driver lesson compiles and simulates (10.0s)
(node:3223131) Warning: The 'NO_COLOR' env is ignored due to the 'FORCE_COLOR' env being set.
(Use `node --trace-warnings ...` to show where the warning was created)
(node:3223131) Warning: The 'NO_COLOR' env is ignored due to the 'FORCE_COLOR' env being set.
(Use `node --trace-warnings ...` to show where the warning was created)
  ✘   10 e2e/offline-cocotb.spec.js:17:3 › offline cocotb runtime › downloads offline bundle and runs cocotb fully offline (4.4m)
  ✓  113 e2e/qa-all-lessons.spec.js:65:5 › [28] Vacuous Pass › run (8.9s)
[2m[WebServer] [22m
[2m[WebServer] [22m[1;31m[404] GET /mox/mox-run.js[0m
  ✓  114 e2e/qa-ghpages.spec.js:277:1 › cocotb: first-test lesson loads and has run button (1.4s)
  ✓  116 e2e/qa-ghpages.spec.js:285:1 › dfn term card: appears on hover (854ms)
  ✘  117 e2e/qa-ghpages.spec.js:299:1 › dfn term card near bottom does not clip off-screen (679ms)
(node:3231389) Warning: The 'NO_COLOR' env is ignored due to the 'FORCE_COLOR' env being set.
(Use `node --trace-warnings ...` to show where the warning was created)
(node:3231389) Warning: The 'NO_COLOR' env is ignored due to the 'FORCE_COLOR' env being set.
(Use `node --trace-warnings ...` to show where the warning was created)
  ✘   92 e2e/live-smoke.spec.js:45:1 › [sim] Concurrent Assertions — runtime assertions chapter visible, assertionFail produced (1.5m)
(node:3240512) Warning: The 'NO_COLOR' env is ignored due to the 'FORCE_COLOR' env being set.
(Use `node --trace-warnings ...` to show where the warning was created)
(node:3240512) Warning: The 'NO_COLOR' env is ignored due to the 'FORCE_COLOR' env being set.
(Use `node --trace-warnings ...` to show where the warning was created)
  ✓  115 e2e/qa-all-lessons.spec.js:65:5 › [29] $isunknown — Detecting X and Z › run (10.5s)
  ✓  119 e2e/live-smoke.spec.js:55:1 › [bmc] Immediate Assertions — verify runs z3 (5.0s)
  ✘  120 e2e/qa-all-lessons.spec.js:86:5 › [30] Immediate Assertions › verify (6.5s)
(node:3261412) Warning: The 'NO_COLOR' env is ignored due to the 'FORCE_COLOR' env being set.
(Use `node --trace-warnings ...` to show where the warning was created)
  ✘  109 e2e/uvm.spec.js:66:3 › UVM: Monitor and Scoreboard (45.4s)
  ✓  121 e2e/live-smoke.spec.js:66:1 › [bmc] Implication — verify runs z3 (2.8s)
(node:3262686) Warning: The 'NO_COLOR' env is ignored due to the 'FORCE_COLOR' env being set.
(Use `node --trace-warnings ...` to show where the warning was created)
(node:3261412) Warning: The 'NO_COLOR' env is ignored due to the 'FORCE_COLOR' env being set.
(Use `node --trace-warnings ...` to show where the warning was created)
(node:3262686) Warning: The 'NO_COLOR' env is ignored due to the 'FORCE_COLOR' env being set.
(Use `node --trace-warnings ...` to show where the warning was created)
  ✘  123 e2e/qa-all-lessons.spec.js:86:5 › [31] Sequences and Properties › verify (6.4s)
  ✓  125 e2e/qa-all-lessons.spec.js:86:5 › [32] Implication: |-> and |=> › verify (4.5s)
  ✓  126 e2e/qa-all-lessons.spec.js:86:5 › [33] Bounded Model Checking › verify (4.4s)
  ✓  127 e2e/qa-all-lessons.spec.js:86:5 › [34] Clock Delay ##m and ##[m:n] › verify (5.5s)
  ✓  128 e2e/qa-all-lessons.spec.js:86:5 › [35] $rose and $fell › verify (5.4s)
  ✓  129 e2e/qa-all-lessons.spec.js:86:5 › [36] Request / Acknowledge › verify (5.3s)
  ✘  118 e2e/qa-ghpages.spec.js:321:1 › vim mode: toggles on and off without breaking editor (46.7s)
(node:3338536) Warning: The 'NO_COLOR' env is ignored due to the 'FORCE_COLOR' env being set.
(Use `node --trace-warnings ...` to show where the warning was created)
(node:3338536) Warning: The 'NO_COLOR' env is ignored due to the 'FORCE_COLOR' env being set.
(Use `node --trace-warnings ...` to show where the warning was created)
  ✓  130 e2e/qa-all-lessons.spec.js:86:5 › [37] Consecutive Repetition [*m] › verify (3.8s)
  ✓  131 e2e/qa-ghpages.spec.js:340:1 › dark mode: toggle changes color scheme (1.5s)
  ✓  133 e2e/qa-ghpages.spec.js:354:1 › copy from lesson body triggers copy-protection modal (727ms)
  ✓  134 e2e/qa-ghpages.spec.js:370:1 › narrow viewport: lesson and editor both visible (479ms)
  ✓  132 e2e/qa-all-lessons.spec.js:86:5 › [38] Goto Repetition [->m] › verify (4.4s)
  ✓  135 e2e/qa-all-lessons.spec.js:86:5 › [39] Non-Consecutive Equal Repetition [=m] › verify (4.4s)
  ✘  124 e2e/uvm.spec.js:66:3 › UVM: Environment and Test (46.6s)
(node:3355662) Warning: The 'NO_COLOR' env is ignored due to the 'FORCE_COLOR' env being set.
(Use `node --trace-warnings ...` to show where the warning was created)
(node:3355662) Warning: The 'NO_COLOR' env is ignored due to the 'FORCE_COLOR' env being set.
(Use `node --trace-warnings ...` to show where the warning was created)
  ✓  136 e2e/qa-all-lessons.spec.js:86:5 › [40] throughout — Stability During a Sequence › verify (4.4s)
  ✓  138 e2e/qa-all-lessons.spec.js:86:5 › [41] Sequence Composition: intersect, within, and, or › verify (4.4s)
  ✓  139 e2e/qa-all-lessons.spec.js:86:5 › [42] Sequence Formal Arguments › verify (8.6s)
  ✓  140 e2e/qa-all-lessons.spec.js:86:5 › [43] $stable and $past › verify (4.4s)
  ✓  141 e2e/qa-all-lessons.spec.js:86:5 › [44] $changed and $sampled › verify (4.4s)
  ✓  142 e2e/qa-all-lessons.spec.js:86:5 › [45] disable iff — Reset Handling › verify (4.4s)
  ✓  143 e2e/qa-all-lessons.spec.js:86:5 › [46] Aborting Properties: reject_on and accept_on › verify (4.4s)
[2m[WebServer] [22m
[2m[WebServer] [22m[1;31m[404] GET /lesson/sva/cover-property[0m
  ✘   93 e2e/cocotb.spec.js:41:1 › cocotb: Clock and Timing — solution passes all assertions (3.0m)
  ✘   99 e2e/formal.spec.js:60:1 › assume property: solution proves property with constraint (3.0m)
  ✘  100 e2e/solutions.spec.js:154:3 › [sim] Parameters and localparam (3.0m)
(node:3411736) Warning: The 'NO_COLOR' env is ignored due to the 'FORCE_COLOR' env being set.
(Use `node --trace-warnings ...` to show where the warning was created)
(node:3411828) Warning: The 'NO_COLOR' env is ignored due to the 'FORCE_COLOR' env being set.
(Use `node --trace-warnings ...` to show where the warning was created)
(node:3411736) Warning: The 'NO_COLOR' env is ignored due to the 'FORCE_COLOR' env being set.
(Use `node --trace-warnings ...` to show where the warning was created)
(node:3411828) Warning: The 'NO_COLOR' env is ignored due to the 'FORCE_COLOR' env being set.
(Use `node --trace-warnings ...` to show where the warning was created)
[2m[WebServer] [22m
[2m[WebServer] [22m[1;31m[404] GET /lesson/sv/welcome[0m
[2m[WebServer] [22m
[2m[WebServer] [22m[1;31m[404] GET /lesson/sv/welcome[0m
  ✘  144 e2e/qa-all-lessons.spec.js:86:5 › [47] cover property › verify (10.4s)
(node:3414062) Warning: The 'NO_COLOR' env is ignored due to the 'FORCE_COLOR' env being set.
(Use `node --trace-warnings ...` to show where the warning was created)
  ✓  145 e2e/formal.spec.js:72:1 › LEC: only shows verify (LEC) button, no run button (1.6s)
[2m[WebServer] [22m
[2m[WebServer] [22m[1;31m[404] GET /lesson/sv/welcome[0m
(node:3414062) Warning: The 'NO_COLOR' env is ignored due to the 'FORCE_COLOR' env being set.
(Use `node --trace-warnings ...` to show where the warning was created)
[2m[WebServer] [22m
[2m[WebServer] [22m[1;31m[404] GET /lesson/sva/local-vars[0m
  ✘  137 e2e/uvm.spec.js:66:3 › UVM: Functional Coverage (46.4s)
(node:3423435) Warning: The 'NO_COLOR' env is ignored due to the 'FORCE_COLOR' env being set.
(Use `node --trace-warnings ...` to show where the warning was created)
(node:3423435) Warning: The 'NO_COLOR' env is ignored due to the 'FORCE_COLOR' env being set.
(Use `node --trace-warnings ...` to show where the warning was created)
  ✓  147 e2e/formal.spec.js:80:1 › LEC: buggy Impl is detected as NOT equivalent (5.6s)
[2m[WebServer] [22m
[2m[WebServer] [22m[1;31m[404] GET /lesson/sv/welcome[0m
[2m[WebServer] [22m
[2m[WebServer] [22m[1;31m[404] GET /lesson/uvm/cross-coverage[0m
  ✘  149 e2e/uvm.spec.js:66:3 › UVM: Cross Coverage (5.5s)
  ✘  148 e2e/qa-all-lessons.spec.js:86:5 › [48] Local Variables in Sequences › verify (10.6s)
(node:3437886) Warning: The 'NO_COLOR' env is ignored due to the 'FORCE_COLOR' env being set.
(Use `node --trace-warnings ...` to show where the warning was created)
(node:3438056) Warning: The 'NO_COLOR' env is ignored due to the 'FORCE_COLOR' env being set.
(Use `node --trace-warnings ...` to show where the warning was created)
(node:3437886) Warning: The 'NO_COLOR' env is ignored due to the 'FORCE_COLOR' env being set.
(Use `node --trace-warnings ...` to show where the warning was created)
(node:3438056) Warning: The 'NO_COLOR' env is ignored due to the 'FORCE_COLOR' env being set.
(Use `node --trace-warnings ...` to show where the warning was created)
  ✘  152 e2e/qa-all-lessons.spec.js:86:5 › [49] $onehot, $onehot0, $countones › verify (10.5s)
(node:3462191) Warning: The 'NO_COLOR' env is ignored due to the 'FORCE_COLOR' env being set.
(Use `node --trace-warnings ...` to show where the warning was created)
(node:3462191) Warning: The 'NO_COLOR' env is ignored due to the 'FORCE_COLOR' env being set.
(Use `node --trace-warnings ...` to show where the warning was created)
  ✘  122 e2e/live-smoke.spec.js:77:1 › [lec] Logical Equivalence Checking — z3 proves unsat (2.0m)
  ✓  153 e2e/qa-all-lessons.spec.js:86:5 › [50] .triggered — Sequence Endpoint Detection › verify (6.2s)
  ✓  154 e2e/qa-all-lessons.spec.js:86:5 › [51] The checker Construct › verify (5.5s)
  ✘  155 e2e/qa-all-lessons.spec.js:86:5 › [52] Recursive Properties › verify (4.4s)
(node:3484442) Warning: The 'NO_COLOR' env is ignored due to the 'FORCE_COLOR' env being set.
(Use `node --trace-warnings ...` to show where the warning was created)
(node:3484442) Warning: The 'NO_COLOR' env is ignored due to the 'FORCE_COLOR' env being set.
(Use `node --trace-warnings ...` to show where the warning was created)
[2m[WebServer] [22m
[2m[WebServer] [22m[1;31m[404] GET /mox/mox-run.js[0m
  ✘  156 e2e/qa-all-lessons.spec.js:65:5 › [53] assume property › run (7.4s)
  ✘  157 e2e/qa-all-lessons.spec.js:86:5 › [53] assume property › verify (4.5s)
(node:3505735) Warning: The 'NO_COLOR' env is ignored due to the 'FORCE_COLOR' env being set.
(Use `node --trace-warnings ...` to show where the warning was created)
(node:3505735) Warning: The 'NO_COLOR' env is ignored due to the 'FORCE_COLOR' env being set.
(Use `node --trace-warnings ...` to show where the warning was created)
  ✘  151 e2e/uvm.spec.js:66:3 › UVM: Coverage-Driven Verification (46.2s)
(node:3511031) Warning: The 'NO_COLOR' env is ignored due to the 'FORCE_COLOR' env being set.
(Use `node --trace-warnings ...` to show where the warning was created)
(node:3511031) Warning: The 'NO_COLOR' env is ignored due to the 'FORCE_COLOR' env being set.
(Use `node --trace-warnings ...` to show where the warning was created)
  ✓  158 e2e/qa-all-lessons.spec.js:86:5 › [54] always and s_eventually › verify (4.9s)
  ✓  160 e2e/qa-all-lessons.spec.js:86:5 › [55] until and s_until › verify (3.7s)
  ✓  161 e2e/qa-all-lessons.spec.js:86:5 › [56] Logical Equivalence Checking › verify (6.5s)
  ✘  159 e2e/uvm.spec.js:66:3 › UVM: Factory Overrides (46.1s)
  ✘  146 e2e/solutions.spec.js:154:3 › [sim] Interfaces and modport (3.0m)
(node:3652487) Warning: The 'NO_COLOR' env is ignored due to the 'FORCE_COLOR' env being set.
(Use `node --trace-warnings ...` to show where the warning was created)
(node:3652487) Warning: The 'NO_COLOR' env is ignored due to the 'FORCE_COLOR' env being set.
(Use `node --trace-warnings ...` to show where the warning was created)
  ✘  150 e2e/formal.spec.js:92:1 › LEC: fixed Impl is proved equivalent to Spec (3.0m)
  ✘  162 e2e/qa-all-lessons.spec.js:65:5 › [57] The First UVM Test › run (2.5m)
  ✘  163 e2e/solutions.spec.js:154:3 › [sim] Tasks and Functions (3.0m)
(node:3960055) Warning: The 'NO_COLOR' env is ignored due to the 'FORCE_COLOR' env being set.
(Use `node --trace-warnings ...` to show where the warning was created)
(node:3960055) Warning: The 'NO_COLOR' env is ignored due to the 'FORCE_COLOR' env being set.
(Use `node --trace-warnings ...` to show where the warning was created)
[2m[WebServer] [22m
[2m[WebServer] [22m[1;31m[404] GET /mox/mox-run.js[0m
  ✓  165 e2e/solutions.spec.js:154:3 › [sim] typedef enum (1.5s)
[2m[WebServer] [22m
[2m[WebServer] [22m[1;31m[404] GET /mox/mox-run.js[0m
  ✓  166 e2e/solutions.spec.js:154:3 › [sim] Two-Always Moore FSM (848ms)
[2m[WebServer] [22m
[2m[WebServer] [22m[1;31m[404] GET /mox/mox-run.js[0m
  ✓  167 e2e/solutions.spec.js:154:3 › [sim] covergroup and coverpoint (745ms)
[2m[WebServer] [22m
[2m[WebServer] [22m[1;31m[404] GET /mox/mox-run.js[0m
  ✓  168 e2e/solutions.spec.js:154:3 › [sim] Bins and ignore_bins (706ms)
[2m[WebServer] [22m
[2m[WebServer] [22m[1;31m[404] GET /mox/mox-run.js[0m
  ✓  169 e2e/solutions.spec.js:154:3 › [sim] Cross coverage (718ms)
[2m[WebServer] [22m
[2m[WebServer] [22m[1;31m[404] GET /lesson/sva/waves.png[0m
[2m[WebServer] [22mnode:events:496
[2m[WebServer] [22m      throw er; // Unhandled 'error' event
[2m[WebServer] [22m      ^
[2m[WebServer] [22m
[2m[WebServer] [22mError: ENOENT: no such file or directory, open '/var/tmp/thomas-ahle/sv-tutorial/.svelte-kit/output/client/_app/immutable/entry/start.DTqQ3wkq.js'
[2m[WebServer] [22mEmitted 'error' event on ReadStream instance at:
[2m[WebServer] [22m[90m    at emitErrorNT (node:internal/streams/destroy:170:8)[39m
[2m[WebServer] [22m[90m    at emitErrorCloseNT (node:internal/streams/destroy:129:3)[39m
[2m[WebServer] [22m[90m    at process.processTicksAndRejections (node:internal/process/task_queues:90:21)[39m {
[2m[WebServer] [22m  errno: [33m-2[39m,
[2m[WebServer] [22m  code: [32m'ENOENT'[39m,
[2m[WebServer] [22m  syscall: [32m'open'[39m,
[2m[WebServer] [22m  path: [32m'/var/tmp/thomas-ahle/sv-tutorial/.svelte-kit/output/client/_app/immutable/entry/start.DTqQ3wkq.js'[39m
[2m[WebServer] [22m}
[2m[WebServer] [22m
[2m[WebServer] [22mNode.js v22.16.0
  ✘  164 e2e/qa-all-lessons.spec.js:65:5 › [58] Sequence Items › run (2.5m)
  ✘  171 e2e/qa-all-lessons.spec.js:65:5 › [59] Sequences › run (150ms)
  ✘  172 e2e/qa-all-lessons.spec.js:65:5 › [60] The Driver › run (117ms)
  ✘  173 e2e/qa-all-lessons.spec.js:65:5 › [61] Constrained-Random Scenarios › run (127ms)
  ✘  174 e2e/qa-all-lessons.spec.js:65:5 › [62] Monitor and Scoreboard › run (139ms)
  ✘  175 e2e/qa-all-lessons.spec.js:65:5 › [63] Environment and Test › run (128ms)
  ✘  176 e2e/qa-all-lessons.spec.js:65:5 › [64] Functional Coverage › run (127ms)
  ✘  177 e2e/qa-all-lessons.spec.js:65:5 › [65] Cross Coverage › run (136ms)
  ✘  178 e2e/qa-all-lessons.spec.js:65:5 › [66] Coverage-Driven Verification › run (134ms)
  ✘  179 e2e/qa-all-lessons.spec.js:65:5 › [67] Factory Overrides › run (132ms)
  ✘  180 e2e/qa-all-lessons.spec.js:65:5 › [68] Register Abstraction Layer › run (153ms)
  ✘  181 e2e/qa-all-lessons.spec.js:65:5 › [69] RTL to Gates › run (133ms)
(node:3976604) Warning: The 'NO_COLOR' env is ignored due to the 'FORCE_COLOR' env being set.
(Use `node --trace-warnings ...` to show where the warning was created)
(node:3976604) Warning: The 'NO_COLOR' env is ignored due to the 'FORCE_COLOR' env being set.
(Use `node --trace-warnings ...` to show where the warning was created)
  ✘  182 e2e/qa-all-lessons.spec.js:65:5 › [70] Synthesis Gotchas › run (164ms)
(node:3977838) Warning: The 'NO_COLOR' env is ignored due to the 'FORCE_COLOR' env being set.
(Use `node --trace-warnings ...` to show where the warning was created)
(node:3977838) Warning: The 'NO_COLOR' env is ignored due to the 'FORCE_COLOR' env being set.
(Use `node --trace-warnings ...` to show where the warning was created)
  ✘  183 e2e/qa-all-lessons.spec.js:65:5 › [71] What is MLIR? › run (176ms)
(node:3978765) Warning: The 'NO_COLOR' env is ignored due to the 'FORCE_COLOR' env being set.
(Use `node --trace-warnings ...` to show where the warning was created)
(node:3978765) Warning: The 'NO_COLOR' env is ignored due to the 'FORCE_COLOR' env being set.
(Use `node --trace-warnings ...` to show where the warning was created)
  ✘  184 e2e/qa-all-lessons.spec.js:65:5 › [72] The comb Dialect › run (219ms)
(node:3983225) Warning: The 'NO_COLOR' env is ignored due to the 'FORCE_COLOR' env being set.
(Use `node --trace-warnings ...` to show where the warning was created)
(node:3983225) Warning: The 'NO_COLOR' env is ignored due to the 'FORCE_COLOR' env being set.
(Use `node --trace-warnings ...` to show where the warning was created)
  ✘  185 e2e/qa-all-lessons.spec.js:65:5 › [73] The seq Dialect: Registers › run (189ms)
(node:3984376) Warning: The 'NO_COLOR' env is ignored due to the 'FORCE_COLOR' env being set.
(Use `node --trace-warnings ...` to show where the warning was created)
(node:3984376) Warning: The 'NO_COLOR' env is ignored due to the 'FORCE_COLOR' env being set.
(Use `node --trace-warnings ...` to show where the warning was created)
  ✘  186 e2e/qa-all-lessons.spec.js:65:5 › [74] The Lowering Pipeline › run (366ms)
(node:3985392) Warning: The 'NO_COLOR' env is ignored due to the 'FORCE_COLOR' env being set.
(Use `node --trace-warnings ...` to show where the warning was created)
(node:3985392) Warning: The 'NO_COLOR' env is ignored due to the 'FORCE_COLOR' env being set.
(Use `node --trace-warnings ...` to show where the warning was created)
  ✘  187 e2e/qa-all-lessons.spec.js:65:5 › [75] Your First cocotb Test › run (175ms)
  ✘  188 e2e/qa-all-lessons.spec.js:65:5 › [76] Clock and Timing › run (282ms)
  ✘  189 e2e/qa-all-lessons.spec.js:65:5 › [77] Edge Triggers and Clock › run (132ms)
  ✘  190 e2e/qa-all-lessons.spec.js:65:5 › [78] ClockCycles and Patterns › run (120ms)
  ✘  170 e2e/solutions.spec.js:154:3 › [sim] Concurrent Assertions in Simulation (1.5m)
(node:4075387) Warning: The 'NO_COLOR' env is ignored due to the 'FORCE_COLOR' env being set.
(Use `node --trace-warnings ...` to show where the warning was created)
(node:4075387) Warning: The 'NO_COLOR' env is ignored due to the 'FORCE_COLOR' env being set.
(Use `node --trace-warnings ...` to show where the warning was created)
  ✘  191 e2e/solutions.spec.js:154:3 › [sim] Vacuous Pass (170ms)
(node:4075866) Warning: The 'NO_COLOR' env is ignored due to the 'FORCE_COLOR' env being set.
(Use `node --trace-warnings ...` to show where the warning was created)
(node:4075866) Warning: The 'NO_COLOR' env is ignored due to the 'FORCE_COLOR' env being set.
(Use `node --trace-warnings ...` to show where the warning was created)
  ✘  192 e2e/solutions.spec.js:154:3 › [sim] $isunknown — Detecting X and Z (360ms)
(node:4076511) Warning: The 'NO_COLOR' env is ignored due to the 'FORCE_COLOR' env being set.
(Use `node --trace-warnings ...` to show where the warning was created)
(node:4076511) Warning: The 'NO_COLOR' env is ignored due to the 'FORCE_COLOR' env being set.
(Use `node --trace-warnings ...` to show where the warning was created)
  ✘  193 e2e/solutions.spec.js:154:3 › [bmc] Immediate Assertions (187ms)
(node:4078140) Warning: The 'NO_COLOR' env is ignored due to the 'FORCE_COLOR' env being set.
(Use `node --trace-warnings ...` to show where the warning was created)
(node:4078140) Warning: The 'NO_COLOR' env is ignored due to the 'FORCE_COLOR' env being set.
(Use `node --trace-warnings ...` to show where the warning was created)
  ✘  194 e2e/solutions.spec.js:154:3 › [bmc] Sequences and Properties (185ms)
(node:4078713) Warning: The 'NO_COLOR' env is ignored due to the 'FORCE_COLOR' env being set.
(Use `node --trace-warnings ...` to show where the warning was created)
(node:4078713) Warning: The 'NO_COLOR' env is ignored due to the 'FORCE_COLOR' env being set.
(Use `node --trace-warnings ...` to show where the warning was created)
  ✘  195 e2e/solutions.spec.js:154:3 › [bmc] Implication: |-> and |=> (172ms)
(node:4079515) Warning: The 'NO_COLOR' env is ignored due to the 'FORCE_COLOR' env being set.
(Use `node --trace-warnings ...` to show where the warning was created)
(node:4079515) Warning: The 'NO_COLOR' env is ignored due to the 'FORCE_COLOR' env being set.
(Use `node --trace-warnings ...` to show where the warning was created)
  ✘  196 e2e/solutions.spec.js:154:3 › [bmc] Bounded Model Checking (363ms)
(node:4079999) Warning: The 'NO_COLOR' env is ignored due to the 'FORCE_COLOR' env being set.
(Use `node --trace-warnings ...` to show where the warning was created)
(node:4079999) Warning: The 'NO_COLOR' env is ignored due to the 'FORCE_COLOR' env being set.
(Use `node --trace-warnings ...` to show where the warning was created)
  ✘  197 e2e/solutions.spec.js:154:3 › [bmc] Clock Delay ##m and ##[m:n] (181ms)
(node:4080808) Warning: The 'NO_COLOR' env is ignored due to the 'FORCE_COLOR' env being set.
(Use `node --trace-warnings ...` to show where the warning was created)
(node:4080808) Warning: The 'NO_COLOR' env is ignored due to the 'FORCE_COLOR' env being set.
(Use `node --trace-warnings ...` to show where the warning was created)
  ✘  198 e2e/solutions.spec.js:154:3 › [bmc] $rose and $fell (374ms)
(node:4081427) Warning: The 'NO_COLOR' env is ignored due to the 'FORCE_COLOR' env being set.
(Use `node --trace-warnings ...` to show where the warning was created)
(node:4081427) Warning: The 'NO_COLOR' env is ignored due to the 'FORCE_COLOR' env being set.
(Use `node --trace-warnings ...` to show where the warning was created)
  ✘  199 e2e/solutions.spec.js:154:3 › [bmc] Request / Acknowledge (178ms)
(node:4082092) Warning: The 'NO_COLOR' env is ignored due to the 'FORCE_COLOR' env being set.
(Use `node --trace-warnings ...` to show where the warning was created)
(node:4082092) Warning: The 'NO_COLOR' env is ignored due to the 'FORCE_COLOR' env being set.
(Use `node --trace-warnings ...` to show where the warning was created)
  ✘  200 e2e/solutions.spec.js:154:3 › [bmc] Consecutive Repetition [*m] (363ms)
(node:4082805) Warning: The 'NO_COLOR' env is ignored due to the 'FORCE_COLOR' env being set.
(Use `node --trace-warnings ...` to show where the warning was created)
(node:4082805) Warning: The 'NO_COLOR' env is ignored due to the 'FORCE_COLOR' env being set.
(Use `node --trace-warnings ...` to show where the warning was created)
  ✘  201 e2e/solutions.spec.js:154:3 › [bmc] Goto Repetition [->m] (173ms)
(node:4083214) Warning: The 'NO_COLOR' env is ignored due to the 'FORCE_COLOR' env being set.
(Use `node --trace-warnings ...` to show where the warning was created)
(node:4083214) Warning: The 'NO_COLOR' env is ignored due to the 'FORCE_COLOR' env being set.
(Use `node --trace-warnings ...` to show where the warning was created)
  ✘  202 e2e/solutions.spec.js:154:3 › [bmc] Non-Consecutive Equal Repetition [=m] (365ms)
(node:4083813) Warning: The 'NO_COLOR' env is ignored due to the 'FORCE_COLOR' env being set.
(Use `node --trace-warnings ...` to show where the warning was created)
(node:4083813) Warning: The 'NO_COLOR' env is ignored due to the 'FORCE_COLOR' env being set.
(Use `node --trace-warnings ...` to show where the warning was created)
  ✘  203 e2e/solutions.spec.js:154:3 › [bmc] throughout — Stability During a Sequence (187ms)
(node:4084478) Warning: The 'NO_COLOR' env is ignored due to the 'FORCE_COLOR' env being set.
(Use `node --trace-warnings ...` to show where the warning was created)
(node:4084478) Warning: The 'NO_COLOR' env is ignored due to the 'FORCE_COLOR' env being set.
(Use `node --trace-warnings ...` to show where the warning was created)
  ✘  204 e2e/solutions.spec.js:154:3 › [bmc] Sequence Composition: intersect, within, and, or (208ms)
(node:4084907) Warning: The 'NO_COLOR' env is ignored due to the 'FORCE_COLOR' env being set.
(Use `node --trace-warnings ...` to show where the warning was created)
(node:4084907) Warning: The 'NO_COLOR' env is ignored due to the 'FORCE_COLOR' env being set.
(Use `node --trace-warnings ...` to show where the warning was created)
  ✘  205 e2e/solutions.spec.js:154:3 › [bmc] $stable and $past (196ms)
(node:4085384) Warning: The 'NO_COLOR' env is ignored due to the 'FORCE_COLOR' env being set.
(Use `node --trace-warnings ...` to show where the warning was created)
(node:4085384) Warning: The 'NO_COLOR' env is ignored due to the 'FORCE_COLOR' env being set.
(Use `node --trace-warnings ...` to show where the warning was created)
  ✘  206 e2e/solutions.spec.js:154:3 › [bmc] $changed and $sampled (177ms)
(node:4085907) Warning: The 'NO_COLOR' env is ignored due to the 'FORCE_COLOR' env being set.
(Use `node --trace-warnings ...` to show where the warning was created)
(node:4085907) Warning: The 'NO_COLOR' env is ignored due to the 'FORCE_COLOR' env being set.
(Use `node --trace-warnings ...` to show where the warning was created)
  ✘  207 e2e/solutions.spec.js:154:3 › [bmc] disable iff — Reset Handling (189ms)
(node:4086370) Warning: The 'NO_COLOR' env is ignored due to the 'FORCE_COLOR' env being set.
(Use `node --trace-warnings ...` to show where the warning was created)
(node:4086370) Warning: The 'NO_COLOR' env is ignored due to the 'FORCE_COLOR' env being set.
(Use `node --trace-warnings ...` to show where the warning was created)
  ✘  208 e2e/solutions.spec.js:154:3 › [bmc] Aborting Properties: reject_on and accept_on (164ms)
(node:4087099) Warning: The 'NO_COLOR' env is ignored due to the 'FORCE_COLOR' env being set.
(Use `node --trace-warnings ...` to show where the warning was created)
(node:4087099) Warning: The 'NO_COLOR' env is ignored due to the 'FORCE_COLOR' env being set.
(Use `node --trace-warnings ...` to show where the warning was created)
  ✘  209 e2e/solutions.spec.js:154:3 › [bmc] cover property (175ms)
(node:4087652) Warning: The 'NO_COLOR' env is ignored due to the 'FORCE_COLOR' env being set.
(Use `node --trace-warnings ...` to show where the warning was created)
(node:4087652) Warning: The 'NO_COLOR' env is ignored due to the 'FORCE_COLOR' env being set.
(Use `node --trace-warnings ...` to show where the warning was created)
  ✘  210 e2e/solutions.spec.js:154:3 › [bmc] Local Variables in Sequences (176ms)
(node:4088186) Warning: The 'NO_COLOR' env is ignored due to the 'FORCE_COLOR' env being set.
(Use `node --trace-warnings ...` to show where the warning was created)
(node:4088186) Warning: The 'NO_COLOR' env is ignored due to the 'FORCE_COLOR' env being set.
(Use `node --trace-warnings ...` to show where the warning was created)
  ✘  211 e2e/solutions.spec.js:154:3 › [bmc] $onehot, $onehot0, $countones (367ms)
(node:4088722) Warning: The 'NO_COLOR' env is ignored due to the 'FORCE_COLOR' env being set.
(Use `node --trace-warnings ...` to show where the warning was created)
(node:4088722) Warning: The 'NO_COLOR' env is ignored due to the 'FORCE_COLOR' env being set.
(Use `node --trace-warnings ...` to show where the warning was created)
  ✘  212 e2e/solutions.spec.js:154:3 › [bmc] .triggered — Sequence Endpoint Detection (186ms)
(node:4089146) Warning: The 'NO_COLOR' env is ignored due to the 'FORCE_COLOR' env being set.
(Use `node --trace-warnings ...` to show where the warning was created)
(node:4089146) Warning: The 'NO_COLOR' env is ignored due to the 'FORCE_COLOR' env being set.
(Use `node --trace-warnings ...` to show where the warning was created)
  ✘  213 e2e/solutions.spec.js:154:3 › [bmc] The checker Construct (181ms)
(node:4090810) Warning: The 'NO_COLOR' env is ignored due to the 'FORCE_COLOR' env being set.
(Use `node --trace-warnings ...` to show where the warning was created)
(node:4090810) Warning: The 'NO_COLOR' env is ignored due to the 'FORCE_COLOR' env being set.
(Use `node --trace-warnings ...` to show where the warning was created)
  ✘  214 e2e/solutions.spec.js:154:3 › [bmc] Recursive Properties (214ms)
(node:4093979) Warning: The 'NO_COLOR' env is ignored due to the 'FORCE_COLOR' env being set.
(Use `node --trace-warnings ...` to show where the warning was created)
(node:4093979) Warning: The 'NO_COLOR' env is ignored due to the 'FORCE_COLOR' env being set.
(Use `node --trace-warnings ...` to show where the warning was created)
  ✘  215 e2e/solutions.spec.js:154:3 › [both] assume property (188ms)
(node:4095510) Warning: The 'NO_COLOR' env is ignored due to the 'FORCE_COLOR' env being set.
(Use `node --trace-warnings ...` to show where the warning was created)
(node:4095510) Warning: The 'NO_COLOR' env is ignored due to the 'FORCE_COLOR' env being set.
(Use `node --trace-warnings ...` to show where the warning was created)
  ✘  216 e2e/solutions.spec.js:154:3 › [bmc] always and s_eventually (185ms)
(node:4098780) Warning: The 'NO_COLOR' env is ignored due to the 'FORCE_COLOR' env being set.
(Use `node --trace-warnings ...` to show where the warning was created)
(node:4098780) Warning: The 'NO_COLOR' env is ignored due to the 'FORCE_COLOR' env being set.
(Use `node --trace-warnings ...` to show where the warning was created)
  ✘  217 e2e/solutions.spec.js:154:3 › [bmc] until and s_until (198ms)
(node:4099970) Warning: The 'NO_COLOR' env is ignored due to the 'FORCE_COLOR' env being set.
(Use `node --trace-warnings ...` to show where the warning was created)
(node:4099970) Warning: The 'NO_COLOR' env is ignored due to the 'FORCE_COLOR' env being set.
(Use `node --trace-warnings ...` to show where the warning was created)
  ✘  218 e2e/solutions.spec.js:154:3 › [lec] Logical Equivalence Checking (189ms)
(node:4100646) Warning: The 'NO_COLOR' env is ignored due to the 'FORCE_COLOR' env being set.
(Use `node --trace-warnings ...` to show where the warning was created)
(node:4100646) Warning: The 'NO_COLOR' env is ignored due to the 'FORCE_COLOR' env being set.
(Use `node --trace-warnings ...` to show where the warning was created)
  ✘  219 e2e/solutions.spec.js:154:3 › [sim] The First UVM Test (372ms)
(node:4101352) Warning: The 'NO_COLOR' env is ignored due to the 'FORCE_COLOR' env being set.
(Use `node --trace-warnings ...` to show where the warning was created)
(node:4101352) Warning: The 'NO_COLOR' env is ignored due to the 'FORCE_COLOR' env being set.
(Use `node --trace-warnings ...` to show where the warning was created)
  ✘  220 e2e/solutions.spec.js:154:3 › [sim] Sequence Items (178ms)
(node:4101822) Warning: The 'NO_COLOR' env is ignored due to the 'FORCE_COLOR' env being set.
(Use `node --trace-warnings ...` to show where the warning was created)
(node:4101822) Warning: The 'NO_COLOR' env is ignored due to the 'FORCE_COLOR' env being set.
(Use `node --trace-warnings ...` to show where the warning was created)
  ✘  221 e2e/solutions.spec.js:154:3 › [sim] Sequences (178ms)
(node:4102200) Warning: The 'NO_COLOR' env is ignored due to the 'FORCE_COLOR' env being set.
(Use `node --trace-warnings ...` to show where the warning was created)
(node:4102200) Warning: The 'NO_COLOR' env is ignored due to the 'FORCE_COLOR' env being set.
(Use `node --trace-warnings ...` to show where the warning was created)
  ✘  222 e2e/solutions.spec.js:154:3 › [sim] The Driver (174ms)
(node:4102730) Warning: The 'NO_COLOR' env is ignored due to the 'FORCE_COLOR' env being set.
(Use `node --trace-warnings ...` to show where the warning was created)
(node:4102730) Warning: The 'NO_COLOR' env is ignored due to the 'FORCE_COLOR' env being set.
(Use `node --trace-warnings ...` to show where the warning was created)
  ✘  223 e2e/solutions.spec.js:154:3 › [sim] Monitor and Scoreboard (187ms)
(node:4105275) Warning: The 'NO_COLOR' env is ignored due to the 'FORCE_COLOR' env being set.
(Use `node --trace-warnings ...` to show where the warning was created)
(node:4105275) Warning: The 'NO_COLOR' env is ignored due to the 'FORCE_COLOR' env being set.
(Use `node --trace-warnings ...` to show where the warning was created)
  ✘  224 e2e/solutions.spec.js:154:3 › [sim] Environment and Test (181ms)
(node:4106228) Warning: The 'NO_COLOR' env is ignored due to the 'FORCE_COLOR' env being set.
(Use `node --trace-warnings ...` to show where the warning was created)
(node:4106228) Warning: The 'NO_COLOR' env is ignored due to the 'FORCE_COLOR' env being set.
(Use `node --trace-warnings ...` to show where the warning was created)
  ✘  225 e2e/solutions.spec.js:154:3 › [sim] Functional Coverage (170ms)
(node:4107415) Warning: The 'NO_COLOR' env is ignored due to the 'FORCE_COLOR' env being set.
(Use `node --trace-warnings ...` to show where the warning was created)
(node:4107415) Warning: The 'NO_COLOR' env is ignored due to the 'FORCE_COLOR' env being set.
(Use `node --trace-warnings ...` to show where the warning was created)
  ✘  226 e2e/solutions.spec.js:154:3 › [sim] Cross Coverage (190ms)
(node:4108412) Warning: The 'NO_COLOR' env is ignored due to the 'FORCE_COLOR' env being set.
(Use `node --trace-warnings ...` to show where the warning was created)
(node:4108412) Warning: The 'NO_COLOR' env is ignored due to the 'FORCE_COLOR' env being set.
(Use `node --trace-warnings ...` to show where the warning was created)
  ✘  227 e2e/solutions.spec.js:154:3 › [sim] Coverage-Driven Verification (497ms)
(node:4109557) Warning: The 'NO_COLOR' env is ignored due to the 'FORCE_COLOR' env being set.
(Use `node --trace-warnings ...` to show where the warning was created)
(node:4109557) Warning: The 'NO_COLOR' env is ignored due to the 'FORCE_COLOR' env being set.
(Use `node --trace-warnings ...` to show where the warning was created)
  ✘  228 e2e/solutions.spec.js:154:3 › [cocotb] Your First cocotb Test (363ms)
(node:4110052) Warning: The 'NO_COLOR' env is ignored due to the 'FORCE_COLOR' env being set.
(Use `node --trace-warnings ...` to show where the warning was created)
(node:4110052) Warning: The 'NO_COLOR' env is ignored due to the 'FORCE_COLOR' env being set.
(Use `node --trace-warnings ...` to show where the warning was created)
  ✘  229 e2e/solutions.spec.js:154:3 › [cocotb] Clock and Timing (184ms)


  1) e2e/cocotb-run.spec.js:5:1 › cocotb: a run settles with a test result or the simulator error ──

    Error: [2mexpect([22m[31mlocator[39m[2m).[22mtoContainText[2m([22m[32mexpected[39m[2m)[22m failed

    Locator: getByTestId('runtime-logs')
    Timeout: 5000ms
    Expected pattern: [32m/^(PASS|FAIL|ERROR)\s+\w+|Aborted\(/m[39m
    Received string:  [31m"$ mox-verilog --resource-guard=false --ir-llhd --timescale 1ps/1ps --single-unit --top adder -o /workspace/out/design.llhd.mlir /workspace/src/adder.svstdout $ python /workspace/src/test_adder.py[39m
    [31m$ mox-sim --resource-guard=false --mode interpret --max-time=1000000000 --top adder /workspace/out/design.llhd.mlir[39m
    [31m[mox-sim] Auto-enabling --skip-passes for module marked mox.sim.preprocessed[39m
    [31m[mox-sim] Stage: passes (prev: 7ms, total: 7ms)[39m
    [31m[mox-sim] Stage: init (prev: 7ms, total: 14ms)[39m
    [31m[mox-sim] Found 0 LLHD processes, 0 LLHD finals, 0 seq.initial blocks, and 0 hw.instance ops (out of 12 total ops) in module[39m
    [31m[mox-sim] Registered 3 LLHD signals and 0 LLHD processes/initial blocks[39m
    [31m[mox-sim] Receipt: INIT_COMPLETE_OK execution_failure=0 process_dispatches=0[39m
    [31m[mox-sim] Stage: run (prev: 270ms, total: 285ms)[39m
    [31m[mox-sim] Starting simulation[39m
    [31m[mox-sim] Simulation completed at time 0 fs[39m
    [31m[mox-sim] Simulation completed"[39m

    Call log:
    [2m  - Expect "toContainText" with timeout 5000ms[22m
    [2m  - waiting for getByTestId('runtime-logs')[22m
    [2m    9 × locator resolved to <div data-testid="runtime-logs" class="m-0 bg-logs-bg text-logs-text p-[0.6rem] overflow-auto font-mono text-[0.78rem]↵               flex-1 min-h-0">…</div>[22m
    [2m      - unexpected value "$ mox-verilog --resource-guard=false --ir-llhd --timescale 1ps/1ps --single-unit --top adder -o /workspace/out/design.llhd.mlir /workspace/src/adder.svstdout $ python /workspace/src/test_adder.py[22m
    [2m$ mox-sim --resource-guard=false --mode interpret --max-time=1000000000 --top adder /workspace/out/design.llhd.mlir[22m
    [2m[mox-sim] Auto-enabling --skip-passes for module marked mox.sim.preprocessed[22m
    [2m[mox-sim] Stage: passes (prev: 7ms, total: 7ms)[22m
    [2m[mox-sim] Stage: init (prev: 7ms, total: 14ms)[22m
    [2m[mox-sim] Found 0 LLHD processes, 0 LLHD finals, 0 seq.initial blocks, and 0 hw.instance ops (out of 12 total ops) in module[22m
    [2m[mox-sim] Registered 3 LLHD signals and 0 LLHD processes/initial blocks[22m
    [2m[mox-sim] Receipt: INIT_COMPLETE_OK execution_failure=0 process_dispatches=0[22m
    [2m[mox-sim] Stage: run (prev: 270ms, total: 285ms)[22m
    [2m[mox-sim] Starting simulation[22m
    [2m[mox-sim] Simulation completed at time 0 fs[22m
    [2m[mox-sim] Simulation completed"[22m


      12 |   await expect(logs).toContainText('$ mox-sim', { timeout: 60_000 });
      13 |   await expect(button).not.toHaveAttribute('aria-label', /^Cancel/, { timeout: 60_000 });
    > 14 |   await expect(logs).toContainText(/^(PASS|FAIL|ERROR)\s+\w+|Aborted\(/m);
         |                      ^
      15 | });
      16 |
        at /var/tmp/thomas-ahle/sv-tutorial/e2e/cocotb-run.spec.js:14:22

    attachment #1: screenshot (image/png) ──────────────────────────────────────────────────────────
    test-results/cocotb-run-cocotb-a-run-se-926cb-sult-or-the-simulator-error/test-failed-1.png
    ────────────────────────────────────────────────────────────────────────────────────────────────

    Error Context: test-results/cocotb-run-cocotb-a-run-se-926cb-sult-or-the-simulator-error/error-context.md

  2) e2e/cocotb.spec.js:25:1 › cocotb: Your First cocotb Test — solution passes all assertions ─────

    [31mTest timeout of 180000ms exceeded.[39m

    Error: [2mexpect([22m[31mlocator[39m[2m).[22mtoContainText[2m([22m[32mexpected[39m[2m)[22m failed

    Locator: getByTestId('runtime-logs')
    [32m- Expected substring  -  1[39m
    [31m+ Received string     + 12[39m

    [32m- PASS[39m
    [31m+ $ mox-verilog --resource-guard=false --ir-llhd --timescale 1ps/1ps --single-unit --top adder -o /workspace/out/design.llhd.mlir /workspace/src/adder.svstdout $ python /workspace/src/test_adder.py[39m
    [31m+ $ mox-sim --resource-guard=false --mode interpret --max-time=1000000000 --top adder /workspace/out/design.llhd.mlir[39m
    [31m+ [mox-sim] Auto-enabling --skip-passes for module marked mox.sim.preprocessed[39m
    [31m+ [mox-sim] Stage: passes (prev: 1ms, total: 1ms)[39m
    [31m+ [mox-sim] Stage: init (prev: 7ms, total: 8ms)[39m
    [31m+ [mox-sim] Found 1 LLHD processes, 0 LLHD finals, 0 seq.initial blocks, and 0 hw.instance ops (out of 44 total ops) in module[39m
    [31m+ [mox-sim] Registered 3 LLHD signals and 1 LLHD processes/initial blocks[39m
    [31m+ [mox-sim] Receipt: INIT_COMPLETE_OK execution_failure=0 process_dispatches=0[39m
    [31m+ [mox-sim] Stage: run (prev: 307ms, total: 316ms)[39m
    [31m+ [mox-sim] Starting simulation[39m
    [31m+ [mox-sim] Simulation completed at time 0 fs[39m
    [31m+ [mox-sim] Simulation completed[39m

    Call log:
    [2m  - Expect "toContainText" with timeout 180000ms[22m
    [2m  - waiting for getByTestId('runtime-logs')[22m
    [2m    2 × locator resolved to <div data-testid="runtime-logs" class="m-0 bg-logs-bg text-logs-text p-[0.6rem] overflow-auto font-mono text-[0.78rem]↵               flex-1 min-h-0">…</div>[22m
    [2m      - unexpected value "$ mox-verilog --resource-guard=false --ir-llhd --timescale 1ps/1ps --single-unit --top adder -o /workspace/out/design.llhd.mlir /workspace/src/adder.svstdout $ python /workspace/src/test_adder.py[22m
    [2m$ mox-sim --resource-guard=false --mode interpret --max-time=1000000000 --top adder /workspace/out/design.llhd.mlir"[22m
    [2m    - locator resolved to <div data-testid="runtime-logs" class="m-0 bg-logs-bg text-logs-text p-[0.6rem] overflow-auto font-mono text-[0.78rem]↵               flex-1 min-h-0">…</div>[22m
    [2m    - unexpected value "$ mox-verilog --resource-guard=false --ir-llhd --timescale 1ps/1ps --single-unit --top adder -o /workspace/out/design.llhd.mlir /workspace/src/adder.svstdout $ python /workspace/src/test_adder.py[22m
    [2m$ mox-sim --resource-guard=false --mode interpret --max-time=1000000000 --top adder /workspace/out/design.llhd.mlir[22m
    [2m[mox-sim] Auto-enabling --skip-passes for module marked mox.sim.preprocessed[22m
    [2m[mox-sim] Stage: passes (prev: 1ms, total: 1ms)[22m
    [2m[mox-sim] Stage: init (prev: 7ms, total: 8ms)[22m
    [2m[mox-sim] Found 1 LLHD processes, 0 LLHD finals, 0 seq.initial blocks, and 0 hw.instance ops (out of 44 total ops) in module"[22m
    [2m    - locator resolved to <div data-testid="runtime-logs" class="m-0 bg-logs-bg text-logs-text p-[0.6rem] overflow-auto font-mono text-[0.78rem]↵               flex-1 min-h-0">…</div>[22m
    [2m    - unexpected value "$ mox-verilog --resource-guard=false --ir-llhd --timescale 1ps/1ps --single-unit --top adder -o /workspace/out/design.llhd.mlir /workspace/src/adder.svstdout $ python /workspace/src/test_adder.py[22m
    [2m$ mox-sim --resource-guard=false --mode interpret --max-time=1000000000 --top adder /workspace/out/design.llhd.mlir[22m
    [2m[mox-sim] Auto-enabling --skip-passes for module marked mox.sim.preprocessed[22m
    [2m[mox-sim] Stage: passes (prev: 1ms, total: 1ms)[22m
    [2m[mox-sim] Stage: init (prev: 7ms, total: 8ms)[22m
    [2m[mox-sim] Found 1 LLHD processes, 0 LLHD finals, 0 seq.initial blocks, and 0 hw.instance ops (out of 44 total ops) in module[22m
    [2m[mox-sim] Registered 3 LLHD signals and 1 LLHD processes/initial blocks"[22m
    [2m    168 × locator resolved to <div data-testid="runtime-logs" class="m-0 bg-logs-bg text-logs-text p-[0.6rem] overflow-auto font-mono text-[0.78rem]↵               flex-1 min-h-0">…</div>[22m
    [2m        - unexpected value "$ mox-verilog --resource-guard=false --ir-llhd --timescale 1ps/1ps --single-unit --top adder -o /workspace/out/design.llhd.mlir /workspace/src/adder.svstdout $ python /workspace/src/test_adder.py[22m
    [2m$ mox-sim --resource-guard=false --mode interpret --max-time=1000000000 --top adder /workspace/out/design.llhd.mlir[22m
    [2m[mox-sim] Auto-enabling --skip-passes for module marked mox.sim.preprocessed[22m
    [2m[mox-sim] Stage: passes (prev: 1ms, total: 1ms)[22m
    [2m[mox-sim] Stage: init (prev: 7ms, total: 8ms)[22m
    [2m[mox-sim] Found 1 LLHD processes, 0 LLHD finals, 0 seq.initial blocks, and 0 hw.instance ops (out of 44 total ops) in module[22m
    [2m[mox-sim] Registered 3 LLHD signals and 1 LLHD processes/initial blocks[22m
    [2m[mox-sim] Receipt: INIT_COMPLETE_OK execution_failure=0 process_dispatches=0[22m
    [2m[mox-sim] Stage: run (prev: 307ms, total: 316ms)[22m
    [2m[mox-sim] Starting simulation[22m
    [2m[mox-sim] Simulation completed at time 0 fs[22m
    [2m[mox-sim] Simulation completed"[22m


      32 |   const logs = page.getByTestId('runtime-logs');
      33 |   await expect(logs).toContainText('$ python /workspace/src/test_adder.py', { timeout: 180_000 });
    > 34 |   await expect(logs).toContainText('PASS', { timeout: 180_000 });
         |                      ^
      35 |   await expect(logs).toContainText('[mox-sim] Simulation completed', { timeout: 180_000 });
      36 |   await expect(logs).not.toContainText('AssertionError');
      37 |   await expect(logs).not.toContainText("Failed to execute 'importScripts'");
        at /var/tmp/thomas-ahle/sv-tutorial/e2e/cocotb.spec.js:34:22

    attachment #1: screenshot (image/png) ──────────────────────────────────────────────────────────
    test-results/cocotb-cocotb-Your-First-c-05e18-ution-passes-all-assertions/test-failed-1.png
    ────────────────────────────────────────────────────────────────────────────────────────────────

    Error Context: test-results/cocotb-cocotb-Your-First-c-05e18-ution-passes-all-assertions/error-context.md

  3) e2e/cocotb.spec.js:41:1 › cocotb: Clock and Timing — solution passes all assertions ───────────

    [31mTest timeout of 180000ms exceeded.[39m

    Error: [2mexpect([22m[31mlocator[39m[2m).[22mtoContainText[2m([22m[32mexpected[39m[2m)[22m failed

    Locator: getByTestId('runtime-logs')
    [32m- Expected substring  -  1[39m
    [31m+ Received string     + 12[39m

    [32m- PASS[39m
    [31m+ $ mox-verilog --resource-guard=false --ir-llhd --timescale 1ps/1ps --single-unit --top counter -o /workspace/out/design.llhd.mlir /workspace/src/counter.svstdout $ python /workspace/src/test_counter.py[39m
    [31m+ $ mox-sim --resource-guard=false --mode interpret --max-time=1000000000 --top counter /workspace/out/design.llhd.mlir[39m
    [31m+ [mox-sim] Auto-enabling --skip-passes for module marked mox.sim.preprocessed[39m
    [31m+ [mox-sim] Stage: passes (prev: 1ms, total: 1ms)[39m
    [31m+ [mox-sim] Stage: init (prev: 11ms, total: 12ms)[39m
    [31m+ [mox-sim] Found 1 LLHD processes, 0 LLHD finals, 0 seq.initial blocks, and 0 hw.instance ops (out of 75 total ops) in module[39m
    [31m+ [mox-sim] Registered 3 LLHD signals and 1 LLHD processes/initial blocks[39m
    [31m+ [mox-sim] Receipt: INIT_COMPLETE_OK execution_failure=0 process_dispatches=0[39m
    [31m+ [mox-sim] Stage: run (prev: 263ms, total: 276ms)[39m
    [31m+ [mox-sim] Starting simulation[39m
    [31m+ [mox-sim] Simulation completed at time 0 fs[39m
    [31m+ [mox-sim] Simulation completed[39m

    Call log:
    [2m  - Expect "toContainText" with timeout 180000ms[22m
    [2m  - waiting for getByTestId('runtime-logs')[22m
    [2m    3 × locator resolved to <div data-testid="runtime-logs" class="m-0 bg-logs-bg text-logs-text p-[0.6rem] overflow-auto font-mono text-[0.78rem]↵               flex-1 min-h-0">…</div>[22m
    [2m      - unexpected value "$ mox-verilog --resource-guard=false --ir-llhd --timescale 1ps/1ps --single-unit --top counter -o /workspace/out/design.llhd.mlir /workspace/src/counter.svstdout $ python /workspace/src/test_counter.py[22m
    [2m$ mox-sim --resource-guard=false --mode interpret --max-time=1000000000 --top counter /workspace/out/design.llhd.mlir"[22m
    [2m    - locator resolved to <div data-testid="runtime-logs" class="m-0 bg-logs-bg text-logs-text p-[0.6rem] overflow-auto font-mono text-[0.78rem]↵               flex-1 min-h-0">…</div>[22m
    [2m    - unexpected value "$ mox-verilog --resource-guard=false --ir-llhd --timescale 1ps/1ps --single-unit --top counter -o /workspace/out/design.llhd.mlir /workspace/src/counter.svstdout $ python /workspace/src/test_counter.py[22m
    [2m$ mox-sim --resource-guard=false --mode interpret --max-time=1000000000 --top counter /workspace/out/design.llhd.mlir[22m
    [2m[mox-sim] Auto-enabling --skip-passes for module marked mox.sim.preprocessed[22m
    [2m[mox-sim] Stage: passes (prev: 1ms, total: 1ms)[22m
    [2m[mox-sim] Stage: init (prev: 11ms, total: 12ms)[22m
    [2m[mox-sim] Found 1 LLHD processes, 0 LLHD finals, 0 seq.initial blocks, and 0 hw.instance ops (out of 75 total ops) in module[22m
    [2m[mox-sim] Registered 3 LLHD signals and 1 LLHD processes/initial blocks"[22m
    [2m    172 × locator resolved to <div data-testid="runtime-logs" class="m-0 bg-logs-bg text-logs-text p-[0.6rem] overflow-auto font-mono text-[0.78rem]↵               flex-1 min-h-0">…</div>[22m
    [2m        - unexpected value "$ mox-verilog --resource-guard=false --ir-llhd --timescale 1ps/1ps --single-unit --top counter -o /workspace/out/design.llhd.mlir /workspace/src/counter.svstdout $ python /workspace/src/test_counter.py[22m
    [2m$ mox-sim --resource-guard=false --mode interpret --max-time=1000000000 --top counter /workspace/out/design.llhd.mlir[22m
    [2m[mox-sim] Auto-enabling --skip-passes for module marked mox.sim.preprocessed[22m
    [2m[mox-sim] Stage: passes (prev: 1ms, total: 1ms)[22m
    [2m[mox-sim] Stage: init (prev: 11ms, total: 12ms)[22m
    [2m[mox-sim] Found 1 LLHD processes, 0 LLHD finals, 0 seq.initial blocks, and 0 hw.instance ops (out of 75 total ops) in module[22m
    [2m[mox-sim] Registered 3 LLHD signals and 1 LLHD processes/initial blocks[22m
    [2m[mox-sim] Receipt: INIT_COMPLETE_OK execution_failure=0 process_dispatches=0[22m
    [2m[mox-sim] Stage: run (prev: 263ms, total: 276ms)[22m
    [2m[mox-sim] Starting simulation[22m
    [2m[mox-sim] Simulation completed at time 0 fs[22m
    [2m[mox-sim] Simulation completed"[22m


      47 |   const logs = page.getByTestId('runtime-logs');
      48 |   await expect(logs).toContainText('$ python /workspace/src/test_counter.py', { timeout: 180_000 });
    > 49 |   await expect(logs).toContainText('PASS', { timeout: 180_000 });
         |                      ^
      50 |   await expect(logs).toContainText('[mox-sim] Simulation completed', { timeout: 180_000 });
      51 |   await expect(logs).not.toContainText('AssertionError');
      52 |   await expect(logs).not.toContainText("Failed to execute 'importScripts'");
        at /var/tmp/thomas-ahle/sv-tutorial/e2e/cocotb.spec.js:49:22

    attachment #1: screenshot (image/png) ──────────────────────────────────────────────────────────
    test-results/cocotb-cocotb-Clock-and-Ti-60da2-ution-passes-all-assertions/test-failed-1.png
    ────────────────────────────────────────────────────────────────────────────────────────────────

    Error Context: test-results/cocotb-cocotb-Clock-and-Ti-60da2-ution-passes-all-assertions/error-context.md

  4) e2e/diag-focus.spec.js:7:1 › diag: probe FocusItem vs id_of_name in current Surfer build ──────

    [31mTest timeout of 180000ms exceeded.[39m

    Error: locator.click: Test timeout of 180000ms exceeded.
    Call log:
    [2m  - waiting for getByTitle('Editor options')[22m


      21 |     }
      22 |   });
    > 23 |   await page.getByTitle('Editor options').click();
         |                                           ^
      24 |   await page.getByTestId('solve-button').click();
      25 |   await page.getByTestId('run-button').click();
      26 |   await expect(page.getByTestId('runtime-tab-waves')).toBeVisible({ timeout: 90_000 });
        at /var/tmp/thomas-ahle/sv-tutorial/e2e/diag-focus.spec.js:23:43

    attachment #1: screenshot (image/png) ──────────────────────────────────────────────────────────
    test-results/diag-focus-diag-probe-Focu-812b4-ame-in-current-Surfer-build/test-failed-1.png
    ────────────────────────────────────────────────────────────────────────────────────────────────

    Error Context: test-results/diag-focus-diag-probe-Focu-812b4-ame-in-current-Surfer-build/error-context.md

  5) e2e/formal.spec.js:37:1 › BMC: solution proves all properties within the bound ────────────────

    [31mTest timeout of 180000ms exceeded.[39m

    Error: locator.click: Test timeout of 180000ms exceeded.
    Call log:
    [2m  - waiting for getByTestId('options-button')[22m
    [2m    - locator resolved to <button title="Editor options" aria-label="Editor options" data-testid="options-button" class="flex items-center justify-center w-8 h-8 rounded-[7px] hover:bg-surface-2 transition-colors text-muted-foreground bg-surface-2">…</button>[22m
    [2m  - attempting click action[22m
    [2m    2 × waiting for element to be visible, enabled and stable[22m
    [2m      - element is visible, enabled and stable[22m
    [2m      - scrolling into view if needed[22m
    [2m      - done scrolling[22m
    [2m      - <div class="fixed inset-0 z-40"></div> intercepts pointer events[22m
    [2m    - retrying click action[22m
    [2m    - waiting 20ms[22m
    [2m    2 × waiting for element to be visible, enabled and stable[22m
    [2m      - element is visible, enabled and stable[22m
    [2m      - scrolling into view if needed[22m
    [2m      - done scrolling[22m
    [2m      - <div class="fixed inset-0 z-40"></div> intercepts pointer events[22m
    [2m    - retrying click action[22m
    [2m      - waiting 100ms[22m
    [2m    345 × waiting for element to be visible, enabled and stable[22m
    [2m        - element is visible, enabled and stable[22m
    [2m        - scrolling into view if needed[22m
    [2m        - done scrolling[22m
    [2m        - <div class="fixed inset-0 z-40"></div> intercepts pointer events[22m
    [2m      - retrying click action[22m
    [2m        - waiting 500ms[22m
    [2m    - waiting for element to be visible, enabled and stable[22m
    [2m    - element is visible, enabled and stable[22m
    [2m    - scrolling into view if needed[22m
    [2m    - done scrolling[22m


      17 | /** Open the gear menu then click the solve/reset button inside it. */
      18 | async function clickSolve(page) {
    > 19 |   await page.getByTestId('options-button').click();
         |                                            ^
      20 |   await clickSolve(page);
      21 | }
      22 |
        at clickSolve (/var/tmp/thomas-ahle/sv-tutorial/e2e/formal.spec.js:19:44)
        at clickSolve (/var/tmp/thomas-ahle/sv-tutorial/e2e/formal.spec.js:20:9)
        at /var/tmp/thomas-ahle/sv-tutorial/e2e/formal.spec.js:40:3

    attachment #1: screenshot (image/png) ──────────────────────────────────────────────────────────
    test-results/formal-BMC-solution-proves-all-properties-within-the-bound/test-failed-1.png
    ────────────────────────────────────────────────────────────────────────────────────────────────

    Error Context: test-results/formal-BMC-solution-proves-all-properties-within-the-bound/error-context.md

  6) e2e/formal.spec.js:60:1 › assume property: solution proves property with constraint ───────────

    [31mTest timeout of 180000ms exceeded.[39m

    Error: locator.click: Test timeout of 180000ms exceeded.
    Call log:
    [2m  - waiting for getByTestId('options-button')[22m
    [2m    - locator resolved to <button title="Editor options" aria-label="Editor options" data-testid="options-button" class="flex items-center justify-center w-8 h-8 rounded-[7px] hover:bg-surface-2 transition-colors text-muted-foreground bg-surface-2">…</button>[22m
    [2m  - attempting click action[22m
    [2m    2 × waiting for element to be visible, enabled and stable[22m
    [2m      - element is visible, enabled and stable[22m
    [2m      - scrolling into view if needed[22m
    [2m      - done scrolling[22m
    [2m      - <div class="fixed inset-0 z-40"></div> intercepts pointer events[22m
    [2m    - retrying click action[22m
    [2m    - waiting 20ms[22m
    [2m    2 × waiting for element to be visible, enabled and stable[22m
    [2m      - element is visible, enabled and stable[22m
    [2m      - scrolling into view if needed[22m
    [2m      - done scrolling[22m
    [2m      - <div class="fixed inset-0 z-40"></div> intercepts pointer events[22m
    [2m    - retrying click action[22m
    [2m      - waiting 100ms[22m
    [2m    347 × waiting for element to be visible, enabled and stable[22m
    [2m        - element is visible, enabled and stable[22m
    [2m        - scrolling into view if needed[22m
    [2m        - done scrolling[22m
    [2m        - <div class="fixed inset-0 z-40"></div> intercepts pointer events[22m
    [2m      - retrying click action[22m
    [2m        - waiting 500ms[22m


      17 | /** Open the gear menu then click the solve/reset button inside it. */
      18 | async function clickSolve(page) {
    > 19 |   await page.getByTestId('options-button').click();
         |                                            ^
      20 |   await clickSolve(page);
      21 | }
      22 |
        at clickSolve (/var/tmp/thomas-ahle/sv-tutorial/e2e/formal.spec.js:19:44)
        at clickSolve (/var/tmp/thomas-ahle/sv-tutorial/e2e/formal.spec.js:20:9)
        at /var/tmp/thomas-ahle/sv-tutorial/e2e/formal.spec.js:63:3

    attachment #1: screenshot (image/png) ──────────────────────────────────────────────────────────
    test-results/formal-assume-property-sol-7a639-es-property-with-constraint/test-failed-1.png
    ────────────────────────────────────────────────────────────────────────────────────────────────

    Error Context: test-results/formal-assume-property-sol-7a639-es-property-with-constraint/error-context.md

  7) e2e/formal.spec.js:92:1 › LEC: fixed Impl is proved equivalent to Spec ────────────────────────

    [31mTest timeout of 180000ms exceeded.[39m

    Error: locator.click: Test timeout of 180000ms exceeded.
    Call log:
    [2m  - waiting for getByTestId('options-button')[22m
    [2m    - locator resolved to <button title="Editor options" aria-label="Editor options" data-testid="options-button" class="flex items-center justify-center w-8 h-8 rounded-[7px] hover:bg-surface-2 transition-colors text-muted-foreground bg-surface-2">…</button>[22m
    [2m  - attempting click action[22m
    [2m    2 × waiting for element to be visible, enabled and stable[22m
    [2m      - element is visible, enabled and stable[22m
    [2m      - scrolling into view if needed[22m
    [2m      - done scrolling[22m
    [2m      - <div class="fixed inset-0 z-40"></div> intercepts pointer events[22m
    [2m    - retrying click action[22m
    [2m    - waiting 20ms[22m
    [2m    2 × waiting for element to be visible, enabled and stable[22m
    [2m      - element is visible, enabled and stable[22m
    [2m      - scrolling into view if needed[22m
    [2m      - done scrolling[22m
    [2m      - <div class="fixed inset-0 z-40"></div> intercepts pointer events[22m
    [2m    - retrying click action[22m
    [2m      - waiting 100ms[22m
    [2m    347 × waiting for element to be visible, enabled and stable[22m
    [2m        - element is visible, enabled and stable[22m
    [2m        - scrolling into view if needed[22m
    [2m        - done scrolling[22m
    [2m        - <div class="fixed inset-0 z-40"></div> intercepts pointer events[22m
    [2m      - retrying click action[22m
    [2m        - waiting 500ms[22m


      17 | /** Open the gear menu then click the solve/reset button inside it. */
      18 | async function clickSolve(page) {
    > 19 |   await page.getByTestId('options-button').click();
         |                                            ^
      20 |   await clickSolve(page);
      21 | }
      22 |
        at clickSolve (/var/tmp/thomas-ahle/sv-tutorial/e2e/formal.spec.js:19:44)
        at clickSolve (/var/tmp/thomas-ahle/sv-tutorial/e2e/formal.spec.js:20:9)
        at /var/tmp/thomas-ahle/sv-tutorial/e2e/formal.spec.js:95:3

    attachment #1: screenshot (image/png) ──────────────────────────────────────────────────────────
    test-results/formal-LEC-fixed-Impl-is-proved-equivalent-to-Spec/test-failed-1.png
    ────────────────────────────────────────────────────────────────────────────────────────────────

    Error Context: test-results/formal-LEC-fixed-Impl-is-proved-equivalent-to-Spec/error-context.md

  8) e2e/ghpages.spec.js:49:1 › UVM: Driver lesson compiles and simulates ──────────────────────────

    Error: [2mexpect([22m[31mreceived[39m[2m).[22mtoContain[2m([22m[32mexpected[39m[2m) // indexOf[22m

    Expected substring: [32m"$ mox-sim"[39m
    Received string:    [31m"# bundled 3 roots into /workspace/__svt_uvm_bundle.sv for stable UVM compilation$ mox-verilog --resource-guard=false --ir-llhd --timescale 1ns/1ns --single-unit --uvm-path /mox/uvm-core -I /mox/uvm-core/src --top tb_top -o /workspace/out/design.llhd.mlir /workspace/__svt_uvm_bundle.svstdout LazyFiles on gzip forces download of the whole file when length is accessed[39m
    [31mLazyFiles on gzip forces download of the whole file when length is accessed[39m
    [31mLazyFiles on gzip forces download of the whole file when length is accessed[39m
    [31mLazyFiles on gzip forces download of the whole file when length is accessed[39m
    [31mLazyFiles on gzip forces download of the whole file when length is accessed[39m
    [31mLazyFiles on gzip forces download of the whole file when length is accessed[39m
    [31mLazyFiles on gzip forces download of the whole file when length is accessed[39m
    [31mLazyFiles on gzip forces download of the whole file when length is accessed[39m
    [31mLazyFiles on gzip forces download of the whole file when length is accessed[39m
    [31mLazyFiles on gzip forces download of the whole file when length is accessed[39m
    [31mLazyFiles on gzip forces download of the whole file when length is accessed[39m
    [31mLazyFiles on gzip forces download of the whole file when length is accessed[39m
    [31mLazyFiles on gzip forces download of the whole file when length is accessed[39m
    [31mLazyFiles on gzip forces download of the whole file when length is accessed[39m
    [31mLazyFiles on gzip forces download of the whole file when length is accessed[39m
    [31mLazyFiles on gzip forces download of the whole file when length is accessed[39m
    [31mLazyFiles on gzip forces download of the whole file when length is accessed[39m
    [31mLazyFiles on gzip forces download of the whole file when length is accessed[39m
    [31mLazyFiles on gzip forces download of the whole file when length is accessed[39m
    [31mLazyFiles on gzip forces download of the whole file when length is accessed[39m
    [31mLazyFiles on gzip forces download of the whole file when length is accessed[39m
    [31mLazyFiles on gzip forces download of the whole file when length is accessed[39m
    [31mLazyFiles on gzip forces download of the whole file when length is accessed[39m
    [31mLazyFiles on gzip forces download of the whole file when length is accessed[39m
    [31mLazyFiles on gzip forces download of the whole file when length is accessed[39m
    [31mLazyFiles on gzip forces download of the whole file when length is accessed[39m
    [31mLazyFiles on gzip forces download of the whole file when length is accessed[39m
    [31mLazyFiles on gzip forces download of the whole file when length is accessed[39m
    [31mLazyFiles on gzip forces download of the whole file when length is accessed[39m
    [31mLazyFiles on gzip forces download of the whole file when length is accessed[39m
    [31mLazyFiles on gzip forces download of the whole file when length is accessed[39m
    [31mLazyFiles on gzip forces download of the whole file when length is accessed[39m
    [31mLazyFiles on gzip forces download of the whole file when length is accessed[39m
    [31mLazyFiles on gzip forces download of the whole file when length is accessed[39m
    [31mLazyFiles on gzip forces download of the whole file when length is accessed[39m
    [31mLazyFiles on gzip forces download of the whole file when length is accessed[39m
    [31mLazyFiles on gzip forces download of the whole file when length is accessed[39m
    [31mLazyFiles on gzip forces download of the whole file when length is accessed[39m
    [31mLazyFiles on gzip forces download of the whole file when length is accessed[39m
    [31mLazyFiles on gzip forces download of the whole file when length is accessed[39m
    [31mLazyFiles on gzip forces download of the whole file when length is accessed[39m
    [31mLazyFiles on gzip forces download of the whole file when length is accessed[39m
    [31mLazyFiles on gzip forces download of the whole file when length is accessed[39m
    [31mLazyFiles on gzip forces download of the whole file when length is accessed[39m
    [31mLazyFiles on gzip forces download of the whole file when length is accessed[39m
    [31mLazyFiles on gzip forces download of the whole file when length is accessed[39m
    [31mLazyFiles on gzip forces download of the whole file when length is accessed[39m
    [31mLazyFiles on gzip forces download of the whole file when length is accessed[39m
    [31mLazyFiles on gzip forces download of the whole file when length is accessed[39m
    [31mLazyFiles on gzip forces download of the whole file when length is accessed[39m
    [31mLazyFiles on gzip forces download of the whole file when length is accessed[39m
    [31mLazyFiles on gzip forces download of the whole file when length is accessed[39m
    [31mLazyFiles on gzip forces download of the whole file when length is accessed[39m
    [31mLazyFiles on gzip forces download of the whole file when length is accessed[39m
    [31mLazyFiles on gzip forces download of the whole file when length is accessed[39m
    [31mLazyFiles on gzip forces download of the whole file when length is accessed[39m
    [31mLazyFiles on gzip forces download of the whole file when length is accessed[39m
    [31mLazyFiles on gzip forces download of the whole file when length is accessed[39m
    [31mLazyFiles on gzip forces download of the whole file when length is accessed[39m
    [31mLazyFiles on gzip forces download of the whole file when length is accessed[39m
    [31mLazyFiles on gzip forces download of the whole file when length is accessed[39m
    [31mLazyFiles on gzip forces download of the whole file when length is accessed[39m
    [31mLazyFiles on gzip forces download of the whole file when length is accessed[39m
    [31mLazyFiles on gzip forces download of the whole file when length is accessed[39m
    [31mLazyFiles on gzip forces download of the whole file when length is accessed[39m
    [31mLazyFiles on gzip forces download of the whole file when length is accessed[39m
    [31mLazyFiles on gzip forces download of the whole file when length is accessed[39m
    [31mLazyFiles on gzip forces download of the whole file when length is accessed[39m
    [31mLazyFiles on gzip forces download of the whole file when length is accessed[39m
    [31mLazyFiles on gzip forces download of the whole file when length is accessed[39m
    [31mLazyFiles on gzip forces download of the whole file when length is accessed[39m
    [31mLazyFiles on gzip forces download of the whole file when length is accessed[39m
    [31mLazyFiles on gzip forces download of the whole file when length is accessed[39m
    [31mLazyFiles on gzip forces download of the whole file when length is accessed[39m
    [31mLazyFiles on gzip forces download of the whole file when length is accessed[39m
    [31mLazyFiles on gzip forces download of the whole file when length is accessed[39m
    [31mLazyFiles on gzip forces download of the whole file when length is accessed[39m
    [31mLazyFiles on gzip forces download of the whole file when length is accessed[39m
    [31mLazyFiles on gzip forces download of the whole file when length is accessed[39m
    [31mLazyFiles on gzip forces download of the whole file when length is accessed[39m
    [31mLazyFiles on gzip forces download of the whole file when length is accessed[39m
    [31mLazyFiles on gzip forces download of the whole file when length is accessed[39m
    [31mLazyFiles on gzip forces download of the whole file when length is accessed[39m
    [31mLazyFiles on gzip forces download of the whole file when length is accessed[39m
    [31mLazyFiles on gzip forces download of the whole file when length is accessed[39m
    [31mLazyFiles on gzip forces download of the whole file when length is accessed[39m
    [31mLazyFiles on gzip forces download of the whole file when length is accessed[39m
    [31mLazyFiles on gzip forces download of the whole file when length is accessed[39m
    [31mLazyFiles on gzip forces download of the whole file when length is accessed[39m
    [31mLazyFiles on gzip forces download of the whole file when length is accessed[39m
    [31mLazyFiles on gzip forces download of the whole file when length is accessed[39m
    [31mLazyFiles on gzip forces download of the whole file when length is accessed[39m
    [31mLazyFiles on gzip forces download of the whole file when length is accessed[39m
    [31mLazyFiles on gzip forces download of the whole file when length is accessed[39m
    [31mLazyFiles on gzip forces download of the whole file when length is accessed[39m
    [31mLazyFiles on gzip forces download of the whole file when length is accessed[39m
    [31mLazyFiles on gzip forces download of the whole file when length is accessed[39m
    [31mLazyFiles on gzip forces download of the whole file when length is accessed[39m
    [31mLazyFiles on gzip forces download of the whole file when length is accessed[39m
    [31mLazyFiles on gzip forces download of the whole file when length is accessed[39m
    [31mLazyFiles on gzip forces download of the whole file when length is accessed[39m
    [31mLazyFiles on gzip forces download of the whole file when length is accessed[39m
    [31mLazyFiles on gzip forces download of the whole file when length is accessed[39m
    [31mLazyFiles on gzip forces download of the whole file when length is accessed[39m
    [31mLazyFiles on gzip forces download of the whole file when length is accessed[39m
    [31mLazyFiles on gzip forces download of the whole file when length is accessed[39m
    [31mLazyFiles on gzip forces download of the whole file when length is accessed[39m
    [31mLazyFiles on gzip forces download of the whole file when length is accessed[39m
    [31mLazyFiles on gzip forces download of the whole file when length is accessed[39m
    [31mLazyFiles on gzip forces download of the whole file when length is accessed[39m
    [31mLazyFiles on gzip forces download of the whole file when length is accessed[39m
    [31mLazyFiles on gzip forces download of the whole file when length is accessed[39m
    [31mLazyFiles on gzip forces download of the whole file when length is accessed[39m
    [31mLazyFiles on gzip forces download of the whole file when length is accessed[39m
    [31mLazyFiles on gzip forces download of the whole file when length is accessed[39m
    [31mLazyFiles on gzip forces download of the whole file when length is accessed[39m
    [31mLazyFiles on gzip forces download of the whole file when length is accessed[39m
    [31mLazyFiles on gzip forces download of the whole file when length is accessed[39m
    [31mLazyFiles on gzip forces download of the whole file when length is accessed[39m
    [31mLazyFiles on gzip forces download of the whole file when length is accessed[39m
    [31mLazyFiles on gzip forces download of the whole file when length is accessed[39m
    [31mLazyFiles on gzip forces download of the whole file when length is accessed[39m
    [31mLazyFiles on gzip forces download of the whole file when length is accessed[39m
    [31mLazyFiles on gzip forces download of the whole file when length is accessed[39m
    [31mLazyFiles on gzip forces download of the whole file when length is accessed[39m
    [31mLazyFiles on gzip forces download of the whole file when length is accessed[39m
    [31mLazyFiles on gzip forces download of the whole file when length is accessed[39m
    [31mLazyFiles on gzip forces download of the whole file when length is accessed[39m
    [31mLazyFiles on gzip forces download of the whole file when length is accessed[39m
    [31mLazyFiles on gzip forces download of the whole file when length is accessed[39m
    [31mLazyFiles on gzip forces download of the whole file when length is accessed[39m
    [31mLazyFiles on gzip forces download of the whole file when length is accessed[39m
    [31mLazyFiles on gzip forces download of the whole file when length is accessed[39m
    [31mLazyFiles on gzip forces download of the whole file when length is accessed[39m
    [31mLazyFiles on gzip forces download of the whole file when length is accessed[39m
    [31mLazyFiles on gzip forces download of the whole file when length is accessed[39m
    [31mLazyFiles on gzip forces download of the whole file when length is accessed[39m
    [31mLazyFiles on gzip forces download of the whole file when length is accessed[39m
    [31mLazyFiles on gzip forces download of the whole file when length is accessed[39m
    [31mLazyFiles on gzip forces download of the whole file when length is accessed[39m
    [31mLazyFiles on gzip forces download of the whole file when length is accessed[39m
    [31mLazyFiles on gzip forces download of the whole file when length is accessed[39m
    [31mLazyFiles on gzip forces download of the whole file when length is accessed[39m
    [31mLazyFiles on gzip forces download of the whole file when length is accessed[39m
    [31mLazyFiles on gzip forces download of the whole file when length is accessed[39m
    [31mLazyFiles on gzip forces download of the whole file when length is accessed[39m
    [31mLazyFiles on gzip forces download of the whole file when length is accessed[39m
    [31mLazyFiles on gzip forces download of the whole file when length is accessed[39m
    [31mLazyFiles on gzip forces download of the whole file when length is accessed[39m
    [31mLazyFiles on gzip forces download of the whole file when length is accessed[39m
    [31mLazyFiles on gzip forces download of the whole file when length is accessed[39m
    [31mLazyFiles on gzip forces download of the whole file when length is accessed[39m
    [31mLazyFiles on gzip forces download of the whole file when length is accessed[39m
    [31mLazyFiles on gzip forces download of the whole file when length is accessed[39m
    [31mLazyFiles on gzip forces download of the whole file when length is accessed[39m
    [31mLazyFiles on gzip forces download of the whole file when length is accessed[39m
    [31mLazyFiles on gzip forces download of the whole file when length is accessed[39m
    [31mLazyFiles on gzip forces download of the whole file when length is accessed[39m
    [31mLazyFiles on gzip forces download of the whole file when length is accessed[39m
    [31mLazyFiles on gzip forces download of the whole file when length is accessed[39m
    [31mLazyFiles on gzip forces download of the whole file when length is accessed[39m
    [31mLazyFiles on gzip forces download of the whole file when length is accessed[39m
    [31mLazyFiles on gzip forces download of the whole file when length is accessed[39m
    [31mLazyFiles on gzip forces download of the whole file when length is accessed[39m
    [31mLazyFiles on gzip forces download of the whole file when length is accessed[39m
    [31mLazyFiles on gzip forces download of the whole file when length is accessedstderr /mox/uvm-core/src/base/uvm_config_db_implementation.svh:375:26: warning: unknown character escape sequence [-Wunknown-escape-code][39m
    [31m            separator = \"\\.(\" ;[39m
    [31m                         ^[39m
    [31m/mox/uvm-core/src/uvm_pkg.sv:57:2: note: included from here[39m
    [31m `include \"base/uvm_base.svh\"[39m
    [31m ^[39m
    [31m/mox/uvm-core/src/base/uvm_base.svh:77:3: note: included from here[39m
    [31m  `include \"base/uvm_config_db_implementation.svh\"[39m
    [31m  ^[39m
    [31m/workspace/src/sram.sv:10:13: error: variable 'mem' driven by always_ff procedure[39m
    [31m    if (we) mem[addr] <= wdata;[39m
    [31m            ^# mox-verilog exit code: 1# lowered MLIR output was not produced"[39m

      32 |
      33 |   const text = await logs.textContent();
    > 34 |   expect(text).toContain('$ mox-sim');
         |                ^
      35 |   expect(text).not.toContain('# mox-verilog exit code: 1');
      36 |   expect(text).not.toContain('# mox-sim exit code: 1');
      37 |   expect(text).not.toContain('runtime unavailable');
        at expectCleanUvmRun (/var/tmp/thomas-ahle/sv-tutorial/e2e/ghpages.spec.js:34:16)
        at /var/tmp/thomas-ahle/sv-tutorial/e2e/ghpages.spec.js:53:3

    attachment #1: screenshot (image/png) ──────────────────────────────────────────────────────────
    test-results/ghpages-UVM-Driver-lesson-compiles-and-simulates/test-failed-1.png
    ────────────────────────────────────────────────────────────────────────────────────────────────

    Error Context: test-results/ghpages-UVM-Driver-lesson-compiles-and-simulates/error-context.md

  9) e2e/ghpages.spec.js:56:1 › UVM: Cross Coverage compiles with intersect syntax ─────────────────

    Error: [2mexpect([22m[31mreceived[39m[2m).[22mtoContain[2m([22m[32mexpected[39m[2m) // indexOf[22m

    Expected substring: [32m"$ mox-sim"[39m
    Received string:    [31m"# bundled 3 roots into /workspace/__svt_uvm_bundle.sv for stable UVM compilation$ mox-verilog --resource-guard=false --ir-llhd --timescale 1ns/1ns --single-unit --uvm-path /mox/uvm-core -I /mox/uvm-core/src --top tb_top -o /workspace/out/design.llhd.mlir /workspace/__svt_uvm_bundle.svstdout LazyFiles on gzip forces download of the whole file when length is accessed[39m
    [31mLazyFiles on gzip forces download of the whole file when length is accessed[39m
    [31mLazyFiles on gzip forces download of the whole file when length is accessed[39m
    [31mLazyFiles on gzip forces download of the whole file when length is accessed[39m
    [31mLazyFiles on gzip forces download of the whole file when length is accessed[39m
    [31mLazyFiles on gzip forces download of the whole file when length is accessed[39m
    [31mLazyFiles on gzip forces download of the whole file when length is accessed[39m
    [31mLazyFiles on gzip forces download of the whole file when length is accessed[39m
    [31mLazyFiles on gzip forces download of the whole file when length is accessed[39m
    [31mLazyFiles on gzip forces download of the whole file when length is accessed[39m
    [31mLazyFiles on gzip forces download of the whole file when length is accessed[39m
    [31mLazyFiles on gzip forces download of the whole file when length is accessed[39m
    [31mLazyFiles on gzip forces download of the whole file when length is accessed[39m
    [31mLazyFiles on gzip forces download of the whole file when length is accessed[39m
    [31mLazyFiles on gzip forces download of the whole file when length is accessed[39m
    [31mLazyFiles on gzip forces download of the whole file when length is accessed[39m
    [31mLazyFiles on gzip forces download of the whole file when length is accessed[39m
    [31mLazyFiles on gzip forces download of the whole file when length is accessed[39m
    [31mLazyFiles on gzip forces download of the whole file when length is accessed[39m
    [31mLazyFiles on gzip forces download of the whole file when length is accessed[39m
    [31mLazyFiles on gzip forces download of the whole file when length is accessed[39m
    [31mLazyFiles on gzip forces download of the whole file when length is accessed[39m
    [31mLazyFiles on gzip forces download of the whole file when length is accessed[39m
    [31mLazyFiles on gzip forces download of the whole file when length is accessed[39m
    [31mLazyFiles on gzip forces download of the whole file when length is accessed[39m
    [31mLazyFiles on gzip forces download of the whole file when length is accessed[39m
    [31mLazyFiles on gzip forces download of the whole file when length is accessed[39m
    [31mLazyFiles on gzip forces download of the whole file when length is accessed[39m
    [31mLazyFiles on gzip forces download of the whole file when length is accessed[39m
    [31mLazyFiles on gzip forces download of the whole file when length is accessed[39m
    [31mLazyFiles on gzip forces download of the whole file when length is accessed[39m
    [31mLazyFiles on gzip forces download of the whole file when length is accessed[39m
    [31mLazyFiles on gzip forces download of the whole file when length is accessed[39m
    [31mLazyFiles on gzip forces download of the whole file when length is accessed[39m
    [31mLazyFiles on gzip forces download of the whole file when length is accessed[39m
    [31mLazyFiles on gzip forces download of the whole file when length is accessed[39m
    [31mLazyFiles on gzip forces download of the whole file when length is accessed[39m
    [31mLazyFiles on gzip forces download of the whole file when length is accessed[39m
    [31mLazyFiles on gzip forces download of the whole file when length is accessed[39m
    [31mLazyFiles on gzip forces download of the whole file when length is accessed[39m
    [31mLazyFiles on gzip forces download of the whole file when length is accessed[39m
    [31mLazyFiles on gzip forces download of the whole file when length is accessed[39m
    [31mLazyFiles on gzip forces download of the whole file when length is accessed[39m
    [31mLazyFiles on gzip forces download of the whole file when length is accessed[39m
    [31mLazyFiles on gzip forces download of the whole file when length is accessed[39m
    [31mLazyFiles on gzip forces download of the whole file when length is accessed[39m
    [31mLazyFiles on gzip forces download of the whole file when length is accessed[39m
    [31mLazyFiles on gzip forces download of the whole file when length is accessed[39m
    [31mLazyFiles on gzip forces download of the whole file when length is accessed[39m
    [31mLazyFiles on gzip forces download of the whole file when length is accessed[39m
    [31mLazyFiles on gzip forces download of the whole file when length is accessed[39m
    [31mLazyFiles on gzip forces download of the whole file when length is accessed[39m
    [31mLazyFiles on gzip forces download of the whole file when length is accessed[39m
    [31mLazyFiles on gzip forces download of the whole file when length is accessed[39m
    [31mLazyFiles on gzip forces download of the whole file when length is accessed[39m
    [31mLazyFiles on gzip forces download of the whole file when length is accessed[39m
    [31mLazyFiles on gzip forces download of the whole file when length is accessed[39m
    [31mLazyFiles on gzip forces download of the whole file when length is accessed[39m
    [31mLazyFiles on gzip forces download of the whole file when length is accessed[39m
    [31mLazyFiles on gzip forces download of the whole file when length is accessed[39m
    [31mLazyFiles on gzip forces download of the whole file when length is accessed[39m
    [31mLazyFiles on gzip forces download of the whole file when length is accessed[39m
    [31mLazyFiles on gzip forces download of the whole file when length is accessed[39m
    [31mLazyFiles on gzip forces download of the whole file when length is accessed[39m
    [31mLazyFiles on gzip forces download of the whole file when length is accessed[39m
    [31mLazyFiles on gzip forces download of the whole file when length is accessed[39m
    [31mLazyFiles on gzip forces download of the whole file when length is accessed[39m
    [31mLazyFiles on gzip forces download of the whole file when length is accessed[39m
    [31mLazyFiles on gzip forces download of the whole file when length is accessed[39m
    [31mLazyFiles on gzip forces download of the whole file when length is accessed[39m
    [31mLazyFiles on gzip forces download of the whole file when length is accessed[39m
    [31mLazyFiles on gzip forces download of the whole file when length is accessed[39m
    [31mLazyFiles on gzip forces download of the whole file when length is accessed[39m
    [31mLazyFiles on gzip forces download of the whole file when length is accessed[39m
    [31mLazyFiles on gzip forces download of the whole file when length is accessed[39m
    [31mLazyFiles on gzip forces download of the whole file when length is accessed[39m
    [31mLazyFiles on gzip forces download of the whole file when length is accessed[39m
    [31mLazyFiles on gzip forces download of the whole file when length is accessed[39m
    [31mLazyFiles on gzip forces download of the whole file when length is accessed[39m
    [31mLazyFiles on gzip forces download of the whole file when length is accessed[39m
    [31mLazyFiles on gzip forces download of the whole file when length is accessed[39m
    [31mLazyFiles on gzip forces download of the whole file when length is accessed[39m
    [31mLazyFiles on gzip forces download of the whole file when length is accessed[39m
    [31mLazyFiles on gzip forces download of the whole file when length is accessed[39m
    [31mLazyFiles on gzip forces download of the whole file when length is accessed[39m
    [31mLazyFiles on gzip forces download of the whole file when length is accessed[39m
    [31mLazyFiles on gzip forces download of the whole file when length is accessed[39m
    [31mLazyFiles on gzip forces download of the whole file when length is accessed[39m
    [31mLazyFiles on gzip forces download of the whole file when length is accessed[39m
    [31mLazyFiles on gzip forces download of the whole file when length is accessed[39m
    [31mLazyFiles on gzip forces download of the whole file when length is accessed[39m
    [31mLazyFiles on gzip forces download of the whole file when length is accessed[39m
    [31mLazyFiles on gzip forces download of the whole file when length is accessed[39m
    [31mLazyFiles on gzip forces download of the whole file when length is accessed[39m
    [31mLazyFiles on gzip forces download of the whole file when length is accessed[39m
    [31mLazyFiles on gzip forces download of the whole file when length is accessed[39m
    [31mLazyFiles on gzip forces download of the whole file when length is accessed[39m
    [31mLazyFiles on gzip forces download of the whole file when length is accessed[39m
    [31mLazyFiles on gzip forces download of the whole file when length is accessed[39m
    [31mLazyFiles on gzip forces download of the whole file when length is accessed[39m
    [31mLazyFiles on gzip forces download of the whole file when length is accessed[39m
    [31mLazyFiles on gzip forces download of the whole file when length is accessed[39m
    [31mLazyFiles on gzip forces download of the whole file when length is accessed[39m
    [31mLazyFiles on gzip forces download of the whole file when length is accessed[39m
    [31mLazyFiles on gzip forces download of the whole file when length is accessed[39m
    [31mLazyFiles on gzip forces download of the whole file when length is accessed[39m
    [31mLazyFiles on gzip forces download of the whole file when length is accessed[39m
    [31mLazyFiles on gzip forces download of the whole file when length is accessed[39m
    [31mLazyFiles on gzip forces download of the whole file when length is accessed[39m
    [31mLazyFiles on gzip forces download of the whole file when length is accessed[39m
    [31mLazyFiles on gzip forces download of the whole file when length is accessed[39m
    [31mLazyFiles on gzip forces download of the whole file when length is accessed[39m
    [31mLazyFiles on gzip forces download of the whole file when length is accessed[39m
    [31mLazyFiles on gzip forces download of the whole file when length is accessed[39m
    [31mLazyFiles on gzip forces download of the whole file when length is accessed[39m
    [31mLazyFiles on gzip forces download of the whole file when length is accessed[39m
    [31mLazyFiles on gzip forces download of the whole file when length is accessed[39m
    [31mLazyFiles on gzip forces download of the whole file when length is accessed[39m
    [31mLazyFiles on gzip forces download of the whole file when length is accessed[39m
    [31mLazyFiles on gzip forces download of the whole file when length is accessed[39m
    [31mLazyFiles on gzip forces download of the whole file when length is accessed[39m
    [31mLazyFiles on gzip forces download of the whole file when length is accessed[39m
    [31mLazyFiles on gzip forces download of the whole file when length is accessed[39m
    [31mLazyFiles on gzip forces download of the whole file when length is accessed[39m
    [31mLazyFiles on gzip forces download of the whole file when length is accessed[39m
    [31mLazyFiles on gzip forces download of the whole file when length is accessed[39m
    [31mLazyFiles on gzip forces download of the whole file when length is accessed[39m
    [31mLazyFiles on gzip forces download of the whole file when length is accessed[39m
    [31mLazyFiles on gzip forces download of the whole file when length is accessed[39m
    [31mLazyFiles on gzip forces download of the whole file when length is accessed[39m
    [31mLazyFiles on gzip forces download of the whole file when length is accessed[39m
    [31mLazyFiles on gzip forces download of the whole file when length is accessed[39m
    [31mLazyFiles on gzip forces download of the whole file when length is accessed[39m
    [31mLazyFiles on gzip forces download of the whole file when length is accessed[39m
    [31mLazyFiles on gzip forces download of the whole file when length is accessed[39m
    [31mLazyFiles on gzip forces download of the whole file when length is accessed[39m
    [31mLazyFiles on gzip forces download of the whole file when length is accessed[39m
    [31mLazyFiles on gzip forces download of the whole file when length is accessed[39m
    [31mLazyFiles on gzip forces download of the whole file when length is accessed[39m
    [31mLazyFiles on gzip forces download of the whole file when length is accessed[39m
    [31mLazyFiles on gzip forces download of the whole file when length is accessed[39m
    [31mLazyFiles on gzip forces download of the whole file when length is accessed[39m
    [31mLazyFiles on gzip forces download of the whole file when length is accessed[39m
    [31mLazyFiles on gzip forces download of the whole file when length is accessed[39m
    [31mLazyFiles on gzip forces download of the whole file when length is accessed[39m
    [31mLazyFiles on gzip forces download of the whole file when length is accessed[39m
    [31mLazyFiles on gzip forces download of the whole file when length is accessed[39m
    [31mLazyFiles on gzip forces download of the whole file when length is accessed[39m
    [31mLazyFiles on gzip forces download of the whole file when length is accessed[39m
    [31mLazyFiles on gzip forces download of the whole file when length is accessed[39m
    [31mLazyFiles on gzip forces download of the whole file when length is accessed[39m
    [31mLazyFiles on gzip forces download of the whole file when length is accessed[39m
    [31mLazyFiles on gzip forces download of the whole file when length is accessed[39m
    [31mLazyFiles on gzip forces download of the whole file when length is accessed[39m
    [31mLazyFiles on gzip forces download of the whole file when length is accessed[39m
    [31mLazyFiles on gzip forces download of the whole file when length is accessed[39m
    [31mLazyFiles on gzip forces download of the whole file when length is accessed[39m
    [31mLazyFiles on gzip forces download of the whole file when length is accessed[39m
    [31mLazyFiles on gzip forces download of the whole file when length is accessed[39m
    [31mLazyFiles on gzip forces download of the whole file when length is accessed[39m
    [31mLazyFiles on gzip forces download of the whole file when length is accessed[39m
    [31mLazyFiles on gzip forces download of the whole file when length is accessed[39m
    [31mLazyFiles on gzip forces download of the whole file when length is accessed[39m
    [31mLazyFiles on gzip forces download of the whole file when length is accessed[39m
    [31mLazyFiles on gzip forces download of the whole file when length is accessed[39m
    [31mLazyFiles on gzip forces download of the whole file when length is accessedstderr /mox/uvm-core/src/base/uvm_config_db_implementation.svh:375:26: warning: unknown character escape sequence [-Wunknown-escape-code][39m
    [31m            separator = \"\\.(\" ;[39m
    [31m                         ^[39m
    [31m/mox/uvm-core/src/uvm_pkg.sv:57:2: note: included from here[39m
    [31m `include \"base/uvm_base.svh\"[39m
    [31m ^[39m
    [31m/mox/uvm-core/src/base/uvm_base.svh:77:3: note: included from here[39m
    [31m  `include \"base/uvm_config_db_implementation.svh\"[39m
    [31m  ^[39m
    [31m/workspace/src/sram.sv:10:13: error: variable 'mem' driven by always_ff procedure[39m
    [31m    if (we) mem[addr] <= wdata;[39m
    [31m            ^# mox-verilog exit code: 1# lowered MLIR output was not produced"[39m

      32 |
      33 |   const text = await logs.textContent();
    > 34 |   expect(text).toContain('$ mox-sim');
         |                ^
      35 |   expect(text).not.toContain('# mox-verilog exit code: 1');
      36 |   expect(text).not.toContain('# mox-sim exit code: 1');
      37 |   expect(text).not.toContain('runtime unavailable');
        at expectCleanUvmRun (/var/tmp/thomas-ahle/sv-tutorial/e2e/ghpages.spec.js:34:16)
        at /var/tmp/thomas-ahle/sv-tutorial/e2e/ghpages.spec.js:60:3

    attachment #1: screenshot (image/png) ──────────────────────────────────────────────────────────
    test-results/ghpages-UVM-Cross-Coverage-compiles-with-intersect-syntax/test-failed-1.png
    ────────────────────────────────────────────────────────────────────────────────────────────────

    Error Context: test-results/ghpages-UVM-Cross-Coverage-compiles-with-intersect-syntax/error-context.md

  10) e2e/lessons.spec.js:123:1 › immediate-assert: solution passes assertions ─────────────────────

    Error: [2mexpect([22m[31mreceived[39m[2m).[22mnot[2m.[22mtoContain[2m([22m[32mexpected[39m[2m) // indexOf[22m

    Expected substring: not [32m"exit code: 1"[39m
    Received string:        [31m"$ mox-verilog --resource-guard=false --ir-llhd --timescale 1ns/1ns --single-unit --top fifo_checker -o /workspace/out/design.mlir /workspace/src/fifo_checker.sv[39m
    [31m$ mox-bmc --resource-guard=false --assume-known-inputs -b 20 --module fifo_checker --emit-smtlib -o /workspace/out/check.smt2 /workspace/out/design.mlir[39m
    [31mstderr[39m
    [31m/workspace/out/design.mlir:147:7: error: failed to legalize operation 'ltl.not' that was explicitly marked illegal: %195 = \"ltl.not\"(%87) : (!smt.bv<1>) -> !ltl.property[39m
    [31m      verif.assert %value_51 label \"\" {mox.sim.vpi_extra_source_columns = [10 : i32], mox.sim.vpi_extra_source_lines = [7 : i32], mox.sva.has_action_block, mox.sva.has_fail_action_block, mox.vpi.source_column = 5 : i32, mox.vpi.source_line = 8 : i32} : i1[39m
    [31m      ^[39m
    [31m# mox-bmc [7mexit code: 1[27m[39m
    [31m# no SMT-LIB output produced"[39m

      129 |   const log = await runAndWait(page, 'verify-button');
      130 |   expect(log).toContain('$ mox-bmc');
    > 131 |   expect(log).not.toContain('exit code: 1');
          |                   ^
      132 | });
      133 |
      134 | test('sequence-basics: solution runs without errors', async ({ page }) => {
        at /var/tmp/thomas-ahle/sv-tutorial/e2e/lessons.spec.js:131:19

    attachment #1: screenshot (image/png) ──────────────────────────────────────────────────────────
    test-results/lessons-immediate-assert-solution-passes-assertions/test-failed-1.png
    ────────────────────────────────────────────────────────────────────────────────────────────────

    Error Context: test-results/lessons-immediate-assert-solution-passes-assertions/error-context.md

  11) e2e/live-smoke.spec.js:36:1 › [sim] Welcome — run button produces output, no compile error ───

    [31mTest timeout of 180000ms exceeded.[39m

    Error: locator.click: Test timeout of 180000ms exceeded.
    Call log:
    [2m  - waiting for getByRole('button', { name: 'Welcome' })[22m


      19 |   });
      20 |   await page.getByRole('button', { name: chapterName }).click();
    > 21 |   await page.getByRole('button', { name: lessonName }).click();
         |                                                        ^
      22 |   await expect(page.getByRole('heading', { level: 2, name: lessonName })).toBeVisible();
      23 | }
      24 |
        at goToLesson (/var/tmp/thomas-ahle/sv-tutorial/e2e/live-smoke.spec.js:21:56)
        at /var/tmp/thomas-ahle/sv-tutorial/e2e/live-smoke.spec.js:37:3

    attachment #1: screenshot (image/png) ──────────────────────────────────────────────────────────
    test-results/live-smoke--sim-Welcome-—--99233-ces-output-no-compile-error/test-failed-1.png
    ────────────────────────────────────────────────────────────────────────────────────────────────

    Error Context: test-results/live-smoke--sim-Welcome-—--99233-ces-output-no-compile-error/error-context.md

  12) e2e/live-smoke.spec.js:45:1 › [sim] Concurrent Assertions — runtime assertions chapter visible, assertionFail produced 

    Error: [2mexpect([22m[31mlocator[39m[2m).[22mtoContainText[2m([22m[32mexpected[39m[2m)[22m failed

    Locator: getByTestId('runtime-logs')
    Timeout: 90000ms
    [32m- Expected substring  -  1[39m
    [31m+ Received string     + 18[39m

    [32m- SVA assertion failed[39m
    [31m+ $ mox-run --timescale 1ns/1ns --single-unit --top tb --vcd /workspace/out/waves.vcd --trace-all /workspace/src/monitor.sv /workspace/src/tb.svstdout [mox-sim] Found 2 LLHD processes, 0 LLHD finals, 0 seq.initial blocks, and 1 hw.instance ops (out of 321 total ops) in module[39m
    [31m+ [mox-sim] Registered 6 LLHD signals and 3 LLHD processes/initial blocks[39m
    [31m+ [mox-sim] Starting simulation[39m
    [31m+ req was not followed by gnt within 3 cycles![39m
    [31m+ PASS[39m
    [31m+ [mox-sim] Simulation finished at time 145000000 fs[39m
    [31m+ [mox-sim] Wrote waveform to /workspace/out/waves.vcd[39m
    [31m+ [mox-sim] Simulation completed at time 145000000 fs[39m
    [31m+ [mox-sim] Simulation completedstderr [this.program] parse (1194ms, total: 1194ms)[39m
    [31m+ [this.program] lower (414ms, total: 1609ms)[39m
    [31m+ [this.program] simulate (61ms, total: 1671ms)[39m
    [31m+ [mox-sim] Auto-enabling --skip-passes for module marked mox.sim.preprocessed[39m
    [31m+ [mox-sim] Stage: passes (prev: 0ms, total: 0ms)[39m
    [31m+ [mox-sim] Stage: init (prev: 0ms, total: 0ms)[39m
    [31m+ [mox-sim] Stage: run (prev: 227ms, total: 228ms)[39m
    [31m+ [mox-sim] sim.terminate triggered in process ID 5 at loc("/workspace/src/tb.sv":37:5 to :13)[39m
    [31m+ [mox-sim] Simulation terminated at time 145000000 fs (success=true, verbose=true)[39m
    [31m+ [mox-sim] Main loop exit: shouldContinue()=false at time 145000000 fs, iter=30, deltas=1[39m

    Call log:
    [2m  - Expect "toContainText" with timeout 90000ms[22m
    [2m  - waiting for getByTestId('runtime-logs')[22m
    [2m    5 × locator resolved to <div data-testid="runtime-logs" class="m-0 bg-logs-bg text-logs-text p-[0.6rem] overflow-auto font-mono text-[0.78rem]↵               flex-1 min-h-0">…</div>[22m
    [2m      - unexpected value "$ mox-run --timescale 1ns/1ns --single-unit --top tb --vcd /workspace/out/waves.vcd --trace-all /workspace/src/monitor.sv /workspace/src/tb.sv"[22m
    [2m    - locator resolved to <div data-testid="runtime-logs" class="m-0 bg-logs-bg text-logs-text p-[0.6rem] overflow-auto font-mono text-[0.78rem]↵               flex-1 min-h-0">…</div>[22m
    [2m    - unexpected value "$ mox-run --timescale 1ns/1ns --single-unit --top tb --vcd /workspace/out/waves.vcd --trace-all /workspace/src/monitor.sv /workspace/src/tb.svstderr [this.program] parse (1194ms, total: 1194ms)"[22m
    [2m    - locator resolved to <div data-testid="runtime-logs" class="m-0 bg-logs-bg text-logs-text p-[0.6rem] overflow-auto font-mono text-[0.78rem]↵               flex-1 min-h-0">…</div>[22m
    [2m    - unexpected value "$ mox-run --timescale 1ns/1ns --single-unit --top tb --vcd /workspace/out/waves.vcd --trace-all /workspace/src/monitor.sv /workspace/src/tb.svstdout [mox-sim] Found 2 LLHD processes, 0 LLHD finals, 0 seq.initial blocks, and 1 hw.instance ops (out of 321 total ops) in module[22m
    [2m[mox-sim] Registered 6 LLHD signals and 3 LLHD processes/initial blocks[22m
    [2m[mox-sim] Starting simulation[22m
    [2mreq was not followed by gnt within 3 cycles!stderr [this.program] parse (1194ms, total: 1194ms)[22m
    [2m[this.program] lower (414ms, total: 1609ms)[22m
    [2m[this.program] simulate (61ms, total: 1671ms)[22m
    [2m[mox-sim] Auto-enabling --skip-passes for module marked mox.sim.preprocessed[22m
    [2m[mox-sim] Stage: passes (prev: 0ms, total: 0ms)[22m
    [2m[mox-sim] Stage: init (prev: 0ms, total: 0ms)[22m
    [2m[mox-sim] Stage: run (prev: 227ms, total: 228ms)"[22m
    [2m    86 × locator resolved to <div data-testid="runtime-logs" class="m-0 bg-logs-bg text-logs-text p-[0.6rem] overflow-auto font-mono text-[0.78rem]↵               flex-1 min-h-0">…</div>[22m
    [2m       - unexpected value "$ mox-run --timescale 1ns/1ns --single-unit --top tb --vcd /workspace/out/waves.vcd --trace-all /workspace/src/monitor.sv /workspace/src/tb.svstdout [mox-sim] Found 2 LLHD processes, 0 LLHD finals, 0 seq.initial blocks, and 1 hw.instance ops (out of 321 total ops) in module[22m
    [2m[mox-sim] Registered 6 LLHD signals and 3 LLHD processes/initial blocks[22m
    [2m[mox-sim] Starting simulation[22m
    [2mreq was not followed by gnt within 3 cycles![22m
    [2mPASS[22m
    [2m[mox-sim] Simulation finished at time 145000000 fs[22m
    [2m[mox-sim] Wrote waveform to /workspace/out/waves.vcd[22m
    [2m[mox-sim] Simulation completed at time 145000000 fs[22m
    [2m[mox-sim] Simulation completedstderr [this.program] parse (1194ms, total: 1194ms)[22m
    [2m[this.program] lower (414ms, total: 1609ms)[22m
    [2m[this.program] simulate (61ms, total: 1671ms)[22m
    [2m[mox-sim] Auto-enabling --skip-passes for module marked mox.sim.preprocessed[22m
    [2m[mox-sim] Stage: passes (prev: 0ms, total: 0ms)[22m
    [2m[mox-sim] Stage: init (prev: 0ms, total: 0ms)[22m
    [2m[mox-sim] Stage: run (prev: 227ms, total: 228ms)[22m
    [2m[mox-sim] sim.terminate triggered in process ID 5 at loc("/workspace/src/tb.sv":37:5 to :13)[22m
    [2m[mox-sim] Simulation terminated at time 145000000 fs (success=true, verbose=true)[22m
    [2m[mox-sim] Main loop exit: shouldContinue()=false at time 145000000 fs, iter=30, deltas=1"[22m


      50 |   const logs = page.getByTestId('runtime-logs');
      51 |   await expect(logs).not.toContainText('# mox-verilog exit code: 1', { timeout: COMPILE_TIMEOUT });
    > 52 |   await expect(logs).toContainText('SVA assertion failed', { timeout: COMPILE_TIMEOUT });
         |                      ^
      53 | });
      54 |
      55 | test('[bmc] Immediate Assertions — verify runs z3', async ({ page }) => {
        at /var/tmp/thomas-ahle/sv-tutorial/e2e/live-smoke.spec.js:52:22

    attachment #1: screenshot (image/png) ──────────────────────────────────────────────────────────
    test-results/live-smoke--sim-Concurrent-72667-ible-assertionFail-produced/test-failed-1.png
    ────────────────────────────────────────────────────────────────────────────────────────────────

    Error Context: test-results/live-smoke--sim-Concurrent-72667-ible-assertionFail-produced/error-context.md

  13) e2e/live-smoke.spec.js:77:1 › [lec] Logical Equivalence Checking — z3 proves unsat ───────────

    Error: [2mexpect([22m[31mlocator[39m[2m).[22mtoContainText[2m([22m[32mexpected[39m[2m)[22m failed

    Locator: getByTestId('runtime-logs')
    Expected substring: [32m"[7m[z3] [27munsat"[39m
    Received string:    [31m"[7m$ mox-verilog --resource-guard=false --ir-hw --single-unit -o /workspace/out/design.mlir /workspace/src/top.sv$ mox-lec --resource-guard=false --assume-known-inputs -c1 Spec -c2 Impl --emit-smtlib -o /workspace/out/check.smt2 /workspace/out/design.mlir$ z3 /workspace/out/check.smt2[27munsat"[39m
    Timeout: 120000ms

    Call log:
    [2m  - Expect "toContainText" with timeout 120000ms[22m
    [2m  - waiting for getByTestId('runtime-logs')[22m
    [2m    4 × locator resolved to <div data-testid="runtime-logs" class="m-0 bg-logs-bg text-logs-text p-[0.6rem] overflow-auto font-mono text-[0.78rem]↵               flex-1 min-h-0">…</div>[22m
    [2m      - unexpected value "$ mox-verilog --resource-guard=false --ir-hw --single-unit -o /workspace/out/design.mlir /workspace/src/top.sv"[22m
    [2m    - locator resolved to <div data-testid="runtime-logs" class="m-0 bg-logs-bg text-logs-text p-[0.6rem] overflow-auto font-mono text-[0.78rem]↵               flex-1 min-h-0">…</div>[22m
    [2m    - unexpected value "$ mox-verilog --resource-guard=false --ir-hw --single-unit -o /workspace/out/design.mlir /workspace/src/top.sv$ mox-lec --resource-guard=false --assume-known-inputs -c1 Spec -c2 Impl --emit-smtlib -o /workspace/out/check.smt2 /workspace/out/design.mlir"[22m
    [2m    118 × locator resolved to <div data-testid="runtime-logs" class="m-0 bg-logs-bg text-logs-text p-[0.6rem] overflow-auto font-mono text-[0.78rem]↵               flex-1 min-h-0">…</div>[22m
    [2m        - unexpected value "$ mox-verilog --resource-guard=false --ir-hw --single-unit -o /workspace/out/design.mlir /workspace/src/top.sv$ mox-lec --resource-guard=false --assume-known-inputs -c1 Spec -c2 Impl --emit-smtlib -o /workspace/out/check.smt2 /workspace/out/design.mlir$ z3 /workspace/out/check.smt2unsat"[22m


      83 |   await expect(logs).not.toContainText('# mox-verilog exit code: 1', { timeout: COMPILE_TIMEOUT });
      84 |   await expect(logs).not.toContainText('# mox-lec exit code: 1', { timeout: COMPILE_TIMEOUT });
    > 85 |   await expect(logs).toContainText('[z3] unsat', { timeout: Z3_TIMEOUT });
         |                      ^
      86 | });
      87 |
        at /var/tmp/thomas-ahle/sv-tutorial/e2e/live-smoke.spec.js:85:22

    attachment #1: screenshot (image/png) ──────────────────────────────────────────────────────────
    test-results/live-smoke--lec-Logical-Eq-1100a--Checking-—-z3-proves-unsat/test-failed-1.png
    ────────────────────────────────────────────────────────────────────────────────────────────────

    Error Context: test-results/live-smoke--lec-Logical-Eq-1100a--Checking-—-z3-proves-unsat/error-context.md

  14) e2e/offline-cocotb.spec.js:17:3 › offline cocotb runtime › downloads offline bundle and runs cocotb fully offline 

    Error: [2mexpect([22m[31mlocator[39m[2m).[22mtoContainText[2m([22m[32mexpected[39m[2m)[22m failed

    Locator: getByTestId('runtime-logs')
    Timeout: 240000ms
    [32m- Expected substring  -  1[39m
    [31m+ Received string     + 12[39m

    [32m- PASS  adder_test[39m
    [31m+ $ mox-verilog --resource-guard=false --ir-llhd --timescale 1ps/1ps --single-unit --top adder -o /workspace/out/design.llhd.mlir /workspace/src/adder.svstdout $ python /workspace/src/test_adder.py[39m
    [31m+ $ mox-sim --resource-guard=false --mode interpret --max-time=1000000000 --top adder /workspace/out/design.llhd.mlir[39m
    [31m+ [mox-sim] Auto-enabling --skip-passes for module marked mox.sim.preprocessed[39m
    [31m+ [mox-sim] Stage: passes (prev: 1ms, total: 1ms)[39m
    [31m+ [mox-sim] Stage: init (prev: 6ms, total: 7ms)[39m
    [31m+ [mox-sim] Found 1 LLHD processes, 0 LLHD finals, 0 seq.initial blocks, and 0 hw.instance ops (out of 44 total ops) in module[39m
    [31m+ [mox-sim] Registered 3 LLHD signals and 1 LLHD processes/initial blocks[39m
    [31m+ [mox-sim] Receipt: INIT_COMPLETE_OK execution_failure=0 process_dispatches=0[39m
    [31m+ [mox-sim] Stage: run (prev: 261ms, total: 269ms)[39m
    [31m+ [mox-sim] Starting simulation[39m
    [31m+ [mox-sim] Simulation completed at time 0 fs[39m
    [31m+ [mox-sim] Simulation completed[39m

    Call log:
    [2m  - Expect "toContainText" with timeout 240000ms[22m
    [2m  - waiting for getByTestId('runtime-logs')[22m
    [2m    243 × locator resolved to <div data-testid="runtime-logs" class="m-0 bg-logs-bg text-logs-text p-[0.6rem] overflow-auto font-mono text-[0.78rem]↵               flex-1 min-h-0">…</div>[22m
    [2m        - unexpected value "$ mox-verilog --resource-guard=false --ir-llhd --timescale 1ps/1ps --single-unit --top adder -o /workspace/out/design.llhd.mlir /workspace/src/adder.svstdout $ python /workspace/src/test_adder.py[22m
    [2m$ mox-sim --resource-guard=false --mode interpret --max-time=1000000000 --top adder /workspace/out/design.llhd.mlir[22m
    [2m[mox-sim] Auto-enabling --skip-passes for module marked mox.sim.preprocessed[22m
    [2m[mox-sim] Stage: passes (prev: 1ms, total: 1ms)[22m
    [2m[mox-sim] Stage: init (prev: 6ms, total: 7ms)[22m
    [2m[mox-sim] Found 1 LLHD processes, 0 LLHD finals, 0 seq.initial blocks, and 0 hw.instance ops (out of 44 total ops) in module[22m
    [2m[mox-sim] Registered 3 LLHD signals and 1 LLHD processes/initial blocks[22m
    [2m[mox-sim] Receipt: INIT_COMPLETE_OK execution_failure=0 process_dispatches=0[22m
    [2m[mox-sim] Stage: run (prev: 261ms, total: 269ms)[22m
    [2m[mox-sim] Starting simulation[22m
    [2m[mox-sim] Simulation completed at time 0 fs[22m
    [2m[mox-sim] Simulation completed"[22m


      53 |     await expect(logs).toContainText('$ python /workspace/src/test_adder.py', { timeout: 240_000 });
      54 |     await expect(logs).toContainText('$ mox-sim', { timeout: 240_000 });
    > 55 |     await expect(logs).toContainText('PASS  adder_test', { timeout: 240_000 });
         |                        ^
      56 |     await expect(logs).not.toContainText("Failed to execute 'importScripts'");
      57 |     await expect(logs).not.toContainText('is invalid');
      58 |   });
        at /var/tmp/thomas-ahle/sv-tutorial/e2e/offline-cocotb.spec.js:55:24

    attachment #1: screenshot (image/png) ──────────────────────────────────────────────────────────
    test-results/offline-cocotb-offline-coc-7d2ba-d-runs-cocotb-fully-offline/test-failed-1.png
    ────────────────────────────────────────────────────────────────────────────────────────────────

    Error Context: test-results/offline-cocotb-offline-coc-7d2ba-d-runs-cocotb-fully-offline/error-context.md

  15) e2e/qa-all-lessons.spec.js:65:5 › [15] covergroup and coverpoint › run ───────────────────────

    Error: [2mexpect([22m[31mreceived[39m[2m).[22mnot[2m.[22mtoMatch[2m([22m[32mexpected[39m[2m)[22m

    Expected pattern: not [32m/exit code: [1-9]|Aborted\(|runtime unavailable/[39m
    Received string:      [31m"$ mox-run --timescale 1ns/1ns --single-unit --coverage-report --top cov_intro --vcd /workspace/out/waves.vcd --trace-all /workspace/src/cov_intro.sv /workspace/src/sram.sv[39m
    [31m# mox-run is not available in this toolchain build; using mox-verilog + mox-sim[39m
    [31m$ mox-verilog --resource-guard=false --ir-llhd --timescale 1ns/1ns --single-unit --top cov_intro -o /workspace/out/design.llhd.mlir /workspace/src/cov_intro.sv /workspace/src/sram.sv[39m
    [31m$ mox-sim --resource-guard=false --coverage-report --mode interpret --top cov_intro --vcd /workspace/out/waves.vcd --trace-all /workspace/out/design.llhd.mlir[39m
    [31mstdout[39m
    [31m[mox-sim] Found 4 LLHD processes, 0 LLHD finals, 0 seq.initial blocks, and 1 hw.instance ops (out of 462 total ops) in module[39m
    [31m[mox-sim] Registered 7 LLHD signals and 5 LLHD processes/initial blocks[39m
    [31m[mox-sim] Receipt: INIT_COMPLETE_OK execution_failure=0 process_dispatches=0[39m
    [31m[mox-sim] Starting simulation[39m
    [31m[mox-sim] Wrote waveform to /workspace/out/waves.vcd[39m
    [31m[mox-sim] Simulation completed at time 5000000 fs[39m
    [31m[39m
    [31m=================================================[39m
    [31m          Coverage Report[39m
    [31m=================================================[39m
    [31m[39m
    [31mCovergroup: sram_cg[39m
    [31m  Overall coverage: 28.12%[39m
    [31m  Coverpoints: 2[39m
    [31m    - cp_addr: 1 hits, 6.25% coverage [range: 0..0, 1 unique values][39m
    [31m    - cp_we: 1 hits, 50.00% coverage [range: 0..0, 1 unique values][39m
    [31m[39m
    [31m=================================================[39m
    [31m[mox-sim] Simulation finished with exit code 1[39m
    [31mstderr[39m
    [31m[mox-sim] Auto-enabling --skip-passes for module marked mox.sim.preprocessed[39m
    [31m[mox-sim] Stage: passes (prev: 1ms, total: 1ms)[39m
    [31m[mox-sim] Stage: init (prev: 9ms, total: 11ms)[39m
    [31m[mox-sim] Stage: run (prev: 274ms, total: 285ms)[39m
    [31m/workspace/out/design.llhd.mlir:223:7: error: unlinked external/DPI call: callee=__mox_sim_register_host_allocation abi=llvm.call.scalar-abi-dlsym result-policy=hard-fail[39m
    [31m      llvm.call @__mox_sim_register_host_allocation(%99, %109) : (!llvm.ptr, i64) -> ()[39m
    [31m      ^[39m
    [31m/workspace/out/design.llhd.mlir:223:7: note: see current operation: \"llvm.call\"(%397, %407) <{CConv = #llvm.cconv<ccc>, TailCallKind = #llvm.tailcallkind<none>, callee = @__mox_sim_register_host_allocation, fastmathFlags = #llvm.fastmath<none>, op_bundle_sizes = array<i32>, operandSegmentSizes = array<i32: 2, 0>}> : (!llvm.ptr, i64) -> ()[39m
    [31mmox-sim: interpretOperation failed for process 2[39m
    [31m  Operation: llvm.call[39m
    [31m  Location: loc(\"/workspace/out/design.llhd.mlir\":223:7)[39m
    [31m[mox-sim] Main loop exit: interpreter execution failure[39m
    [31m# mox-sim [7mexit code: 1[27m"[39m

      77 |         expect(log).not.toMatch(COCOTB_FAILURE_RE);
      78 |       } else {
    > 79 |         expect(log).not.toMatch(FAILURE_RE);
         |                         ^
      80 |         if (lesson.printsPass) expect(log).toMatch(/\bPASS\b/);
      81 |       }
      82 |     });
        at /var/tmp/thomas-ahle/sv-tutorial/e2e/qa-all-lessons.spec.js:79:25

    attachment #1: screenshot (image/png) ──────────────────────────────────────────────────────────
    test-results/qa-all-lessons--15-covergroup-and-coverpoint-›-run/test-failed-1.png
    ────────────────────────────────────────────────────────────────────────────────────────────────

    Error Context: test-results/qa-all-lessons--15-covergroup-and-coverpoint-›-run/error-context.md

  16) e2e/qa-all-lessons.spec.js:65:5 › [16] Bins and ignore_bins › run ────────────────────────────

    Error: [2mexpect([22m[31mreceived[39m[2m).[22mnot[2m.[22mtoMatch[2m([22m[32mexpected[39m[2m)[22m

    Expected pattern: not [32m/exit code: [1-9]|Aborted\(|runtime unavailable/[39m
    Received string:      [31m"$ mox-run --timescale 1ns/1ns --single-unit --coverage-report --top cov_bins --vcd /workspace/out/waves.vcd --trace-all /workspace/src/cov_bins.sv /workspace/src/sram.sv[39m
    [31m# mox-run is not available in this toolchain build; using mox-verilog + mox-sim[39m
    [31m$ mox-verilog --resource-guard=false --ir-llhd --timescale 1ns/1ns --single-unit --top cov_bins -o /workspace/out/design.llhd.mlir /workspace/src/cov_bins.sv /workspace/src/sram.sv[39m
    [31m$ mox-sim --resource-guard=false --coverage-report --mode interpret --top cov_bins --vcd /workspace/out/waves.vcd --trace-all /workspace/out/design.llhd.mlir[39m
    [31mstdout[39m
    [31m[mox-sim] Found 4 LLHD processes, 0 LLHD finals, 0 seq.initial blocks, and 1 hw.instance ops (out of 462 total ops) in module[39m
    [31m[mox-sim] Registered 7 LLHD signals and 5 LLHD processes/initial blocks[39m
    [31m[mox-sim] Receipt: INIT_COMPLETE_OK execution_failure=0 process_dispatches=0[39m
    [31m[mox-sim] Starting simulation[39m
    [31m[mox-sim] Wrote waveform to /workspace/out/waves.vcd[39m
    [31m[mox-sim] Simulation completed at time 5000000 fs[39m
    [31m[39m
    [31m=================================================[39m
    [31m          Coverage Report[39m
    [31m=================================================[39m
    [31m[39m
    [31mCovergroup: sram_cg[39m
    [31m  Overall coverage: 50.00%[39m
    [31m  Coverpoints: 2[39m
    [31m    - cp_addr: 1 hits, 50.00% coverage [range: 0..0, 1 unique values][39m
    [31m    - cp_we: 1 hits, 50.00% coverage [range: 0..0, 1 unique values][39m
    [31m[39m
    [31m=================================================[39m
    [31m[mox-sim] Simulation finished with exit code 1[39m
    [31mstderr[39m
    [31m[mox-sim] Auto-enabling --skip-passes for module marked mox.sim.preprocessed[39m
    [31m[mox-sim] Stage: passes (prev: 1ms, total: 1ms)[39m
    [31m[mox-sim] Stage: init (prev: 9ms, total: 10ms)[39m
    [31m[mox-sim] Stage: run (prev: 278ms, total: 289ms)[39m
    [31m/workspace/out/design.llhd.mlir:265:7: error: unlinked external/DPI call: callee=__mox_sim_register_host_allocation abi=llvm.call.scalar-abi-dlsym result-policy=hard-fail[39m
    [31m      llvm.call @__mox_sim_register_host_allocation(%99, %109) : (!llvm.ptr, i64) -> ()[39m
    [31m      ^[39m
    [31m/workspace/out/design.llhd.mlir:265:7: note: see current operation: \"llvm.call\"(%397, %407) <{CConv = #llvm.cconv<ccc>, TailCallKind = #llvm.tailcallkind<none>, callee = @__mox_sim_register_host_allocation, fastmathFlags = #llvm.fastmath<none>, op_bundle_sizes = array<i32>, operandSegmentSizes = array<i32: 2, 0>}> : (!llvm.ptr, i64) -> ()[39m
    [31mmox-sim: interpretOperation failed for process 2[39m
    [31m  Operation: llvm.call[39m
    [31m  Location: loc(\"/workspace/out/design.llhd.mlir\":265:7)[39m
    [31m[mox-sim] Main loop exit: interpreter execution failure[39m
    [31m# mox-sim [7mexit code: 1[27m"[39m

      77 |         expect(log).not.toMatch(COCOTB_FAILURE_RE);
      78 |       } else {
    > 79 |         expect(log).not.toMatch(FAILURE_RE);
         |                         ^
      80 |         if (lesson.printsPass) expect(log).toMatch(/\bPASS\b/);
      81 |       }
      82 |     });
        at /var/tmp/thomas-ahle/sv-tutorial/e2e/qa-all-lessons.spec.js:79:25

    attachment #1: screenshot (image/png) ──────────────────────────────────────────────────────────
    test-results/qa-all-lessons--16-Bins-and-ignore-bins-›-run/test-failed-1.png
    ────────────────────────────────────────────────────────────────────────────────────────────────

    Error Context: test-results/qa-all-lessons--16-Bins-and-ignore-bins-›-run/error-context.md

  17) e2e/qa-all-lessons.spec.js:65:5 › [17] Cross coverage › run ──────────────────────────────────

    Error: [2mexpect([22m[31mreceived[39m[2m).[22mnot[2m.[22mtoMatch[2m([22m[32mexpected[39m[2m)[22m

    Expected pattern: not [32m/exit code: [1-9]|Aborted\(|runtime unavailable/[39m
    Received string:      [31m"$ mox-run --timescale 1ns/1ns --single-unit --coverage-report --top cov_cross --vcd /workspace/out/waves.vcd --trace-all /workspace/src/cov_cross.sv /workspace/src/sram.sv[39m
    [31m# mox-run is not available in this toolchain build; using mox-verilog + mox-sim[39m
    [31m$ mox-verilog --resource-guard=false --ir-llhd --timescale 1ns/1ns --single-unit --top cov_cross -o /workspace/out/design.llhd.mlir /workspace/src/cov_cross.sv /workspace/src/sram.sv[39m
    [31mstderr[39m
    [31m[7mAborted([27mAssertion failed: getRuntimeTypeSizeInBytes(filterStructTy) == kMooreCrossBinsofFilterBytes && \"lowered MooreCrossBinsofFilter size must match the C ABI\", at: ../lib/Conversion/MooreToCore/MooreToCoreCoverage.cpp,73,assertMooreCrossBinsofFilterStructABI)[39m
    [31m# runtime unavailable: RuntimeError: Aborted(Assertion failed: getRuntimeTypeSizeInBytes(filterStructTy) == kMooreCrossBinsofFilterBytes && \"lowered MooreCrossBinsofFilter size must match the C ABI\", at: ../lib/Conversion/MooreToCore/MooreToCoreCoverage.cpp,73,assertMooreCrossBinsofFilterStructABI). Build with -sASSERTIONS for more info.[39m
    [31m    at abort (eval at loadEmscriptenTool (blob:http://127.0.0.1:4173/f561c7f7-2733-4e4b-bd4d-b3809dcfb53b:250:14), <anonymous>:1:3414)[39m
    [31m    at ___assert_fail (eval at loadEmscriptenTool (blob:http://127.0.0.1:4173/f561c7f7-2733-4e4b-bd4d-b3809dcfb53b:250:14), <anonymous>:1:7301)[39m
    [31m    at http://127.0.0.1:4173/mox/mox-verilog.wasm:wasm-function[43565]:0x1c6a339[39m
    [31m    at http://127.0.0.1:4173/mox/mox-verilog.wasm:wasm-function[43563]:0x1c5d3ef[39m
    [31m    at http://127.0.0.1:4173/mox/mox-verilog.wasm:wasm-function[43566]:0x1c6a550[39m
    [31m    at http://127.0.0.1:4173/mox/mox-verilog.wasm:wasm-function[26224]:0x1587ad6[39m
    [31m    at http://127.0.0.1:4173/mox/mox-verilog.wasm:wasm-function[16477]:0xe4d7fe[39m
    [31m    at http://127.0.0.1:4173/mox/mox-verilog.wasm:wasm-function[16478]:0xe4e47b[39m
    [31m    at http://127.0.0.1:4173/mox/mox-verilog.wasm:wasm-function[7508]:0x61387d[39m
    [31m    at http://127.0.0.1:4173/mox/mox-verilog.wasm:wasm-function[16521]:0xe5e3b9 :: Aborted(Assertion failed: getRuntimeTypeSizeInBytes(filterStructTy) == kMooreCrossBinsofFilterBytes && \"lowered MooreCrossBinsofFilter size must match the C ABI\", at: ../lib/Conversion/MooreToCore/MooreToCoreCoverage.cpp,73,assertMooreCrossBinsofFilterStructABI)[39m
    [31m# mox-verilog js: /mox/mox-verilog.js[39m
    [31m# mox-verilog wasm: /mox/mox-verilog.wasm[39m
    [31m# mox-sim js: /mox/mox-sim.js[39m
    [31m# mox-sim wasm: /mox/mox-sim.wasm[39m
    [31m# run scripts/setup-mox.sh and npm run sync:mox to refresh artifacts"[39m

      77 |         expect(log).not.toMatch(COCOTB_FAILURE_RE);
      78 |       } else {
    > 79 |         expect(log).not.toMatch(FAILURE_RE);
         |                         ^
      80 |         if (lesson.printsPass) expect(log).toMatch(/\bPASS\b/);
      81 |       }
      82 |     });
        at /var/tmp/thomas-ahle/sv-tutorial/e2e/qa-all-lessons.spec.js:79:25

    attachment #1: screenshot (image/png) ──────────────────────────────────────────────────────────
    test-results/qa-all-lessons--17-Cross-coverage-›-run/test-failed-1.png
    ────────────────────────────────────────────────────────────────────────────────────────────────

    Error Context: test-results/qa-all-lessons--17-Cross-coverage-›-run/error-context.md

  18) e2e/qa-all-lessons.spec.js:65:5 › [19] Dynamic Arrays and Queues › run ───────────────────────

    Error: [2mexpect([22m[31mreceived[39m[2m).[22mnot[2m.[22mtoMatch[2m([22m[32mexpected[39m[2m)[22m

    Expected pattern: not [32m/exit code: [1-9]|Aborted\(|runtime unavailable/[39m
    Received string:      [31m"$ mox-run --timescale 1ns/1ns --single-unit --top addr_buf_tb --vcd /workspace/out/waves.vcd --trace-all /workspace/src/addr_buf.sv[39m
    [31m# mox-run is not available in this toolchain build; using mox-verilog + mox-sim[39m
    [31m$ mox-verilog --resource-guard=false --ir-llhd --timescale 1ns/1ns --single-unit --top addr_buf_tb -o /workspace/out/design.llhd.mlir /workspace/src/addr_buf.sv[39m
    [31m$ mox-sim --resource-guard=false --mode interpret --top addr_buf_tb --vcd /workspace/out/waves.vcd --trace-all /workspace/out/design.llhd.mlir[39m
    [31mstdout[39m
    [31m[mox-sim] Found 1 LLHD processes, 0 LLHD finals, 0 seq.initial blocks, and 0 hw.instance ops (out of 394 total ops) in module[39m
    [31m[mox-sim] Registered 0 LLHD signals and 1 LLHD processes/initial blocks[39m
    [31m[mox-sim] Receipt: INIT_COMPLETE_OK execution_failure=0 process_dispatches=0[39m
    [31m[mox-sim] Starting simulation[39m
    [31m[mox-sim] Wrote waveform to /workspace/out/waves.vcd[39m
    [31m[mox-sim] Simulation completed at time 0 fs[39m
    [31m[mox-sim] Simulation finished with exit code 1[39m
    [31mstderr[39m
    [31m[mox-sim] Auto-enabling --skip-passes for module marked mox.sim.preprocessed[39m
    [31m[mox-sim] Stage: passes (prev: 1ms, total: 1ms)[39m
    [31m[mox-sim] Stage: init (prev: 5ms, total: 6ms)[39m
    [31m[mox-sim] Stage: run (prev: 157ms, total: 164ms)[39m
    [31m/workspace/out/design.llhd.mlir:69:7: error: unlinked external/DPI call: callee=__mox_sv_open_array_copy_or_register_bounds abi=llvm.call.scalar-abi-dlsym result-policy=hard-fail[39m
    [31m      llvm.call @__mox_sv_open_array_copy_or_register_bounds(%39, %33, %34, %40) : (!llvm.ptr, !llvm.ptr, i64, i32) -> ()[39m
    [31m      ^[39m
    [31m/workspace/out/design.llhd.mlir:69:7: note: see current operation: \"llvm.call\"(%45, %39, %40, %46) <{CConv = #llvm.cconv<ccc>, TailCallKind = #llvm.tailcallkind<none>, callee = @__mox_sv_open_array_copy_or_register_bounds, fastmathFlags = #llvm.fastmath<none>, op_bundle_sizes = array<i32>, operandSegmentSizes = array<i32: 4, 0>}> : (!llvm.ptr, !llvm.ptr, i64, i32) -> ()[39m
    [31mmox-sim: interpretOperation failed for process 1[39m
    [31m  Operation: llvm.call[39m
    [31m  Location: loc(\"/workspace/out/design.llhd.mlir\":69:7)[39m
    [31m[mox-sim] Main loop exit: interpreter execution failure[39m
    [31m# mox-sim [7mexit code: 1[27m"[39m

      77 |         expect(log).not.toMatch(COCOTB_FAILURE_RE);
      78 |       } else {
    > 79 |         expect(log).not.toMatch(FAILURE_RE);
         |                         ^
      80 |         if (lesson.printsPass) expect(log).toMatch(/\bPASS\b/);
      81 |       }
      82 |     });
        at /var/tmp/thomas-ahle/sv-tutorial/e2e/qa-all-lessons.spec.js:79:25

    attachment #1: screenshot (image/png) ──────────────────────────────────────────────────────────
    test-results/qa-all-lessons--19-Dynamic-Arrays-and-Queues-›-run/test-failed-1.png
    ────────────────────────────────────────────────────────────────────────────────────────────────

    Error Context: test-results/qa-all-lessons--19-Dynamic-Arrays-and-Queues-›-run/error-context.md

  19) e2e/qa-all-lessons.spec.js:65:5 › [22] Macro Formal Continuations › run ──────────────────────

    Error: [2mexpect([22m[31mreceived[39m[2m).[22mnot[2m.[22mtoMatch[2m([22m[32mexpected[39m[2m)[22m

    Expected pattern: not [32m/exit code: [1-9]|Aborted\(|runtime unavailable/[39m
    Received string:      [31m"$ mox-run --timescale 1ns/1ns --single-unit --top tb --vcd /workspace/out/waves.vcd --trace-all /workspace/src/macro_formal.sv[39m
    [31m# mox-run is not available in this toolchain build; using mox-verilog + mox-sim[39m
    [31m$ mox-verilog --resource-guard=false --ir-llhd --timescale 1ns/1ns --single-unit --top tb -o /workspace/out/design.llhd.mlir /workspace/src/macro_formal.sv[39m
    [31mstderr[39m
    [31m/workspace/src/macro_formal.sv:7:3: error: unexpected whitespace after escape character[39m
    [31mmodule tb;[39m
    [31m  ^[39m
    [31m/workspace/src/macro_formal.sv:2:40: note: expanded from macro 'DECLARE_SUM'[39m
    [31m/workspace/src/macro_formal.sv:7:3: error: expected identifier[39m
    [31mmodule tb;[39m
    [31m  ^[39m
    [31m/workspace/src/macro_formal.sv:2:38: note: expanded from macro 'DECLARE_SUM'[39m
    [31m/workspace/src/macro_formal.sv:7:3: error: use of undeclared identifier 'a'[39m
    [31mmodule tb;[39m
    [31m  ^[39m
    [31m/workspace/src/macro_formal.sv:10:9: error: too few arguments for 'sum4'; expected 2 but 0 were provided[39m
    [31m  initial begin[39m
    [31m        ^[39m
    [31m/workspace/src/macro_formal.sv:11:54: error: too few arguments for 'sum4'; expected 2 but 0 were provided[39m
    [31m# mox-verilog [7mexit code: 1[27m[39m
    [31m# lowered MLIR output was not produced"[39m

      77 |         expect(log).not.toMatch(COCOTB_FAILURE_RE);
      78 |       } else {
    > 79 |         expect(log).not.toMatch(FAILURE_RE);
         |                         ^
      80 |         if (lesson.printsPass) expect(log).toMatch(/\bPASS\b/);
      81 |       }
      82 |     });
        at /var/tmp/thomas-ahle/sv-tutorial/e2e/qa-all-lessons.spec.js:79:25

    attachment #1: screenshot (image/png) ──────────────────────────────────────────────────────────
    test-results/qa-all-lessons--22-Macro-Formal-Continuations-›-run/test-failed-1.png
    ────────────────────────────────────────────────────────────────────────────────────────────────

    Error Context: test-results/qa-all-lessons--22-Macro-Formal-Continuations-›-run/error-context.md

  20) e2e/qa-all-lessons.spec.js:65:5 › [23] Packed-Struct Field References › run ──────────────────

    Error: [2mexpect([22m[31mreceived[39m[2m).[22mtoMatch[2m([22m[32mexpected[39m[2m)[22m

    Expected pattern: [32m/\bPASS\b/[39m
    Received string:  [31m"$ mox-run --timescale 1ns/1ns --single-unit --top field_driver --vcd /workspace/out/waves.vcd --trace-all /workspace/src/struct_field.sv[39m
    [31m# mox-run is not available in this toolchain build; using mox-verilog + mox-sim[39m
    [31m$ mox-verilog --resource-guard=false --ir-llhd --timescale 1ns/1ns --single-unit --top field_driver -o /workspace/out/design.llhd.mlir /workspace/src/struct_field.sv[39m
    [31m$ mox-sim --resource-guard=false --mode interpret --top field_driver --vcd /workspace/out/waves.vcd --trace-all /workspace/out/design.llhd.mlir[39m
    [31mstdout[39m
    [31m[mox-sim] Found 1 LLHD processes, 0 LLHD finals, 0 seq.initial blocks, and 0 hw.instance ops (out of 11 total ops) in module[39m
    [31m[mox-sim] Registered 2 LLHD signals and 1 LLHD processes/initial blocks[39m
    [31m[mox-sim] Receipt: INIT_COMPLETE_OK execution_failure=0 process_dispatches=0[39m
    [31m[mox-sim] Starting simulation[39m
    [31m[mox-sim] Wrote waveform to /workspace/out/waves.vcd[39m
    [31m[mox-sim] Simulation completed at time 0 fs[39m
    [31m[mox-sim] Simulation completed[39m
    [31mstderr[39m
    [31m[mox-sim] Auto-enabling --skip-passes for module marked mox.sim.preprocessed[39m
    [31m[mox-sim] Stage: passes (prev: 1ms, total: 1ms)[39m
    [31m[mox-sim] Stage: init (prev: 6ms, total: 8ms)[39m
    [31m[mox-sim] Stage: run (prev: 165ms, total: 173ms)"[39m

      78 |       } else {
      79 |         expect(log).not.toMatch(FAILURE_RE);
    > 80 |         if (lesson.printsPass) expect(log).toMatch(/\bPASS\b/);
         |                                            ^
      81 |       }
      82 |     });
      83 |   }
        at /var/tmp/thomas-ahle/sv-tutorial/e2e/qa-all-lessons.spec.js:80:44

    attachment #1: screenshot (image/png) ──────────────────────────────────────────────────────────
    test-results/qa-all-lessons--23-Packed-Struct-Field-References-›-run/test-failed-1.png
    ────────────────────────────────────────────────────────────────────────────────────────────────

    Error Context: test-results/qa-all-lessons--23-Packed-Struct-Field-References-›-run/error-context.md

  21) e2e/qa-all-lessons.spec.js:65:5 › [25] Nested Child Input Propagation › run ──────────────────

    Error: [2mexpect([22m[31mreceived[39m[2m).[22mtoMatch[2m([22m[32mexpected[39m[2m)[22m

    Expected pattern: [32m/\bPASS\b/[39m
    Received string:  [31m"$ mox-run --timescale 1ns/1ns --single-unit --top sink --vcd /workspace/out/waves.vcd --trace-all /workspace/src/nested_child_input.sv[39m
    [31m# mox-run is not available in this toolchain build; using mox-verilog + mox-sim[39m
    [31m$ mox-verilog --resource-guard=false --ir-llhd --timescale 1ns/1ns --single-unit --top sink -o /workspace/out/design.llhd.mlir /workspace/src/nested_child_input.sv[39m
    [31m$ mox-sim --resource-guard=false --mode interpret --top sink --vcd /workspace/out/waves.vcd --trace-all /workspace/out/design.llhd.mlir[39m
    [31mstdout[39m
    [31m[mox-sim] Found 2 LLHD processes, 0 LLHD finals, 0 seq.initial blocks, and 0 hw.instance ops (out of 60 total ops) in module[39m
    [31m[mox-sim] Registered 3 LLHD signals and 2 LLHD processes/initial blocks[39m
    [31m[mox-sim] Receipt: INIT_COMPLETE_OK execution_failure=0 process_dispatches=0[39m
    [31m[mox-sim] Starting simulation[39m
    [31m[mox-sim] Wrote waveform to /workspace/out/waves.vcd[39m
    [31m[mox-sim] Simulation completed at time 0 fs[39m
    [31m[mox-sim] Simulation completed[39m
    [31mstderr[39m
    [31m[mox-sim] Auto-enabling --skip-passes for module marked mox.sim.preprocessed[39m
    [31m[mox-sim] Stage: passes (prev: 1ms, total: 1ms)[39m
    [31m[mox-sim] Stage: init (prev: 7ms, total: 8ms)[39m
    [31m[mox-sim] Stage: run (prev: 277ms, total: 286ms)"[39m

      78 |       } else {
      79 |         expect(log).not.toMatch(FAILURE_RE);
    > 80 |         if (lesson.printsPass) expect(log).toMatch(/\bPASS\b/);
         |                                            ^
      81 |       }
      82 |     });
      83 |   }
        at /var/tmp/thomas-ahle/sv-tutorial/e2e/qa-all-lessons.spec.js:80:44

    attachment #1: screenshot (image/png) ──────────────────────────────────────────────────────────
    test-results/qa-all-lessons--25-Nested-Child-Input-Propagation-›-run/test-failed-1.png
    ────────────────────────────────────────────────────────────────────────────────────────────────

    Error Context: test-results/qa-all-lessons--25-Nested-Child-Input-Propagation-›-run/error-context.md

  22) e2e/qa-all-lessons.spec.js:86:5 › [30] Immediate Assertions › verify ─────────────────────────

    Error: [2mexpect([22m[31mreceived[39m[2m).[22mnot[2m.[22mtoMatch[2m([22m[32mexpected[39m[2m)[22m

    Expected pattern: not [32m/exit code: [1-9]|Aborted\(|runtime unavailable/[39m
    Received string:      [31m"$ mox-verilog --resource-guard=false --ir-llhd --timescale 1ns/1ns --single-unit --top fifo_checker -o /workspace/out/design.mlir /workspace/src/fifo_checker.sv[39m
    [31m$ mox-bmc --resource-guard=false --assume-known-inputs -b 20 --module fifo_checker --emit-smtlib -o /workspace/out/check.smt2 /workspace/out/design.mlir[39m
    [31mstderr[39m
    [31m/workspace/out/design.mlir:147:7: error: failed to legalize operation 'ltl.not' that was explicitly marked illegal: %195 = \"ltl.not\"(%87) : (!smt.bv<1>) -> !ltl.property[39m
    [31m      verif.assert %value_51 label \"\" {mox.sim.vpi_extra_source_columns = [10 : i32], mox.sim.vpi_extra_source_lines = [7 : i32], mox.sva.has_action_block, mox.sva.has_fail_action_block, mox.vpi.source_column = 5 : i32, mox.vpi.source_line = 8 : i32} : i1[39m
    [31m      ^[39m
    [31m# mox-bmc [7mexit code: 1[27m[39m
    [31m# no SMT-LIB output produced"[39m

      88 |       test.fail(!!known, known);
      89 |       await openSolved(page, lesson);
    > 90 |       expect(await runAndWait(page, 'verify-button')).not.toMatch(FAILURE_RE);
         |                                                           ^
      91 |     });
      92 |   }
      93 | }
        at /var/tmp/thomas-ahle/sv-tutorial/e2e/qa-all-lessons.spec.js:90:59

    attachment #1: screenshot (image/png) ──────────────────────────────────────────────────────────
    test-results/qa-all-lessons--30-Immediate-Assertions-›-verify/test-failed-1.png
    ────────────────────────────────────────────────────────────────────────────────────────────────

    Error Context: test-results/qa-all-lessons--30-Immediate-Assertions-›-verify/error-context.md

  23) e2e/qa-all-lessons.spec.js:86:5 › [47] cover property › verify ───────────────────────────────

    Error: [2mexpect([22m[31mlocator[39m[2m).[22mtoHaveText[2m([22m[32mexpected[39m[2m)[22m failed

    Locator: getByTestId('lesson-title')
    Expected: [32m"cover property"[39m
    Timeout: 10000ms
    Error: element(s) not found

    Call log:
    [2m  - Expect "toHaveText" with timeout 10000ms[22m
    [2m  - waiting for getByTestId('lesson-title')[22m


      41 |   const [part, name] = lesson.slug.split('/');
      42 |   await page.goto(`${base}/lesson/${part}/${name}`);
    > 43 |   await expect(page.getByTestId('lesson-title')).toHaveText(lesson.title, { timeout: 10_000 });
         |                                                  ^
      44 |   // The title is prerendered; the sidebar's lesson buttons appear only once
      45 |   // Svelte has hydrated, and clicks before that are lost.
      46 |   await page.locator('button[data-active]').first().waitFor({ timeout: 10_000 });
        at openSolved (/var/tmp/thomas-ahle/sv-tutorial/e2e/qa-all-lessons.spec.js:43:50)
        at /var/tmp/thomas-ahle/sv-tutorial/e2e/qa-all-lessons.spec.js:89:7

    attachment #1: screenshot (image/png) ──────────────────────────────────────────────────────────
    test-results/qa-all-lessons--47-cover-property-›-verify/test-failed-1.png
    ────────────────────────────────────────────────────────────────────────────────────────────────

    Error Context: test-results/qa-all-lessons--47-cover-property-›-verify/error-context.md

  24) e2e/qa-all-lessons.spec.js:86:5 › [48] Local Variables in Sequences › verify ─────────────────

    Error: [2mexpect([22m[31mlocator[39m[2m).[22mtoHaveText[2m([22m[32mexpected[39m[2m)[22m failed

    Locator: getByTestId('lesson-title')
    Expected: [32m"Local Variables in Sequences"[39m
    Timeout: 10000ms
    Error: element(s) not found

    Call log:
    [2m  - Expect "toHaveText" with timeout 10000ms[22m
    [2m  - waiting for getByTestId('lesson-title')[22m


      41 |   const [part, name] = lesson.slug.split('/');
      42 |   await page.goto(`${base}/lesson/${part}/${name}`);
    > 43 |   await expect(page.getByTestId('lesson-title')).toHaveText(lesson.title, { timeout: 10_000 });
         |                                                  ^
      44 |   // The title is prerendered; the sidebar's lesson buttons appear only once
      45 |   // Svelte has hydrated, and clicks before that are lost.
      46 |   await page.locator('button[data-active]').first().waitFor({ timeout: 10_000 });
        at openSolved (/var/tmp/thomas-ahle/sv-tutorial/e2e/qa-all-lessons.spec.js:43:50)
        at /var/tmp/thomas-ahle/sv-tutorial/e2e/qa-all-lessons.spec.js:89:7

    attachment #1: screenshot (image/png) ──────────────────────────────────────────────────────────
    test-results/qa-all-lessons--48-Local-Variables-in-Sequences-›-verify/test-failed-1.png
    ────────────────────────────────────────────────────────────────────────────────────────────────

    Error Context: test-results/qa-all-lessons--48-Local-Variables-in-Sequences-›-verify/error-context.md

  25) e2e/qa-all-lessons.spec.js:86:5 › [49] $onehot, $onehot0, $countones › verify ────────────────

    TimeoutError: locator.waitFor: Timeout 10000ms exceeded.
    Call log:
    [2m  - waiting for locator('button[data-active]').first() to be visible[22m


      44 |   // The title is prerendered; the sidebar's lesson buttons appear only once
      45 |   // Svelte has hydrated, and clicks before that are lost.
    > 46 |   await page.locator('button[data-active]').first().waitFor({ timeout: 10_000 });
         |                                                     ^
      47 |
      48 |   await page.getByTestId('options-button').click();
      49 |   const solveBtn = page.getByTestId('solve-button');
        at openSolved (/var/tmp/thomas-ahle/sv-tutorial/e2e/qa-all-lessons.spec.js:46:53)
        at /var/tmp/thomas-ahle/sv-tutorial/e2e/qa-all-lessons.spec.js:89:7

    attachment #1: screenshot (image/png) ──────────────────────────────────────────────────────────
    test-results/qa-all-lessons--49-onehot-onehot0-countones-›-verify/test-failed-1.png
    ────────────────────────────────────────────────────────────────────────────────────────────────

    Error Context: test-results/qa-all-lessons--49-onehot-onehot0-countones-›-verify/error-context.md

  26) e2e/qa-all-lessons.spec.js:86:5 › [52] Recursive Properties › verify ─────────────────────────

    Error: [2mexpect([22m[31mreceived[39m[2m).[22mnot[2m.[22mtoMatch[2m([22m[32mexpected[39m[2m)[22m

    Expected pattern: not [32m/exit code: [1-9]|Aborted\(|runtime unavailable/[39m
    Received string:      [31m"$ mox-verilog --resource-guard=false --ir-llhd --timescale 1ns/1ns --single-unit --top lock_check -o /workspace/out/design.mlir /workspace/src/lock_check.sv[39m
    [31m$ mox-bmc --resource-guard=false --assume-known-inputs -b 20 --module lock_check --emit-smtlib -o /workspace/out/check.smt2 /workspace/out/design.mlir[39m
    [31mstderr[39m
    [31m/workspace/out/design.mlir:306:5: error: failed to legalize operation 'ltl.not' that was explicitly marked illegal: %124 = \"ltl.not\"(%121) : (!smt.bv<1>) -> !ltl.property[39m
    [31m    verif.clocked_assert %147 if %157, posedge %152 label \"no_simul_a\" {mox.sva.action.id = 2 : i64, mox.sva.has_action_block, mox.sva.instance.decl_scope = \"lock_check\", mox.sva.instance.kind = \"property\", mox.sva.instance.name = \"p_no_simultaneous\", mox.sva.instance.symbol = \"lock_check.p_no_simultaneous\", mox.vpi.source_column = 3 : i32, mox.vpi.source_line = 24 : i32} : i1[39m
    [31m    ^[39m
    [31m# mox-bmc [7mexit code: 1[27m[39m
    [31m# no SMT-LIB output produced"[39m

      88 |       test.fail(!!known, known);
      89 |       await openSolved(page, lesson);
    > 90 |       expect(await runAndWait(page, 'verify-button')).not.toMatch(FAILURE_RE);
         |                                                           ^
      91 |     });
      92 |   }
      93 | }
        at /var/tmp/thomas-ahle/sv-tutorial/e2e/qa-all-lessons.spec.js:90:59

    attachment #1: screenshot (image/png) ──────────────────────────────────────────────────────────
    test-results/qa-all-lessons--52-Recursive-Properties-›-verify/test-failed-1.png
    ────────────────────────────────────────────────────────────────────────────────────────────────

    Error Context: test-results/qa-all-lessons--52-Recursive-Properties-›-verify/error-context.md

  27) e2e/qa-all-lessons.spec.js:86:5 › [53] assume property › verify ──────────────────────────────

    Error: [2mexpect([22m[31mreceived[39m[2m).[22mnot[2m.[22mtoMatch[2m([22m[32mexpected[39m[2m)[22m

    Expected pattern: not [32m/exit code: [1-9]|Aborted\(|runtime unavailable/[39m
    Received string:      [31m"$ mox-verilog --resource-guard=false --ir-llhd --timescale 1ns/1ns --single-unit --top top -o /workspace/out/design.mlir /workspace/src/top.sv[39m
    [31m$ mox-bmc --resource-guard=false --assume-known-inputs -b 20 --module top --emit-smtlib -o /workspace/out/check.smt2 /workspace/out/design.mlir[39m
    [31mstderr[39m
    [31m/workspace/out/design.mlir:209:5: error: failed to legalize operation 'ltl.not' that was explicitly marked illegal: %154 = \"ltl.not\"(%60) : (!smt.bv<1>) -> !ltl.property[39m
    [31m    verif.clocked_assert %40 if %50, posedge %45 label \"no_invalid\" {mox.sva.action.id = 0 : i64, mox.sva.has_action_block, mox.vpi.source_column = 3 : i32, mox.vpi.source_line = 17 : i32} : i1[39m
    [31m    ^[39m
    [31m# mox-bmc [7mexit code: 1[27m[39m
    [31m# no SMT-LIB output produced"[39m

      88 |       test.fail(!!known, known);
      89 |       await openSolved(page, lesson);
    > 90 |       expect(await runAndWait(page, 'verify-button')).not.toMatch(FAILURE_RE);
         |                                                           ^
      91 |     });
      92 |   }
      93 | }
        at /var/tmp/thomas-ahle/sv-tutorial/e2e/qa-all-lessons.spec.js:90:59

    attachment #1: screenshot (image/png) ──────────────────────────────────────────────────────────
    test-results/qa-all-lessons--53-assume-property-›-verify/test-failed-1.png
    ────────────────────────────────────────────────────────────────────────────────────────────────

    Error Context: test-results/qa-all-lessons--53-assume-property-›-verify/error-context.md

  28) e2e/qa-all-lessons.spec.js:65:5 › [69] RTL to Gates › run ────────────────────────────────────

    Error: page.goto: net::ERR_CONNECTION_REFUSED at http://127.0.0.1:4173/lesson/rtl/rtl-to-gates
    Call log:
    [2m  - navigating to "http://127.0.0.1:4173/lesson/rtl/rtl-to-gates", waiting until "load"[22m


      40 | async function openSolved(page, lesson) {
      41 |   const [part, name] = lesson.slug.split('/');
    > 42 |   await page.goto(`${base}/lesson/${part}/${name}`);
         |              ^
      43 |   await expect(page.getByTestId('lesson-title')).toHaveText(lesson.title, { timeout: 10_000 });
      44 |   // The title is prerendered; the sidebar's lesson buttons appear only once
      45 |   // Svelte has hydrated, and clicks before that are lost.
        at openSolved (/var/tmp/thomas-ahle/sv-tutorial/e2e/qa-all-lessons.spec.js:42:14)
        at /var/tmp/thomas-ahle/sv-tutorial/e2e/qa-all-lessons.spec.js:68:13

    Error Context: test-results/qa-all-lessons--69-RTL-to-Gates-›-run/error-context.md

  29) e2e/qa-all-lessons.spec.js:65:5 › [70] Synthesis Gotchas › run ───────────────────────────────

    Error: page.goto: net::ERR_CONNECTION_REFUSED at http://127.0.0.1:4173/lesson/rtl/synthesis-gotchas
    Call log:
    [2m  - navigating to "http://127.0.0.1:4173/lesson/rtl/synthesis-gotchas", waiting until "load"[22m


      40 | async function openSolved(page, lesson) {
      41 |   const [part, name] = lesson.slug.split('/');
    > 42 |   await page.goto(`${base}/lesson/${part}/${name}`);
         |              ^
      43 |   await expect(page.getByTestId('lesson-title')).toHaveText(lesson.title, { timeout: 10_000 });
      44 |   // The title is prerendered; the sidebar's lesson buttons appear only once
      45 |   // Svelte has hydrated, and clicks before that are lost.
        at openSolved (/var/tmp/thomas-ahle/sv-tutorial/e2e/qa-all-lessons.spec.js:42:14)
        at /var/tmp/thomas-ahle/sv-tutorial/e2e/qa-all-lessons.spec.js:68:13

    Error Context: test-results/qa-all-lessons--70-Synthesis-Gotchas-›-run/error-context.md

  30) e2e/qa-all-lessons.spec.js:65:5 › [71] What is MLIR? › run ───────────────────────────────────

    Error: page.goto: net::ERR_CONNECTION_REFUSED at http://127.0.0.1:4173/lesson/mlir/intro
    Call log:
    [2m  - navigating to "http://127.0.0.1:4173/lesson/mlir/intro", waiting until "load"[22m


      40 | async function openSolved(page, lesson) {
      41 |   const [part, name] = lesson.slug.split('/');
    > 42 |   await page.goto(`${base}/lesson/${part}/${name}`);
         |              ^
      43 |   await expect(page.getByTestId('lesson-title')).toHaveText(lesson.title, { timeout: 10_000 });
      44 |   // The title is prerendered; the sidebar's lesson buttons appear only once
      45 |   // Svelte has hydrated, and clicks before that are lost.
        at openSolved (/var/tmp/thomas-ahle/sv-tutorial/e2e/qa-all-lessons.spec.js:42:14)
        at /var/tmp/thomas-ahle/sv-tutorial/e2e/qa-all-lessons.spec.js:68:13

    Error Context: test-results/qa-all-lessons--71-What-is-MLIR-›-run/error-context.md

  31) e2e/qa-all-lessons.spec.js:65:5 › [72] The comb Dialect › run ────────────────────────────────

    Error: page.goto: net::ERR_CONNECTION_REFUSED at http://127.0.0.1:4173/lesson/mlir/comb
    Call log:
    [2m  - navigating to "http://127.0.0.1:4173/lesson/mlir/comb", waiting until "load"[22m


      40 | async function openSolved(page, lesson) {
      41 |   const [part, name] = lesson.slug.split('/');
    > 42 |   await page.goto(`${base}/lesson/${part}/${name}`);
         |              ^
      43 |   await expect(page.getByTestId('lesson-title')).toHaveText(lesson.title, { timeout: 10_000 });
      44 |   // The title is prerendered; the sidebar's lesson buttons appear only once
      45 |   // Svelte has hydrated, and clicks before that are lost.
        at openSolved (/var/tmp/thomas-ahle/sv-tutorial/e2e/qa-all-lessons.spec.js:42:14)
        at /var/tmp/thomas-ahle/sv-tutorial/e2e/qa-all-lessons.spec.js:68:13

    Error Context: test-results/qa-all-lessons--72-The-comb-Dialect-›-run/error-context.md

  32) e2e/qa-all-lessons.spec.js:65:5 › [73] The seq Dialect: Registers › run ──────────────────────

    Error: page.goto: net::ERR_CONNECTION_REFUSED at http://127.0.0.1:4173/lesson/mlir/seq
    Call log:
    [2m  - navigating to "http://127.0.0.1:4173/lesson/mlir/seq", waiting until "load"[22m


      40 | async function openSolved(page, lesson) {
      41 |   const [part, name] = lesson.slug.split('/');
    > 42 |   await page.goto(`${base}/lesson/${part}/${name}`);
         |              ^
      43 |   await expect(page.getByTestId('lesson-title')).toHaveText(lesson.title, { timeout: 10_000 });
      44 |   // The title is prerendered; the sidebar's lesson buttons appear only once
      45 |   // Svelte has hydrated, and clicks before that are lost.
        at openSolved (/var/tmp/thomas-ahle/sv-tutorial/e2e/qa-all-lessons.spec.js:42:14)
        at /var/tmp/thomas-ahle/sv-tutorial/e2e/qa-all-lessons.spec.js:68:13

    Error Context: test-results/qa-all-lessons--73-The-seq-Dialect-Registers-›-run/error-context.md

  33) e2e/qa-all-lessons.spec.js:65:5 › [74] The Lowering Pipeline › run ───────────────────────────

    Error: page.goto: net::ERR_CONNECTION_REFUSED at http://127.0.0.1:4173/lesson/mlir/lowering
    Call log:
    [2m  - navigating to "http://127.0.0.1:4173/lesson/mlir/lowering", waiting until "load"[22m


      40 | async function openSolved(page, lesson) {
      41 |   const [part, name] = lesson.slug.split('/');
    > 42 |   await page.goto(`${base}/lesson/${part}/${name}`);
         |              ^
      43 |   await expect(page.getByTestId('lesson-title')).toHaveText(lesson.title, { timeout: 10_000 });
      44 |   // The title is prerendered; the sidebar's lesson buttons appear only once
      45 |   // Svelte has hydrated, and clicks before that are lost.
        at openSolved (/var/tmp/thomas-ahle/sv-tutorial/e2e/qa-all-lessons.spec.js:42:14)
        at /var/tmp/thomas-ahle/sv-tutorial/e2e/qa-all-lessons.spec.js:68:13

    Error Context: test-results/qa-all-lessons--74-The-Lowering-Pipeline-›-run/error-context.md

  34) e2e/qa-ghpages.spec.js:208:1 › SV: welcome lesson compiles and prints Hello output ───────────

    Error: [2mexpect([22m[31mlocator[39m[2m).[22mtoContainText[2m([22m[32mexpected[39m[2m)[22m failed

    Locator: getByTestId('runtime-logs')
    Timeout: 45000ms
    [32m- Expected substring  -  1[39m
    [31m+ Received string     + 11[39m

    [32m- $ mox-[7mverilog[27m[39m
    [31m+ $ mox-[7mrun --timescale 1ns/1ns --single-unit --top top --vcd /workspace/out/waves.vcd --trace-all /workspace/src/top.svstdout [mox-sim] Found 0 LLHD processes, 0 LLHD finals, 0 seq.initial blocks, and 0 hw.instance ops (out of 2 total ops) in module[27m[39m
    [31m+ [mox-sim] Starting simulation[39m
    [31m+ [mox-sim] Wrote waveform to /workspace/out/waves.vcd[39m
    [31m+ [mox-sim] Simulation completed at time 0 fs[39m
    [31m+ [mox-sim] Simulation completedstderr [this.program] parse (929ms, total: 929ms)[39m
    [31m+ [this.program] lower (113ms, total: 1043ms)[39m
    [31m+ [this.program] simulate (14ms, total: 1057ms)[39m
    [31m+ [mox-sim] Auto-enabling --skip-passes for module marked mox.sim.preprocessed[39m
    [31m+ [mox-sim] Stage: passes (prev: 0ms, total: 0ms)[39m
    [31m+ [mox-sim] Stage: init (prev: 0ms, total: 0ms)[39m
    [31m+ [mox-sim] Stage: run (prev: 3ms, total: 4ms)[39m

    Call log:
    [2m  - Expect "toContainText" with timeout 45000ms[22m
    [2m  - waiting for getByTestId('runtime-logs')[22m
    [2m    5 × locator resolved to <div data-testid="runtime-logs" class="m-0 bg-logs-bg text-logs-text p-[0.6rem] overflow-auto font-mono text-[0.78rem]↵               flex-1 min-h-0">…</div>[22m
    [2m      - unexpected value "$ mox-run --timescale 1ns/1ns --single-unit --top top --vcd /workspace/out/waves.vcd --trace-all /workspace/src/top.sv"[22m
    [2m    44 × locator resolved to <div data-testid="runtime-logs" class="m-0 bg-logs-bg text-logs-text p-[0.6rem] overflow-auto font-mono text-[0.78rem]↵               flex-1 min-h-0">…</div>[22m
    [2m       - unexpected value "$ mox-run --timescale 1ns/1ns --single-unit --top top --vcd /workspace/out/waves.vcd --trace-all /workspace/src/top.svstdout [mox-sim] Found 0 LLHD processes, 0 LLHD finals, 0 seq.initial blocks, and 0 hw.instance ops (out of 2 total ops) in module[22m
    [2m[mox-sim] Starting simulation[22m
    [2m[mox-sim] Wrote waveform to /workspace/out/waves.vcd[22m
    [2m[mox-sim] Simulation completed at time 0 fs[22m
    [2m[mox-sim] Simulation completedstderr [this.program] parse (929ms, total: 929ms)[22m
    [2m[this.program] lower (113ms, total: 1043ms)[22m
    [2m[this.program] simulate (14ms, total: 1057ms)[22m
    [2m[mox-sim] Auto-enabling --skip-passes for module marked mox.sim.preprocessed[22m
    [2m[mox-sim] Stage: passes (prev: 0ms, total: 0ms)[22m
    [2m[mox-sim] Stage: init (prev: 0ms, total: 0ms)[22m
    [2m[mox-sim] Stage: run (prev: 3ms, total: 4ms)"[22m


      210 |   await page.getByTestId('run-button').click();
      211 |   const logs = page.getByTestId('runtime-logs');
    > 212 |   await expect(logs).toContainText('$ mox-verilog', { timeout: 45_000 });
          |                      ^
      213 |   await waitForRunDone(page);
      214 |   const text = await logs.textContent();
      215 |   expect(text).not.toContain('exit code: 1');
        at /var/tmp/thomas-ahle/sv-tutorial/e2e/qa-ghpages.spec.js:212:22

    attachment #1: screenshot (image/png) ──────────────────────────────────────────────────────────
    test-results/qa-ghpages-SV-welcome-less-623af-les-and-prints-Hello-output/test-failed-1.png
    ────────────────────────────────────────────────────────────────────────────────────────────────

    Error Context: test-results/qa-ghpages-SV-welcome-less-623af-les-and-prints-Hello-output/error-context.md

  35) e2e/qa-ghpages.spec.js:219:1 › SV: always-ff solution compiles and simulates cleanly ─────────

    Error: [2mexpect([22m[31mlocator[39m[2m).[22mtoContainText[2m([22m[32mexpected[39m[2m)[22m failed

    Locator: getByTestId('runtime-logs')
    Timeout: 45000ms
    [32m- Expected substring  -  1[39m
    [31m+ Received string     + 20[39m

    [32m- $ mox-[7mverilog[27m[39m
    [31m+ $ mox-[7mrun --timescale 1ns/1ns --single-unit --top tb --vcd /workspace/out/waves.vcd --trace-all /workspace/src/sram_core.sv /workspace/src/tb.svstdout [mox-sim] Found 3 LLHD processes, 0 LLHD finals, 0 seq.initial blocks, and 1 hw.instance ops (out of 300 total ops) in module[27m[39m
    [31m+ [mox-sim] Registered 13 LLHD signals and 4 LLHD processes/initial blocks[39m
    [31m+ [mox-sim] Starting simulation[39m
    [31m+ PASS  mem[2] = 42[39m
    [31m+ PASS  mem[7] = 99[39m
    [31m+ PASS  mem[0] = 13[39m
    [31m+ PASS[39m
    [31m+ [mox-sim] Simulation finished at time 56000000 fs[39m
    [31m+ [mox-sim] Wrote waveform to /workspace/out/waves.vcd[39m
    [31m+ [mox-sim] Simulation completed at time 56000000 fs[39m
    [31m+ [mox-sim] Simulation completedstderr [this.program] parse (1370ms, total: 1370ms)[39m
    [31m+ [this.program] lower (517ms, total: 1888ms)[39m
    [31m+ [this.program] simulate (77ms, total: 1966ms)[39m
    [31m+ [mox-sim] Auto-enabling --skip-passes for module marked mox.sim.preprocessed[39m
    [31m+ [mox-sim] Stage: passes (prev: 0ms, total: 0ms)[39m
    [31m+ [mox-sim] Stage: init (prev: 0ms, total: 0ms)[39m
    [31m+ [mox-sim] Stage: run (prev: 286ms, total: 286ms)[39m
    [31m+ [mox-sim] sim.terminate triggered in process ID 4 at loc("/workspace/src/tb.sv":59:5 to :13)[39m
    [31m+ [mox-sim] Simulation terminated at time 56000000 fs (success=true, verbose=true)[39m
    [31m+ [mox-sim] Main loop exit: shouldContinue()=false at time 56000000 fs, iter=18, deltas=1[39m

    Call log:
    [2m  - Expect "toContainText" with timeout 45000ms[22m
    [2m  - waiting for getByTestId('runtime-logs')[22m
    [2m    6 × locator resolved to <div data-testid="runtime-logs" class="m-0 bg-logs-bg text-logs-text p-[0.6rem] overflow-auto font-mono text-[0.78rem]↵               flex-1 min-h-0">…</div>[22m
    [2m      - unexpected value "$ mox-run --timescale 1ns/1ns --single-unit --top tb --vcd /workspace/out/waves.vcd --trace-all /workspace/src/sram_core.sv /workspace/src/tb.sv"[22m
    [2m    - locator resolved to <div data-testid="runtime-logs" class="m-0 bg-logs-bg text-logs-text p-[0.6rem] overflow-auto font-mono text-[0.78rem]↵               flex-1 min-h-0">…</div>[22m
    [2m    - unexpected value "$ mox-run --timescale 1ns/1ns --single-unit --top tb --vcd /workspace/out/waves.vcd --trace-all /workspace/src/sram_core.sv /workspace/src/tb.svstdout [mox-sim] Found 3 LLHD processes, 0 LLHD finals, 0 seq.initial blocks, and 1 hw.instance ops (out of 300 total ops) in modulestderr [this.program] parse (1370ms, total: 1370ms)[22m
    [2m[this.program] lower (517ms, total: 1888ms)[22m
    [2m[this.program] simulate (77ms, total: 1966ms)[22m
    [2m[mox-sim] Auto-enabling --skip-passes for module marked mox.sim.preprocessed[22m
    [2m[mox-sim] Stage: passes (prev: 0ms, total: 0ms)[22m
    [2m[mox-sim] Stage: init (prev: 0ms, total: 0ms)"[22m
    [2m    41 × locator resolved to <div data-testid="runtime-logs" class="m-0 bg-logs-bg text-logs-text p-[0.6rem] overflow-auto font-mono text-[0.78rem]↵               flex-1 min-h-0">…</div>[22m
    [2m       - unexpected value "$ mox-run --timescale 1ns/1ns --single-unit --top tb --vcd /workspace/out/waves.vcd --trace-all /workspace/src/sram_core.sv /workspace/src/tb.svstdout [mox-sim] Found 3 LLHD processes, 0 LLHD finals, 0 seq.initial blocks, and 1 hw.instance ops (out of 300 total ops) in module[22m
    [2m[mox-sim] Registered 13 LLHD signals and 4 LLHD processes/initial blocks[22m
    [2m[mox-sim] Starting simulation[22m
    [2mPASS  mem[2] = 42[22m
    [2mPASS  mem[7] = 99[22m
    [2mPASS  mem[0] = 13[22m
    [2mPASS[22m
    [2m[mox-sim] Simulation finished at time 56000000 fs[22m
    [2m[mox-sim] Wrote waveform to /workspace/out/waves.vcd[22m
    [2m[mox-sim] Simulation completed at time 56000000 fs[22m
    [2m[mox-sim] Simulation completedstderr [this.program] parse (1370ms, total: 1370ms)[22m
    [2m[this.program] lower (517ms, total: 1888ms)[22m
    [2m[this.program] simulate (77ms, total: 1966ms)[22m
    [2m[mox-sim] Auto-enabling --skip-passes for module marked mox.sim.preprocessed[22m
    [2m[mox-sim] Stage: passes (prev: 0ms, total: 0ms)[22m
    [2m[mox-sim] Stage: init (prev: 0ms, total: 0ms)[22m
    [2m[mox-sim] Stage: run (prev: 286ms, total: 286ms)[22m
    [2m[mox-sim] sim.terminate triggered in process ID 4 at loc("/workspace/src/tb.sv":59:5 to :13)[22m
    [2m[mox-sim] Simulation terminated at time 56000000 fs (success=true, verbose=true)[22m
    [2m[mox-sim] Main loop exit: shouldContinue()=false at time 56000000 fs, iter=18, deltas=1"[22m


      222 |   await page.getByTestId('run-button').click();
      223 |   const logs = page.getByTestId('runtime-logs');
    > 224 |   await expect(logs).toContainText('$ mox-verilog', { timeout: 45_000 });
          |                      ^
      225 |   await waitForRunDone(page, { timeout: 120_000 });
      226 |   const text = await logs.textContent();
      227 |   expect(text).not.toContain('# mox-verilog exit code: 1');
        at /var/tmp/thomas-ahle/sv-tutorial/e2e/qa-ghpages.spec.js:224:22

    attachment #1: screenshot (image/png) ──────────────────────────────────────────────────────────
    test-results/qa-ghpages-SV-always-ff-so-bd3cf-piles-and-simulates-cleanly/test-failed-1.png
    ────────────────────────────────────────────────────────────────────────────────────────────────

    Error Context: test-results/qa-ghpages-SV-always-ff-so-bd3cf-piles-and-simulates-cleanly/error-context.md

  36) e2e/qa-ghpages.spec.js:232:1 › SV: starter code with TODO shows simulation failures ──────────

    Error: [2mexpect([22m[31mlocator[39m[2m).[22mtoContainText[2m([22m[32mexpected[39m[2m)[22m failed

    Locator: getByTestId('runtime-logs')
    Timeout: 45000ms
    [32m- Expected substring  -  1[39m
    [31m+ Received string     + 19[39m

    [32m- $ mox-[7mverilog[27m[39m
    [31m+ $ mox-[7mrun --timescale 1ns/1ns --single-unit --top tb --vcd /workspace/out/waves.vcd --trace-all /workspace/src/sram_core.sv /workspace/src/tb.svstdout [mox-sim] Found 3 LLHD processes, 0 LLHD finals, 0 seq.initial blocks, and 1 hw.instance ops (out of 300 total ops) in module[27m[39m
    [31m+ [mox-sim] Registered 13 LLHD signals and 4 LLHD processes/initial blocks[39m
    [31m+ [mox-sim] Starting simulation[39m
    [31m+ FAIL  mem[2] = 0  (expected 42)[39m
    [31m+ FAIL  mem[7] = 0  (expected 99)[39m
    [31m+ FAIL  mem[0] = 0  (expected 13)[39m
    [31m+ [mox-sim] Simulation finished at time 56000000 fs[39m
    [31m+ [mox-sim] Wrote waveform to /workspace/out/waves.vcd[39m
    [31m+ [mox-sim] Simulation completed at time 56000000 fs[39m
    [31m+ [mox-sim] Simulation completedstderr [this.program] parse (1211ms, total: 1211ms)[39m
    [31m+ [this.program] lower (392ms, total: 1603ms)[39m
    [31m+ [this.program] simulate (38ms, total: 1642ms)[39m
    [31m+ [mox-sim] Auto-enabling --skip-passes for module marked mox.sim.preprocessed[39m
    [31m+ [mox-sim] Stage: passes (prev: 0ms, total: 0ms)[39m
    [31m+ [mox-sim] Stage: init (prev: 0ms, total: 1ms)[39m
    [31m+ [mox-sim] Stage: run (prev: 251ms, total: 252ms)[39m
    [31m+ [mox-sim] sim.terminate triggered in process ID 4 at loc("/workspace/src/tb.sv":59:5 to :13)[39m
    [31m+ [mox-sim] Simulation terminated at time 56000000 fs (success=true, verbose=true)[39m
    [31m+ [mox-sim] Main loop exit: shouldContinue()=false at time 56000000 fs, iter=18, deltas=1[39m

    Call log:
    [2m  - Expect "toContainText" with timeout 45000ms[22m
    [2m  - waiting for getByTestId('runtime-logs')[22m
    [2m    5 × locator resolved to <div data-testid="runtime-logs" class="m-0 bg-logs-bg text-logs-text p-[0.6rem] overflow-auto font-mono text-[0.78rem]↵               flex-1 min-h-0">…</div>[22m
    [2m      - unexpected value "$ mox-run --timescale 1ns/1ns --single-unit --top tb --vcd /workspace/out/waves.vcd --trace-all /workspace/src/sram_core.sv /workspace/src/tb.sv"[22m
    [2m    - locator resolved to <div data-testid="runtime-logs" class="m-0 bg-logs-bg text-logs-text p-[0.6rem] overflow-auto font-mono text-[0.78rem]↵               flex-1 min-h-0">…</div>[22m
    [2m    - unexpected value "$ mox-run --timescale 1ns/1ns --single-unit --top tb --vcd /workspace/out/waves.vcd --trace-all /workspace/src/sram_core.sv /workspace/src/tb.svstderr [this.program] parse (1211ms, total: 1211ms)"[22m
    [2m    42 × locator resolved to <div data-testid="runtime-logs" class="m-0 bg-logs-bg text-logs-text p-[0.6rem] overflow-auto font-mono text-[0.78rem]↵               flex-1 min-h-0">…</div>[22m
    [2m       - unexpected value "$ mox-run --timescale 1ns/1ns --single-unit --top tb --vcd /workspace/out/waves.vcd --trace-all /workspace/src/sram_core.sv /workspace/src/tb.svstdout [mox-sim] Found 3 LLHD processes, 0 LLHD finals, 0 seq.initial blocks, and 1 hw.instance ops (out of 300 total ops) in module[22m
    [2m[mox-sim] Registered 13 LLHD signals and 4 LLHD processes/initial blocks[22m
    [2m[mox-sim] Starting simulation[22m
    [2mFAIL  mem[2] = 0  (expected 42)[22m
    [2mFAIL  mem[7] = 0  (expected 99)[22m
    [2mFAIL  mem[0] = 0  (expected 13)[22m
    [2m[mox-sim] Simulation finished at time 56000000 fs[22m
    [2m[mox-sim] Wrote waveform to /workspace/out/waves.vcd[22m
    [2m[mox-sim] Simulation completed at time 56000000 fs[22m
    [2m[mox-sim] Simulation completedstderr [this.program] parse (1211ms, total: 1211ms)[22m
    [2m[this.program] lower (392ms, total: 1603ms)[22m
    [2m[this.program] simulate (38ms, total: 1642ms)[22m
    [2m[mox-sim] Auto-enabling --skip-passes for module marked mox.sim.preprocessed[22m
    [2m[mox-sim] Stage: passes (prev: 0ms, total: 0ms)[22m
    [2m[mox-sim] Stage: init (prev: 0ms, total: 1ms)[22m
    [2m[mox-sim] Stage: run (prev: 251ms, total: 252ms)[22m
    [2m[mox-sim] sim.terminate triggered in process ID 4 at loc("/workspace/src/tb.sv":59:5 to :13)[22m
    [2m[mox-sim] Simulation terminated at time 56000000 fs (success=true, verbose=true)[22m
    [2m[mox-sim] Main loop exit: shouldContinue()=false at time 56000000 fs, iter=18, deltas=1"[22m


      236 |   await page.getByTestId('run-button').click();
      237 |   const logs = page.getByTestId('runtime-logs');
    > 238 |   await expect(logs).toContainText('$ mox-verilog', { timeout: 45_000 });
          |                      ^
      239 |   await waitForRunDone(page, { timeout: 120_000 });
      240 |   const text = await logs.textContent();
      241 |   expect(text).toContain('FAIL');
        at /var/tmp/thomas-ahle/sv-tutorial/e2e/qa-ghpages.spec.js:238:22

    attachment #1: screenshot (image/png) ──────────────────────────────────────────────────────────
    test-results/qa-ghpages-SV-starter-code-b1d47-O-shows-simulation-failures/test-failed-1.png
    ────────────────────────────────────────────────────────────────────────────────────────────────

    Error Context: test-results/qa-ghpages-SV-starter-code-b1d47-O-shows-simulation-failures/error-context.md

  37) e2e/qa-ghpages.spec.js:244:1 › Ctrl+Enter triggers run ───────────────────────────────────────

    Error: [2mexpect([22m[31mlocator[39m[2m).[22mtoContainText[2m([22m[32mexpected[39m[2m)[22m failed

    Locator: getByTestId('runtime-logs')
    Timeout: 45000ms
    [32m- Expected substring  -  1[39m
    [31m+ Received string     + 11[39m

    [32m- $ mox-[7mverilog[27m[39m
    [31m+ $ mox-[7mrun --timescale 1ns/1ns --single-unit --top top --vcd /workspace/out/waves.vcd --trace-all /workspace/src/top.svstdout [mox-sim] Found 0 LLHD processes, 0 LLHD finals, 0 seq.initial blocks, and 0 hw.instance ops (out of 2 total ops) in module[27m[39m
    [31m+ [mox-sim] Starting simulation[39m
    [31m+ [mox-sim] Wrote waveform to /workspace/out/waves.vcd[39m
    [31m+ [mox-sim] Simulation completed at time 0 fs[39m
    [31m+ [mox-sim] Simulation completedstderr [this.program] parse (815ms, total: 815ms)[39m
    [31m+ [this.program] lower (102ms, total: 918ms)[39m
    [31m+ [this.program] simulate (8ms, total: 926ms)[39m
    [31m+ [mox-sim] Auto-enabling --skip-passes for module marked mox.sim.preprocessed[39m
    [31m+ [mox-sim] Stage: passes (prev: 0ms, total: 0ms)[39m
    [31m+ [mox-sim] Stage: init (prev: 0ms, total: 0ms)[39m
    [31m+ [mox-sim] Stage: run (prev: 2ms, total: 2ms)[39m

    Call log:
    [2m  - Expect "toContainText" with timeout 45000ms[22m
    [2m  - waiting for getByTestId('runtime-logs')[22m
    [2m    5 × locator resolved to <div data-testid="runtime-logs" class="m-0 bg-logs-bg text-logs-text p-[0.6rem] overflow-auto font-mono text-[0.78rem]↵               flex-1 min-h-0">…</div>[22m
    [2m      - unexpected value "$ mox-run --timescale 1ns/1ns --single-unit --top top --vcd /workspace/out/waves.vcd --trace-all /workspace/src/top.sv"[22m
    [2m    44 × locator resolved to <div data-testid="runtime-logs" class="m-0 bg-logs-bg text-logs-text p-[0.6rem] overflow-auto font-mono text-[0.78rem]↵               flex-1 min-h-0">…</div>[22m
    [2m       - unexpected value "$ mox-run --timescale 1ns/1ns --single-unit --top top --vcd /workspace/out/waves.vcd --trace-all /workspace/src/top.svstdout [mox-sim] Found 0 LLHD processes, 0 LLHD finals, 0 seq.initial blocks, and 0 hw.instance ops (out of 2 total ops) in module[22m
    [2m[mox-sim] Starting simulation[22m
    [2m[mox-sim] Wrote waveform to /workspace/out/waves.vcd[22m
    [2m[mox-sim] Simulation completed at time 0 fs[22m
    [2m[mox-sim] Simulation completedstderr [this.program] parse (815ms, total: 815ms)[22m
    [2m[this.program] lower (102ms, total: 918ms)[22m
    [2m[this.program] simulate (8ms, total: 926ms)[22m
    [2m[mox-sim] Auto-enabling --skip-passes for module marked mox.sim.preprocessed[22m
    [2m[mox-sim] Stage: passes (prev: 0ms, total: 0ms)[22m
    [2m[mox-sim] Stage: init (prev: 0ms, total: 0ms)[22m
    [2m[mox-sim] Stage: run (prev: 2ms, total: 2ms)"[22m


      246 |   await page.keyboard.press('Control+Enter');
      247 |   const logs = page.getByTestId('runtime-logs');
    > 248 |   await expect(logs).toContainText('$ mox-verilog', { timeout: 45_000 });
          |                      ^
      249 | });
      250 |
      251 | test('SVA: concurrent simulation lesson runs cleanly', async ({ page }) => {
        at /var/tmp/thomas-ahle/sv-tutorial/e2e/qa-ghpages.spec.js:248:22

    attachment #1: screenshot (image/png) ──────────────────────────────────────────────────────────
    test-results/qa-ghpages-Ctrl-Enter-triggers-run/test-failed-1.png
    ────────────────────────────────────────────────────────────────────────────────────────────────

    Error Context: test-results/qa-ghpages-Ctrl-Enter-triggers-run/error-context.md

  38) e2e/qa-ghpages.spec.js:251:1 › SVA: concurrent simulation lesson runs cleanly ────────────────

    Error: [2mexpect([22m[31mlocator[39m[2m).[22mtoContainText[2m([22m[32mexpected[39m[2m)[22m failed

    Locator: getByTestId('runtime-logs')
    Timeout: 45000ms
    [32m- Expected substring  -  1[39m
    [31m+ Received string     + 18[39m

    [32m- $ mox-[7mverilog[27m[39m
    [31m+ $ mox-[7mrun --timescale 1ns/1ns --single-unit --top tb --vcd /workspace/out/waves.vcd --trace-all /workspace/src/monitor.sv /workspace/src/tb.svstdout [mox-sim] Found 2 LLHD processes, 0 LLHD finals, 0 seq.initial blocks, and 1 hw.instance ops (out of 321 total ops) in module[27m[39m
    [31m+ [mox-sim] Registered 6 LLHD signals and 3 LLHD processes/initial blocks[39m
    [31m+ [mox-sim] Starting simulation[39m
    [31m+ req was not followed by gnt within 3 cycles![39m
    [31m+ PASS[39m
    [31m+ [mox-sim] Simulation finished at time 145000000 fs[39m
    [31m+ [mox-sim] Wrote waveform to /workspace/out/waves.vcd[39m
    [31m+ [mox-sim] Simulation completed at time 145000000 fs[39m
    [31m+ [mox-sim] Simulation completedstderr [this.program] parse (1294ms, total: 1294ms)[39m
    [31m+ [this.program] lower (331ms, total: 1625ms)[39m
    [31m+ [this.program] simulate (81ms, total: 1706ms)[39m
    [31m+ [mox-sim] Auto-enabling --skip-passes for module marked mox.sim.preprocessed[39m
    [31m+ [mox-sim] Stage: passes (prev: 6ms, total: 6ms)[39m
    [31m+ [mox-sim] Stage: init (prev: 25ms, total: 32ms)[39m
    [31m+ [mox-sim] Stage: run (prev: 255ms, total: 287ms)[39m
    [31m+ [mox-sim] sim.terminate triggered in process ID 5 at loc("/workspace/src/tb.sv":37:5 to :13)[39m
    [31m+ [mox-sim] Simulation terminated at time 145000000 fs (success=true, verbose=true)[39m
    [31m+ [mox-sim] Main loop exit: shouldContinue()=false at time 145000000 fs, iter=30, deltas=1[39m

    Call log:
    [2m  - Expect "toContainText" with timeout 45000ms[22m
    [2m  - waiting for getByTestId('runtime-logs')[22m
    [2m    5 × locator resolved to <div data-testid="runtime-logs" class="m-0 bg-logs-bg text-logs-text p-[0.6rem] overflow-auto font-mono text-[0.78rem]↵               flex-1 min-h-0">…</div>[22m
    [2m      - unexpected value "$ mox-run --timescale 1ns/1ns --single-unit --top tb --vcd /workspace/out/waves.vcd --trace-all /workspace/src/monitor.sv /workspace/src/tb.sv"[22m
    [2m    - locator resolved to <div data-testid="runtime-logs" class="m-0 bg-logs-bg text-logs-text p-[0.6rem] overflow-auto font-mono text-[0.78rem]↵               flex-1 min-h-0">…</div>[22m
    [2m    - unexpected value "$ mox-run --timescale 1ns/1ns --single-unit --top tb --vcd /workspace/out/waves.vcd --trace-all /workspace/src/monitor.sv /workspace/src/tb.svstderr [this.program] parse (1294ms, total: 1294ms)"[22m
    [2m    - locator resolved to <div data-testid="runtime-logs" class="m-0 bg-logs-bg text-logs-text p-[0.6rem] overflow-auto font-mono text-[0.78rem]↵               flex-1 min-h-0">…</div>[22m
    [2m    - unexpected value "$ mox-run --timescale 1ns/1ns --single-unit --top tb --vcd /workspace/out/waves.vcd --trace-all /workspace/src/monitor.sv /workspace/src/tb.svstdout [mox-sim] Found 2 LLHD processes, 0 LLHD finals, 0 seq.initial blocks, and 1 hw.instance ops (out of 321 total ops) in module[22m
    [2m[mox-sim] Registered 6 LLHD signals and 3 LLHD processes/initial blocks[22m
    [2m[mox-sim] Starting simulation[22m
    [2mreq was not followed by gnt within 3 cycles!stderr [this.program] parse (1294ms, total: 1294ms)[22m
    [2m[this.program] lower (331ms, total: 1625ms)[22m
    [2m[this.program] simulate (81ms, total: 1706ms)[22m
    [2m[mox-sim] Auto-enabling --skip-passes for module marked mox.sim.preprocessed[22m
    [2m[mox-sim] Stage: passes (prev: 6ms, total: 6ms)[22m
    [2m[mox-sim] Stage: init (prev: 25ms, total: 32ms)[22m
    [2m[mox-sim] Stage: run (prev: 255ms, total: 287ms)"[22m
    [2m    41 × locator resolved to <div data-testid="runtime-logs" class="m-0 bg-logs-bg text-logs-text p-[0.6rem] overflow-auto font-mono text-[0.78rem]↵               flex-1 min-h-0">…</div>[22m
    [2m       - unexpected value "$ mox-run --timescale 1ns/1ns --single-unit --top tb --vcd /workspace/out/waves.vcd --trace-all /workspace/src/monitor.sv /workspace/src/tb.svstdout [mox-sim] Found 2 LLHD processes, 0 LLHD finals, 0 seq.initial blocks, and 1 hw.instance ops (out of 321 total ops) in module[22m
    [2m[mox-sim] Registered 6 LLHD signals and 3 LLHD processes/initial blocks[22m
    [2m[mox-sim] Starting simulation[22m
    [2mreq was not followed by gnt within 3 cycles![22m
    [2mPASS[22m
    [2m[mox-sim] Simulation finished at time 145000000 fs[22m
    [2m[mox-sim] Wrote waveform to /workspace/out/waves.vcd[22m
    [2m[mox-sim] Simulation completed at time 145000000 fs[22m
    [2m[mox-sim] Simulation completedstderr [this.program] parse (1294ms, total: 1294ms)[22m
    [2m[this.program] lower (331ms, total: 1625ms)[22m
    [2m[this.program] simulate (81ms, total: 1706ms)[22m
    [2m[mox-sim] Auto-enabling --skip-passes for module marked mox.sim.preprocessed[22m
    [2m[mox-sim] Stage: passes (prev: 6ms, total: 6ms)[22m
    [2m[mox-sim] Stage: init (prev: 25ms, total: 32ms)[22m
    [2m[mox-sim] Stage: run (prev: 255ms, total: 287ms)[22m
    [2m[mox-sim] sim.terminate triggered in process ID 5 at loc("/workspace/src/tb.sv":37:5 to :13)[22m
    [2m[mox-sim] Simulation terminated at time 145000000 fs (success=true, verbose=true)[22m
    [2m[mox-sim] Main loop exit: shouldContinue()=false at time 145000000 fs, iter=30, deltas=1"[22m


      254 |   await page.getByTestId('run-button').click();
      255 |   const logs = page.getByTestId('runtime-logs');
    > 256 |   await expect(logs).toContainText('$ mox-verilog', { timeout: 45_000 });
          |                      ^
      257 |   await waitForRunDone(page);
      258 |   const text = await logs.textContent();
      259 |   expect(text).not.toContain('runtime unavailable');
        at /var/tmp/thomas-ahle/sv-tutorial/e2e/qa-ghpages.spec.js:256:22

    attachment #1: screenshot (image/png) ──────────────────────────────────────────────────────────
    test-results/qa-ghpages-SVA-concurrent-simulation-lesson-runs-cleanly/test-failed-1.png
    ────────────────────────────────────────────────────────────────────────────────────────────────

    Error Context: test-results/qa-ghpages-SVA-concurrent-simulation-lesson-runs-cleanly/error-context.md

  39) e2e/qa-ghpages.spec.js:262:1 › UVM: driver lesson compiles and simulates ─────────────────────

    Error: [2mexpect([22m[31mreceived[39m[2m).[22mnot[2m.[22mtoContain[2m([22m[32mexpected[39m[2m) // indexOf[22m

    Expected substring: not [32m"# mox-verilog exit code: 1"[39m
    Received string:        [31m"# bundled 3 roots into /workspace/__svt_uvm_bundle.sv for stable UVM compilation$ mox-verilog --resource-guard=false --ir-llhd --timescale 1ns/1ns --single-unit --uvm-path /mox/uvm-core -I /mox/uvm-core/src --top tb_top -o /workspace/out/design.llhd.mlir /workspace/__svt_uvm_bundle.svstdout LazyFiles on gzip forces download of the whole file when length is accessed[39m
    [31mLazyFiles on gzip forces download of the whole file when length is accessed[39m
    [31mLazyFiles on gzip forces download of the whole file when length is accessed[39m
    [31mLazyFiles on gzip forces download of the whole file when length is accessed[39m
    [31mLazyFiles on gzip forces download of the whole file when length is accessed[39m
    [31mLazyFiles on gzip forces download of the whole file when length is accessed[39m
    [31mLazyFiles on gzip forces download of the whole file when length is accessed[39m
    [31mLazyFiles on gzip forces download of the whole file when length is accessed[39m
    [31mLazyFiles on gzip forces download of the whole file when length is accessed[39m
    [31mLazyFiles on gzip forces download of the whole file when length is accessed[39m
    [31mLazyFiles on gzip forces download of the whole file when length is accessed[39m
    [31mLazyFiles on gzip forces download of the whole file when length is accessed[39m
    [31mLazyFiles on gzip forces download of the whole file when length is accessed[39m
    [31mLazyFiles on gzip forces download of the whole file when length is accessed[39m
    [31mLazyFiles on gzip forces download of the whole file when length is accessed[39m
    [31mLazyFiles on gzip forces download of the whole file when length is accessed[39m
    [31mLazyFiles on gzip forces download of the whole file when length is accessed[39m
    [31mLazyFiles on gzip forces download of the whole file when length is accessed[39m
    [31mLazyFiles on gzip forces download of the whole file when length is accessed[39m
    [31mLazyFiles on gzip forces download of the whole file when length is accessed[39m
    [31mLazyFiles on gzip forces download of the whole file when length is accessed[39m
    [31mLazyFiles on gzip forces download of the whole file when length is accessed[39m
    [31mLazyFiles on gzip forces download of the whole file when length is accessed[39m
    [31mLazyFiles on gzip forces download of the whole file when length is accessed[39m
    [31mLazyFiles on gzip forces download of the whole file when length is accessed[39m
    [31mLazyFiles on gzip forces download of the whole file when length is accessed[39m
    [31mLazyFiles on gzip forces download of the whole file when length is accessed[39m
    [31mLazyFiles on gzip forces download of the whole file when length is accessed[39m
    [31mLazyFiles on gzip forces download of the whole file when length is accessed[39m
    [31mLazyFiles on gzip forces download of the whole file when length is accessed[39m
    [31mLazyFiles on gzip forces download of the whole file when length is accessed[39m
    [31mLazyFiles on gzip forces download of the whole file when length is accessed[39m
    [31mLazyFiles on gzip forces download of the whole file when length is accessed[39m
    [31mLazyFiles on gzip forces download of the whole file when length is accessed[39m
    [31mLazyFiles on gzip forces download of the whole file when length is accessed[39m
    [31mLazyFiles on gzip forces download of the whole file when length is accessed[39m
    [31mLazyFiles on gzip forces download of the whole file when length is accessed[39m
    [31mLazyFiles on gzip forces download of the whole file when length is accessed[39m
    [31mLazyFiles on gzip forces download of the whole file when length is accessed[39m
    [31mLazyFiles on gzip forces download of the whole file when length is accessed[39m
    [31mLazyFiles on gzip forces download of the whole file when length is accessed[39m
    [31mLazyFiles on gzip forces download of the whole file when length is accessed[39m
    [31mLazyFiles on gzip forces download of the whole file when length is accessed[39m
    [31mLazyFiles on gzip forces download of the whole file when length is accessed[39m
    [31mLazyFiles on gzip forces download of the whole file when length is accessed[39m
    [31mLazyFiles on gzip forces download of the whole file when length is accessed[39m
    [31mLazyFiles on gzip forces download of the whole file when length is accessed[39m
    [31mLazyFiles on gzip forces download of the whole file when length is accessed[39m
    [31mLazyFiles on gzip forces download of the whole file when length is accessed[39m
    [31mLazyFiles on gzip forces download of the whole file when length is accessed[39m
    [31mLazyFiles on gzip forces download of the whole file when length is accessed[39m
    [31mLazyFiles on gzip forces download of the whole file when length is accessed[39m
    [31mLazyFiles on gzip forces download of the whole file when length is accessed[39m
    [31mLazyFiles on gzip forces download of the whole file when length is accessed[39m
    [31mLazyFiles on gzip forces download of the whole file when length is accessed[39m
    [31mLazyFiles on gzip forces download of the whole file when length is accessed[39m
    [31mLazyFiles on gzip forces download of the whole file when length is accessed[39m
    [31mLazyFiles on gzip forces download of the whole file when length is accessed[39m
    [31mLazyFiles on gzip forces download of the whole file when length is accessed[39m
    [31mLazyFiles on gzip forces download of the whole file when length is accessed[39m
    [31mLazyFiles on gzip forces download of the whole file when length is accessed[39m
    [31mLazyFiles on gzip forces download of the whole file when length is accessed[39m
    [31mLazyFiles on gzip forces download of the whole file when length is accessed[39m
    [31mLazyFiles on gzip forces download of the whole file when length is accessed[39m
    [31mLazyFiles on gzip forces download of the whole file when length is accessed[39m
    [31mLazyFiles on gzip forces download of the whole file when length is accessed[39m
    [31mLazyFiles on gzip forces download of the whole file when length is accessed[39m
    [31mLazyFiles on gzip forces download of the whole file when length is accessed[39m
    [31mLazyFiles on gzip forces download of the whole file when length is accessed[39m
    [31mLazyFiles on gzip forces download of the whole file when length is accessed[39m
    [31mLazyFiles on gzip forces download of the whole file when length is accessed[39m
    [31mLazyFiles on gzip forces download of the whole file when length is accessed[39m
    [31mLazyFiles on gzip forces download of the whole file when length is accessed[39m
    [31mLazyFiles on gzip forces download of the whole file when length is accessed[39m
    [31mLazyFiles on gzip forces download of the whole file when length is accessed[39m
    [31mLazyFiles on gzip forces download of the whole file when length is accessed[39m
    [31mLazyFiles on gzip forces download of the whole file when length is accessed[39m
    [31mLazyFiles on gzip forces download of the whole file when length is accessed[39m
    [31mLazyFiles on gzip forces download of the whole file when length is accessed[39m
    [31mLazyFiles on gzip forces download of the whole file when length is accessed[39m
    [31mLazyFiles on gzip forces download of the whole file when length is accessed[39m
    [31mLazyFiles on gzip forces download of the whole file when length is accessed[39m
    [31mLazyFiles on gzip forces download of the whole file when length is accessed[39m
    [31mLazyFiles on gzip forces download of the whole file when length is accessed[39m
    [31mLazyFiles on gzip forces download of the whole file when length is accessed[39m
    [31mLazyFiles on gzip forces download of the whole file when length is accessed[39m
    [31mLazyFiles on gzip forces download of the whole file when length is accessed[39m
    [31mLazyFiles on gzip forces download of the whole file when length is accessed[39m
    [31mLazyFiles on gzip forces download of the whole file when length is accessed[39m
    [31mLazyFiles on gzip forces download of the whole file when length is accessed[39m
    [31mLazyFiles on gzip forces download of the whole file when length is accessed[39m
    [31mLazyFiles on gzip forces download of the whole file when length is accessed[39m
    [31mLazyFiles on gzip forces download of the whole file when length is accessed[39m
    [31mLazyFiles on gzip forces download of the whole file when length is accessed[39m
    [31mLazyFiles on gzip forces download of the whole file when length is accessed[39m
    [31mLazyFiles on gzip forces download of the whole file when length is accessed[39m
    [31mLazyFiles on gzip forces download of the whole file when length is accessed[39m
    [31mLazyFiles on gzip forces download of the whole file when length is accessed[39m
    [31mLazyFiles on gzip forces download of the whole file when length is accessed[39m
    [31mLazyFiles on gzip forces download of the whole file when length is accessed[39m
    [31mLazyFiles on gzip forces download of the whole file when length is accessed[39m
    [31mLazyFiles on gzip forces download of the whole file when length is accessed[39m
    [31mLazyFiles on gzip forces download of the whole file when length is accessed[39m
    [31mLazyFiles on gzip forces download of the whole file when length is accessed[39m
    [31mLazyFiles on gzip forces download of the whole file when length is accessed[39m
    [31mLazyFiles on gzip forces download of the whole file when length is accessed[39m
    [31mLazyFiles on gzip forces download of the whole file when length is accessed[39m
    [31mLazyFiles on gzip forces download of the whole file when length is accessed[39m
    [31mLazyFiles on gzip forces download of the whole file when length is accessed[39m
    [31mLazyFiles on gzip forces download of the whole file when length is accessed[39m
    [31mLazyFiles on gzip forces download of the whole file when length is accessed[39m
    [31mLazyFiles on gzip forces download of the whole file when length is accessed[39m
    [31mLazyFiles on gzip forces download of the whole file when length is accessed[39m
    [31mLazyFiles on gzip forces download of the whole file when length is accessed[39m
    [31mLazyFiles on gzip forces download of the whole file when length is accessed[39m
    [31mLazyFiles on gzip forces download of the whole file when length is accessed[39m
    [31mLazyFiles on gzip forces download of the whole file when length is accessed[39m
    [31mLazyFiles on gzip forces download of the whole file when length is accessed[39m
    [31mLazyFiles on gzip forces download of the whole file when length is accessed[39m
    [31mLazyFiles on gzip forces download of the whole file when length is accessed[39m
    [31mLazyFiles on gzip forces download of the whole file when length is accessed[39m
    [31mLazyFiles on gzip forces download of the whole file when length is accessed[39m
    [31mLazyFiles on gzip forces download of the whole file when length is accessed[39m
    [31mLazyFiles on gzip forces download of the whole file when length is accessed[39m
    [31mLazyFiles on gzip forces download of the whole file when length is accessed[39m
    [31mLazyFiles on gzip forces download of the whole file when length is accessed[39m
    [31mLazyFiles on gzip forces download of the whole file when length is accessed[39m
    [31mLazyFiles on gzip forces download of the whole file when length is accessed[39m
    [31mLazyFiles on gzip forces download of the whole file when length is accessed[39m
    [31mLazyFiles on gzip forces download of the whole file when length is accessed[39m
    [31mLazyFiles on gzip forces download of the whole file when length is accessed[39m
    [31mLazyFiles on gzip forces download of the whole file when length is accessed[39m
    [31mLazyFiles on gzip forces download of the whole file when length is accessed[39m
    [31mLazyFiles on gzip forces download of the whole file when length is accessed[39m
    [31mLazyFiles on gzip forces download of the whole file when length is accessed[39m
    [31mLazyFiles on gzip forces download of the whole file when length is accessed[39m
    [31mLazyFiles on gzip forces download of the whole file when length is accessed[39m
    [31mLazyFiles on gzip forces download of the whole file when length is accessed[39m
    [31mLazyFiles on gzip forces download of the whole file when length is accessed[39m
    [31mLazyFiles on gzip forces download of the whole file when length is accessed[39m
    [31mLazyFiles on gzip forces download of the whole file when length is accessed[39m
    [31mLazyFiles on gzip forces download of the whole file when length is accessed[39m
    [31mLazyFiles on gzip forces download of the whole file when length is accessed[39m
    [31mLazyFiles on gzip forces download of the whole file when length is accessed[39m
    [31mLazyFiles on gzip forces download of the whole file when length is accessed[39m
    [31mLazyFiles on gzip forces download of the whole file when length is accessed[39m
    [31mLazyFiles on gzip forces download of the whole file when length is accessed[39m
    [31mLazyFiles on gzip forces download of the whole file when length is accessed[39m
    [31mLazyFiles on gzip forces download of the whole file when length is accessed[39m
    [31mLazyFiles on gzip forces download of the whole file when length is accessed[39m
    [31mLazyFiles on gzip forces download of the whole file when length is accessed[39m
    [31mLazyFiles on gzip forces download of the whole file when length is accessed[39m
    [31mLazyFiles on gzip forces download of the whole file when length is accessed[39m
    [31mLazyFiles on gzip forces download of the whole file when length is accessed[39m
    [31mLazyFiles on gzip forces download of the whole file when length is accessed[39m
    [31mLazyFiles on gzip forces download of the whole file when length is accessed[39m
    [31mLazyFiles on gzip forces download of the whole file when length is accessed[39m
    [31mLazyFiles on gzip forces download of the whole file when length is accessed[39m
    [31mLazyFiles on gzip forces download of the whole file when length is accessed[39m
    [31mLazyFiles on gzip forces download of the whole file when length is accessed[39m
    [31mLazyFiles on gzip forces download of the whole file when length is accessed[39m
    [31mLazyFiles on gzip forces download of the whole file when length is accessed[39m
    [31mLazyFiles on gzip forces download of the whole file when length is accessed[39m
    [31mLazyFiles on gzip forces download of the whole file when length is accessed[39m
    [31mLazyFiles on gzip forces download of the whole file when length is accessed[39m
    [31mLazyFiles on gzip forces download of the whole file when length is accessedstderr /mox/uvm-core/src/base/uvm_config_db_implementation.svh:375:26: warning: unknown character escape sequence [-Wunknown-escape-code][39m
    [31m            separator = \"\\.(\" ;[39m
    [31m                         ^[39m
    [31m/mox/uvm-core/src/uvm_pkg.sv:57:2: note: included from here[39m
    [31m `include \"base/uvm_base.svh\"[39m
    [31m ^[39m
    [31m/mox/uvm-core/src/base/uvm_base.svh:77:3: note: included from here[39m
    [31m  `include \"base/uvm_config_db_implementation.svh\"[39m
    [31m  ^[39m
    [31m/workspace/src/sram.sv:10:13: error: variable 'mem' driven by always_ff procedure[39m
    [31m    if (we) mem[addr] <= wdata;[39m
    [31m            ^[7m# mox-verilog exit code: 1[27m# lowered MLIR output was not produced"[39m

      271 |   ).toMatch(/\$ mox-sim|runtime unavailable|# mox-verilog exit code: 1/);
      272 |   const text = await logs.textContent();
    > 273 |   expect(text).not.toContain('# mox-verilog exit code: 1');
          |                    ^
      274 |   expect(text).not.toContain('runtime unavailable');
      275 | });
      276 |
        at /var/tmp/thomas-ahle/sv-tutorial/e2e/qa-ghpages.spec.js:273:20

    attachment #1: screenshot (image/png) ──────────────────────────────────────────────────────────
    test-results/qa-ghpages-UVM-driver-lesson-compiles-and-simulates/test-failed-1.png
    ────────────────────────────────────────────────────────────────────────────────────────────────

    Error Context: test-results/qa-ghpages-UVM-driver-lesson-compiles-and-simulates/error-context.md

  40) e2e/qa-ghpages.spec.js:299:1 › dfn term card near bottom does not clip off-screen ────────────

    Error: [2mexpect([22m[31mreceived[39m[2m).[22mtoBeLessThanOrEqual[2m([22m[32mexpected[39m[2m)[22m

    Expected: <= [32m721[39m
    Received:    [31m725.0625[39m

      312 |     if (box) {
      313 |       const viewportHeight = page.viewportSize()?.height ?? 720;
    > 314 |       expect(box.y + box.height).toBeLessThanOrEqual(viewportHeight + 1);
          |                                  ^
      315 |     }
      316 |   }
      317 | });
        at /var/tmp/thomas-ahle/sv-tutorial/e2e/qa-ghpages.spec.js:314:34

    attachment #1: screenshot (image/png) ──────────────────────────────────────────────────────────
    test-results/qa-ghpages-dfn-term-card-n-44274-om-does-not-clip-off-screen/test-failed-1.png
    ────────────────────────────────────────────────────────────────────────────────────────────────

    Error Context: test-results/qa-ghpages-dfn-term-card-n-44274-om-does-not-clip-off-screen/error-context.md

  41) e2e/qa-ghpages.spec.js:321:1 › vim mode: toggles on and off without breaking editor ──────────

    Error: [2mexpect([22m[31mlocator[39m[2m).[22mtoContainText[2m([22m[32mexpected[39m[2m)[22m failed

    Locator: getByTestId('runtime-logs')
    Timeout: 45000ms
    [32m- Expected substring  -  1[39m
    [31m+ Received string     + 11[39m

    [32m- $ mox-[7mverilog[27m[39m
    [31m+ $ mox-[7mrun --timescale 1ns/1ns --single-unit --top top --vcd /workspace/out/waves.vcd --trace-all /workspace/src/top.svstdout [mox-sim] Found 0 LLHD processes, 0 LLHD finals, 0 seq.initial blocks, and 0 hw.instance ops (out of 2 total ops) in module[27m[39m
    [31m+ [mox-sim] Starting simulation[39m
    [31m+ [mox-sim] Wrote waveform to /workspace/out/waves.vcd[39m
    [31m+ [mox-sim] Simulation completed at time 0 fs[39m
    [31m+ [mox-sim] Simulation completedstderr [this.program] parse (978ms, total: 978ms)[39m
    [31m+ [this.program] lower (116ms, total: 1094ms)[39m
    [31m+ [this.program] simulate (11ms, total: 1106ms)[39m
    [31m+ [mox-sim] Auto-enabling --skip-passes for module marked mox.sim.preprocessed[39m
    [31m+ [mox-sim] Stage: passes (prev: 0ms, total: 0ms)[39m
    [31m+ [mox-sim] Stage: init (prev: 0ms, total: 0ms)[39m
    [31m+ [mox-sim] Stage: run (prev: 3ms, total: 3ms)[39m

    Call log:
    [2m  - Expect "toContainText" with timeout 45000ms[22m
    [2m  - waiting for getByTestId('runtime-logs')[22m
    [2m    5 × locator resolved to <div data-testid="runtime-logs" class="m-0 bg-logs-bg text-logs-text p-[0.6rem] overflow-auto font-mono text-[0.78rem]↵               flex-1 min-h-0">…</div>[22m
    [2m      - unexpected value "$ mox-run --timescale 1ns/1ns --single-unit --top top --vcd /workspace/out/waves.vcd --trace-all /workspace/src/top.sv"[22m
    [2m    43 × locator resolved to <div data-testid="runtime-logs" class="m-0 bg-logs-bg text-logs-text p-[0.6rem] overflow-auto font-mono text-[0.78rem]↵               flex-1 min-h-0">…</div>[22m
    [2m       - unexpected value "$ mox-run --timescale 1ns/1ns --single-unit --top top --vcd /workspace/out/waves.vcd --trace-all /workspace/src/top.svstdout [mox-sim] Found 0 LLHD processes, 0 LLHD finals, 0 seq.initial blocks, and 0 hw.instance ops (out of 2 total ops) in module[22m
    [2m[mox-sim] Starting simulation[22m
    [2m[mox-sim] Wrote waveform to /workspace/out/waves.vcd[22m
    [2m[mox-sim] Simulation completed at time 0 fs[22m
    [2m[mox-sim] Simulation completedstderr [this.program] parse (978ms, total: 978ms)[22m
    [2m[this.program] lower (116ms, total: 1094ms)[22m
    [2m[this.program] simulate (11ms, total: 1106ms)[22m
    [2m[mox-sim] Auto-enabling --skip-passes for module marked mox.sim.preprocessed[22m
    [2m[mox-sim] Stage: passes (prev: 0ms, total: 0ms)[22m
    [2m[mox-sim] Stage: init (prev: 0ms, total: 0ms)[22m
    [2m[mox-sim] Stage: run (prev: 3ms, total: 3ms)"[22m


      335 |   // Run still works
      336 |   await page.getByTestId('run-button').click();
    > 337 |   await expect(page.getByTestId('runtime-logs')).toContainText('$ mox-verilog', { timeout: 45_000 });
          |                                                  ^
      338 | });
      339 |
      340 | test('dark mode: toggle changes color scheme', async ({ page }) => {
        at /var/tmp/thomas-ahle/sv-tutorial/e2e/qa-ghpages.spec.js:337:50

    attachment #1: screenshot (image/png) ──────────────────────────────────────────────────────────
    test-results/qa-ghpages-vim-mode-toggle-0cf42-off-without-breaking-editor/test-failed-1.png
    ────────────────────────────────────────────────────────────────────────────────────────────────

    Error Context: test-results/qa-ghpages-vim-mode-toggle-0cf42-off-without-breaking-editor/error-context.md

  42) e2e/solutions-live.spec.js:54:3 › [sim] Concurrent Assertions in Simulation ──────────────────

    Error: [2mexpect([22m[31mlocator[39m[2m).[22mtoContainText[2m([22m[32mexpected[39m[2m)[22m failed

    Locator: getByTestId('runtime-logs')
    Timeout: 90000ms
    [32m- Expected substring  -  1[39m
    [31m+ Received string     + 18[39m

    [32m- SVA assertion failed[39m
    [31m+ $ mox-run --timescale 1ns/1ns --single-unit --top tb --vcd /workspace/out/waves.vcd --trace-all /workspace/src/monitor.sv /workspace/src/tb.svstdout [mox-sim] Found 2 LLHD processes, 0 LLHD finals, 0 seq.initial blocks, and 1 hw.instance ops (out of 321 total ops) in module[39m
    [31m+ [mox-sim] Registered 6 LLHD signals and 3 LLHD processes/initial blocks[39m
    [31m+ [mox-sim] Starting simulation[39m
    [31m+ req was not followed by gnt within 3 cycles![39m
    [31m+ PASS[39m
    [31m+ [mox-sim] Simulation finished at time 145000000 fs[39m
    [31m+ [mox-sim] Wrote waveform to /workspace/out/waves.vcd[39m
    [31m+ [mox-sim] Simulation completed at time 145000000 fs[39m
    [31m+ [mox-sim] Simulation completedstderr [this.program] parse (2723ms, total: 2723ms)[39m
    [31m+ [this.program] lower (663ms, total: 3387ms)[39m
    [31m+ [this.program] simulate (145ms, total: 3533ms)[39m
    [31m+ [mox-sim] Auto-enabling --skip-passes for module marked mox.sim.preprocessed[39m
    [31m+ [mox-sim] Stage: passes (prev: 0ms, total: 0ms)[39m
    [31m+ [mox-sim] Stage: init (prev: 0ms, total: 1ms)[39m
    [31m+ [mox-sim] Stage: run (prev: 387ms, total: 388ms)[39m
    [31m+ [mox-sim] sim.terminate triggered in process ID 5 at loc("/workspace/src/tb.sv":37:5 to :13)[39m
    [31m+ [mox-sim] Simulation terminated at time 145000000 fs (success=true, verbose=true)[39m
    [31m+ [mox-sim] Main loop exit: shouldContinue()=false at time 145000000 fs, iter=30, deltas=1[39m

    Call log:
    [2m  - Expect "toContainText" with timeout 90000ms[22m
    [2m  - waiting for getByTestId('runtime-logs')[22m
    [2m    8 × locator resolved to <div data-testid="runtime-logs" class="m-0 bg-logs-bg text-logs-text p-[0.6rem] overflow-auto font-mono text-[0.78rem]↵               flex-1 min-h-0">…</div>[22m
    [2m      - unexpected value "$ mox-run --timescale 1ns/1ns --single-unit --top tb --vcd /workspace/out/waves.vcd --trace-all /workspace/src/monitor.sv /workspace/src/tb.sv"[22m
    [2m    - locator resolved to <div data-testid="runtime-logs" class="m-0 bg-logs-bg text-logs-text p-[0.6rem] overflow-auto font-mono text-[0.78rem]↵               flex-1 min-h-0">…</div>[22m
    [2m    - unexpected value "$ mox-run --timescale 1ns/1ns --single-unit --top tb --vcd /workspace/out/waves.vcd --trace-all /workspace/src/monitor.sv /workspace/src/tb.svstderr [this.program] parse (2723ms, total: 2723ms)[22m
    [2m[this.program] lower (663ms, total: 3387ms)[22m
    [2m[this.program] simulate (145ms, total: 3533ms)"[22m
    [2m    - locator resolved to <div data-testid="runtime-logs" class="m-0 bg-logs-bg text-logs-text p-[0.6rem] overflow-auto font-mono text-[0.78rem]↵               flex-1 min-h-0">…</div>[22m
    [2m    - unexpected value "$ mox-run --timescale 1ns/1ns --single-unit --top tb --vcd /workspace/out/waves.vcd --trace-all /workspace/src/monitor.sv /workspace/src/tb.svstdout [mox-sim] Found 2 LLHD processes, 0 LLHD finals, 0 seq.initial blocks, and 1 hw.instance ops (out of 321 total ops) in module[22m
    [2m[mox-sim] Registered 6 LLHD signals and 3 LLHD processes/initial blocks[22m
    [2m[mox-sim] Starting simulation[22m
    [2mreq was not followed by gnt within 3 cycles!stderr [this.program] parse (2723ms, total: 2723ms)[22m
    [2m[this.program] lower (663ms, total: 3387ms)[22m
    [2m[this.program] simulate (145ms, total: 3533ms)[22m
    [2m[mox-sim] Auto-enabling --skip-passes for module marked mox.sim.preprocessed[22m
    [2m[mox-sim] Stage: passes (prev: 0ms, total: 0ms)[22m
    [2m[mox-sim] Stage: init (prev: 0ms, total: 1ms)[22m
    [2m[mox-sim] Stage: run (prev: 387ms, total: 388ms)"[22m
    [2m    83 × locator resolved to <div data-testid="runtime-logs" class="m-0 bg-logs-bg text-logs-text p-[0.6rem] overflow-auto font-mono text-[0.78rem]↵               flex-1 min-h-0">…</div>[22m
    [2m       - unexpected value "$ mox-run --timescale 1ns/1ns --single-unit --top tb --vcd /workspace/out/waves.vcd --trace-all /workspace/src/monitor.sv /workspace/src/tb.svstdout [mox-sim] Found 2 LLHD processes, 0 LLHD finals, 0 seq.initial blocks, and 1 hw.instance ops (out of 321 total ops) in module[22m
    [2m[mox-sim] Registered 6 LLHD signals and 3 LLHD processes/initial blocks[22m
    [2m[mox-sim] Starting simulation[22m
    [2mreq was not followed by gnt within 3 cycles![22m
    [2mPASS[22m
    [2m[mox-sim] Simulation finished at time 145000000 fs[22m
    [2m[mox-sim] Wrote waveform to /workspace/out/waves.vcd[22m
    [2m[mox-sim] Simulation completed at time 145000000 fs[22m
    [2m[mox-sim] Simulation completedstderr [this.program] parse (2723ms, total: 2723ms)[22m
    [2m[this.program] lower (663ms, total: 3387ms)[22m
    [2m[this.program] simulate (145ms, total: 3533ms)[22m
    [2m[mox-sim] Auto-enabling --skip-passes for module marked mox.sim.preprocessed[22m
    [2m[mox-sim] Stage: passes (prev: 0ms, total: 0ms)[22m
    [2m[mox-sim] Stage: init (prev: 0ms, total: 1ms)[22m
    [2m[mox-sim] Stage: run (prev: 387ms, total: 388ms)[22m
    [2m[mox-sim] sim.terminate triggered in process ID 5 at loc("/workspace/src/tb.sv":37:5 to :13)[22m
    [2m[mox-sim] Simulation terminated at time 145000000 fs (success=true, verbose=true)[22m
    [2m[mox-sim] Main loop exit: shouldContinue()=false at time 145000000 fs, iter=30, deltas=1"[22m


      86 |       await assertNoCompileError(logs);
      87 |       if (lesson.expectAssertionFail) {
    > 88 |         await expect(logs).toContainText('SVA assertion failed', { timeout: COMPILE_TIMEOUT });
         |                            ^
      89 |       }
      90 |     }
      91 |   });
        at /var/tmp/thomas-ahle/sv-tutorial/e2e/solutions-live.spec.js:88:28

    attachment #1: screenshot (image/png) ──────────────────────────────────────────────────────────
    test-results/solutions-live--sim-Concurrent-Assertions-in-Simulation/test-failed-1.png
    ────────────────────────────────────────────────────────────────────────────────────────────────

    Error Context: test-results/solutions-live--sim-Concurrent-Assertions-in-Simulation/error-context.md

  43) e2e/solutions-live.spec.js:54:3 › [lec] Logical Equivalence Checking ─────────────────────────

    Error: [2mexpect([22m[31mlocator[39m[2m).[22mtoContainText[2m([22m[32mexpected[39m[2m)[22m failed

    Locator: getByTestId('runtime-logs')
    Expected substring: [32m"[7m[z3] [27munsat"[39m
    Received string:    [31m"[7m$ mox-verilog --resource-guard=false --ir-hw --single-unit -o /workspace/out/design.mlir /workspace/src/top.sv$ mox-lec --resource-guard=false --assume-known-inputs -c1 Spec -c2 Impl --emit-smtlib -o /workspace/out/check.smt2 /workspace/out/design.mlir$ z3 /workspace/out/check.smt2[27munsat"[39m
    Timeout: 120000ms

    Call log:
    [2m  - Expect "toContainText" with timeout 120000ms[22m
    [2m  - waiting for getByTestId('runtime-logs')[22m
    [2m    4 × locator resolved to <div data-testid="runtime-logs" class="m-0 bg-logs-bg text-logs-text p-[0.6rem] overflow-auto font-mono text-[0.78rem]↵               flex-1 min-h-0">…</div>[22m
    [2m      - unexpected value "$ mox-verilog --resource-guard=false --ir-hw --single-unit -o /workspace/out/design.mlir /workspace/src/top.sv"[22m
    [2m    - locator resolved to <div data-testid="runtime-logs" class="m-0 bg-logs-bg text-logs-text p-[0.6rem] overflow-auto font-mono text-[0.78rem]↵               flex-1 min-h-0">…</div>[22m
    [2m    - unexpected value "$ mox-verilog --resource-guard=false --ir-hw --single-unit -o /workspace/out/design.mlir /workspace/src/top.sv$ mox-lec --resource-guard=false --assume-known-inputs -c1 Spec -c2 Impl --emit-smtlib -o /workspace/out/check.smt2 /workspace/out/design.mlir"[22m
    [2m    118 × locator resolved to <div data-testid="runtime-logs" class="m-0 bg-logs-bg text-logs-text p-[0.6rem] overflow-auto font-mono text-[0.78rem]↵               flex-1 min-h-0">…</div>[22m
    [2m        - unexpected value "$ mox-verilog --resource-guard=false --ir-hw --single-unit -o /workspace/out/design.mlir /workspace/src/top.sv$ mox-lec --resource-guard=false --assume-known-inputs -c1 Spec -c2 Impl --emit-smtlib -o /workspace/out/check.smt2 /workspace/out/design.mlir$ z3 /workspace/out/check.smt2unsat"[22m


      64 |       await assertNoCompileError(logs);
      65 |       await expect(logs).not.toContainText('# mox-lec exit code: 1', { timeout: COMPILE_TIMEOUT });
    > 66 |       await expect(logs).toContainText('[z3] unsat', { timeout: Z3_TIMEOUT });
         |                          ^
      67 |
      68 |     } else if (lesson.runner === 'bmc' || lesson.runner === 'both') {
      69 |       await page.getByTestId('verify-button').click();
        at /var/tmp/thomas-ahle/sv-tutorial/e2e/solutions-live.spec.js:66:26

    attachment #1: screenshot (image/png) ──────────────────────────────────────────────────────────
    test-results/solutions-live--lec-Logical-Equivalence-Checking/test-failed-1.png
    ────────────────────────────────────────────────────────────────────────────────────────────────

    Error Context: test-results/solutions-live--lec-Logical-Equivalence-Checking/error-context.md

  44) e2e/solutions.spec.js:154:3 › [sim] Priority Encoder ─────────────────────────────────────────

    [31mTest timeout of 180000ms exceeded.[39m

    Error: locator.click: Test timeout of 180000ms exceeded.
    Call log:
    [2m  - waiting for locator('button:not([data-active])').filter({ hasText: 'Combinational Logic' })[22m


      55 |   // collisions between chapter and lesson button text.
      56 |   if ((await lessonBtn.count()) === 0) {
    > 57 |     await page.locator('button:not([data-active])').filter({ hasText: chapterName }).click();
         |                                                                                      ^
      58 |   }
      59 |
      60 |   await lessonBtn.click();
        at goToLesson (/var/tmp/thomas-ahle/sv-tutorial/e2e/solutions.spec.js:57:86)
        at /var/tmp/thomas-ahle/sv-tutorial/e2e/solutions.spec.js:155:5

    attachment #1: screenshot (image/png) ──────────────────────────────────────────────────────────
    test-results/solutions--sim-Priority-Encoder/test-failed-1.png
    ────────────────────────────────────────────────────────────────────────────────────────────────

    Error Context: test-results/solutions--sim-Priority-Encoder/error-context.md

  45) e2e/solutions.spec.js:154:3 › [sim] Parameters and localparam ────────────────────────────────

    [31mTest timeout of 180000ms exceeded.[39m

    Error: locator.click: Test timeout of 180000ms exceeded.
    Call log:
    [2m  - waiting for locator('button:not([data-active])').filter({ hasText: 'Parameterized Modules' })[22m


      55 |   // collisions between chapter and lesson button text.
      56 |   if ((await lessonBtn.count()) === 0) {
    > 57 |     await page.locator('button:not([data-active])').filter({ hasText: chapterName }).click();
         |                                                                                      ^
      58 |   }
      59 |
      60 |   await lessonBtn.click();
        at goToLesson (/var/tmp/thomas-ahle/sv-tutorial/e2e/solutions.spec.js:57:86)
        at /var/tmp/thomas-ahle/sv-tutorial/e2e/solutions.spec.js:155:5

    attachment #1: screenshot (image/png) ──────────────────────────────────────────────────────────
    test-results/solutions--sim-Parameters-and-localparam/test-failed-1.png
    ────────────────────────────────────────────────────────────────────────────────────────────────

    Error Context: test-results/solutions--sim-Parameters-and-localparam/error-context.md

  46) e2e/solutions.spec.js:154:3 › [sim] Interfaces and modport ───────────────────────────────────

    [31mTest timeout of 180000ms exceeded.[39m

    Error: locator.click: Test timeout of 180000ms exceeded.
    Call log:
    [2m  - waiting for locator('button[data-active]').filter({ hasText: 'Interfaces and modport' })[22m


      58 |   }
      59 |
    > 60 |   await lessonBtn.click();
         |                   ^
      61 |   await expect(page.getByRole('heading', { level: 2, name: lessonName })).toBeVisible();
      62 | }
      63 |
        at goToLesson (/var/tmp/thomas-ahle/sv-tutorial/e2e/solutions.spec.js:60:19)
        at /var/tmp/thomas-ahle/sv-tutorial/e2e/solutions.spec.js:155:5

    attachment #1: screenshot (image/png) ──────────────────────────────────────────────────────────
    test-results/solutions--sim-Interfaces-and-modport/test-failed-1.png
    ────────────────────────────────────────────────────────────────────────────────────────────────

    Error Context: test-results/solutions--sim-Interfaces-and-modport/error-context.md

  47) e2e/solutions.spec.js:154:3 › [sim] Tasks and Functions ──────────────────────────────────────

    [31mTest timeout of 180000ms exceeded.[39m

    Error: locator.click: Test timeout of 180000ms exceeded.
    Call log:
    [2m  - waiting for locator('button[data-active]').filter({ hasText: 'Tasks and Functions' })[22m


      58 |   }
      59 |
    > 60 |   await lessonBtn.click();
         |                   ^
      61 |   await expect(page.getByRole('heading', { level: 2, name: lessonName })).toBeVisible();
      62 | }
      63 |
        at goToLesson (/var/tmp/thomas-ahle/sv-tutorial/e2e/solutions.spec.js:60:19)
        at /var/tmp/thomas-ahle/sv-tutorial/e2e/solutions.spec.js:155:5

    attachment #1: screenshot (image/png) ──────────────────────────────────────────────────────────
    test-results/solutions--sim-Tasks-and-Functions/test-failed-1.png
    ────────────────────────────────────────────────────────────────────────────────────────────────

    Error Context: test-results/solutions--sim-Tasks-and-Functions/error-context.md

  48) e2e/solutions.spec.js:154:3 › [sim] Concurrent Assertions in Simulation ──────────────────────

    Error: [2mexpect([22m[31mlocator[39m[2m).[22mtoContainText[2m([22m[32mexpected[39m[2m)[22m failed

    Locator: getByTestId('runtime-logs')
    Timeout: 90000ms
    [32m- Expected substring  - 1[39m
    [31m+ Received string     + 3[39m

    [32m- SVA assertion failed[39m
    [31m+ $ mox-run --timescale 1ns/1ns --single-unit --top tb --vcd /workspace/out/waves.vcd --trace-all /workspace/src/monitor.sv /workspace/src/tb.sv# mox-run is not available in this toolchain build; using mox-verilog + mox-sim$ mox-verilog --resource-guard=false --ir-llhd --timescale 1ns/1ns --single-unit --top tb -o /workspace/out/design.llhd.mlir /workspace/src/monitor.sv /workspace/src/tb.sv# runtime unavailable: Error: Failed to load tool script: http://127.0.0.1:4173/mox/mox-verilog.js[39m
    [31m+     at loadEmscriptenTool (blob:http://127.0.0.1:4173/f8b4a083-2389-4aaf-825b-96d31459d953:229:11)[39m
    [31m+     at async self.onmessage (blob:http://127.0.0.1:4173/f8b4a083-2389-4aaf-825b-96d31459d953:698:5)# mox-verilog js: /mox/mox-verilog.js# mox-verilog wasm: /mox/mox-verilog.wasm# mox-sim js: /mox/mox-sim.js# mox-sim wasm: /mox/mox-sim.wasm# run scripts/setup-mox.sh and npm run sync:mox to refresh artifacts[39m

    Call log:
    [2m  - Expect "toContainText" with timeout 90000ms[22m
    [2m  - waiting for getByTestId('runtime-logs')[22m
    [2m    - locator resolved to <div data-testid="runtime-logs" class="m-0 bg-logs-bg text-logs-text p-[0.6rem] overflow-auto font-mono text-[0.78rem]↵               flex-1 min-h-0">…</div>[22m
    [2m    - unexpected value "$ mox-run --timescale 1ns/1ns --single-unit --top tb --vcd /workspace/out/waves.vcd --trace-all /workspace/src/monitor.sv /workspace/src/tb.sv"[22m
    [2m    - locator resolved to <div data-testid="runtime-logs" class="m-0 bg-logs-bg text-logs-text p-[0.6rem] overflow-auto font-mono text-[0.78rem]↵               flex-1 min-h-0">…</div>[22m
    [2m    - unexpected value "$ mox-run --timescale 1ns/1ns --single-unit --top tb --vcd /workspace/out/waves.vcd --trace-all /workspace/src/monitor.sv /workspace/src/tb.sv# mox-run is not available in this toolchain build; using mox-verilog + mox-sim$ mox-verilog --resource-guard=false --ir-llhd --timescale 1ns/1ns --single-unit --top tb -o /workspace/out/design.llhd.mlir /workspace/src/monitor.sv /workspace/src/tb.sv"[22m
    [2m    91 × locator resolved to <div data-testid="runtime-logs" class="m-0 bg-logs-bg text-logs-text p-[0.6rem] overflow-auto font-mono text-[0.78rem]↵               flex-1 min-h-0">…</div>[22m
    [2m       - unexpected value "$ mox-run --timescale 1ns/1ns --single-unit --top tb --vcd /workspace/out/waves.vcd --trace-all /workspace/src/monitor.sv /workspace/src/tb.sv# mox-run is not available in this toolchain build; using mox-verilog + mox-sim$ mox-verilog --resource-guard=false --ir-llhd --timescale 1ns/1ns --single-unit --top tb -o /workspace/out/design.llhd.mlir /workspace/src/monitor.sv /workspace/src/tb.sv# runtime unavailable: Error: Failed to load tool script: http://127.0.0.1:4173/mox/mox-verilog.js[22m
    [2m    at loadEmscriptenTool (blob:http://127.0.0.1:4173/f8b4a083-2389-4aaf-825b-96d31459d953:229:11)[22m
    [2m    at async self.onmessage (blob:http://127.0.0.1:4173/f8b4a083-2389-4aaf-825b-96d31459d953:698:5)# mox-verilog js: /mox/mox-verilog.js# mox-verilog wasm: /mox/mox-verilog.wasm# mox-sim js: /mox/mox-sim.js# mox-sim wasm: /mox/mox-sim.wasm# run scripts/setup-mox.sh and npm run sync:mox to refresh artifacts"[22m


      187 |       await assertNoCompileError(logs);
      188 |       if (lesson.expectAssertionFail) {
    > 189 |         await expect(logs).toContainText('SVA assertion failed', { timeout: COMPILE_TIMEOUT });
          |                            ^
      190 |       }
      191 |     }
      192 |   });
        at /var/tmp/thomas-ahle/sv-tutorial/e2e/solutions.spec.js:189:28

    attachment #1: screenshot (image/png) ──────────────────────────────────────────────────────────
    test-results/solutions--sim-Concurrent-Assertions-in-Simulation/test-failed-1.png
    ────────────────────────────────────────────────────────────────────────────────────────────────

    Error Context: test-results/solutions--sim-Concurrent-Assertions-in-Simulation/error-context.md

  49) e2e/solutions.spec.js:154:3 › [sim] Vacuous Pass ─────────────────────────────────────────────

    Error: page.goto: net::ERR_CONNECTION_REFUSED at http://127.0.0.1:4173/lesson/sv/welcome
    Call log:
    [2m  - navigating to "http://127.0.0.1:4173/lesson/sv/welcome", waiting until "load"[22m


      31 |   // SPA-fallback → SvelteKit client-side redirect timing issue where
      32 |   // page.goto('/') returns before the redirect to /lesson/sv/welcome completes.
    > 33 |   await page.goto('/lesson/sv/welcome');
         |              ^
      34 |   // Clear stored workspaces so each test starts from the starter files,
      35 |   // not a workspace saved by a previous test run.
      36 |   await page.evaluate(() => {
        at goToLesson (/var/tmp/thomas-ahle/sv-tutorial/e2e/solutions.spec.js:33:14)
        at /var/tmp/thomas-ahle/sv-tutorial/e2e/solutions.spec.js:155:11

    Error Context: test-results/solutions--sim-Vacuous-Pass/error-context.md

  50) e2e/solutions.spec.js:154:3 › [sim] $isunknown — Detecting X and Z ───────────────────────────

    Error: page.goto: net::ERR_CONNECTION_REFUSED at http://127.0.0.1:4173/lesson/sv/welcome
    Call log:
    [2m  - navigating to "http://127.0.0.1:4173/lesson/sv/welcome", waiting until "load"[22m


      31 |   // SPA-fallback → SvelteKit client-side redirect timing issue where
      32 |   // page.goto('/') returns before the redirect to /lesson/sv/welcome completes.
    > 33 |   await page.goto('/lesson/sv/welcome');
         |              ^
      34 |   // Clear stored workspaces so each test starts from the starter files,
      35 |   // not a workspace saved by a previous test run.
      36 |   await page.evaluate(() => {
        at goToLesson (/var/tmp/thomas-ahle/sv-tutorial/e2e/solutions.spec.js:33:14)
        at /var/tmp/thomas-ahle/sv-tutorial/e2e/solutions.spec.js:155:11

    Error Context: test-results/solutions--sim-isunknown-—-Detecting-X-and-Z/error-context.md

  51) e2e/solutions.spec.js:154:3 › [bmc] Immediate Assertions ─────────────────────────────────────

    Error: page.goto: net::ERR_CONNECTION_REFUSED at http://127.0.0.1:4173/lesson/sv/welcome
    Call log:
    [2m  - navigating to "http://127.0.0.1:4173/lesson/sv/welcome", waiting until "load"[22m


      31 |   // SPA-fallback → SvelteKit client-side redirect timing issue where
      32 |   // page.goto('/') returns before the redirect to /lesson/sv/welcome completes.
    > 33 |   await page.goto('/lesson/sv/welcome');
         |              ^
      34 |   // Clear stored workspaces so each test starts from the starter files,
      35 |   // not a workspace saved by a previous test run.
      36 |   await page.evaluate(() => {
        at goToLesson (/var/tmp/thomas-ahle/sv-tutorial/e2e/solutions.spec.js:33:14)
        at /var/tmp/thomas-ahle/sv-tutorial/e2e/solutions.spec.js:155:11

    Error Context: test-results/solutions--bmc-Immediate-Assertions/error-context.md

  52) e2e/solutions.spec.js:154:3 › [bmc] Sequences and Properties ─────────────────────────────────

    Error: page.goto: net::ERR_CONNECTION_REFUSED at http://127.0.0.1:4173/lesson/sv/welcome
    Call log:
    [2m  - navigating to "http://127.0.0.1:4173/lesson/sv/welcome", waiting until "load"[22m


      31 |   // SPA-fallback → SvelteKit client-side redirect timing issue where
      32 |   // page.goto('/') returns before the redirect to /lesson/sv/welcome completes.
    > 33 |   await page.goto('/lesson/sv/welcome');
         |              ^
      34 |   // Clear stored workspaces so each test starts from the starter files,
      35 |   // not a workspace saved by a previous test run.
      36 |   await page.evaluate(() => {
        at goToLesson (/var/tmp/thomas-ahle/sv-tutorial/e2e/solutions.spec.js:33:14)
        at /var/tmp/thomas-ahle/sv-tutorial/e2e/solutions.spec.js:155:11

    Error Context: test-results/solutions--bmc-Sequences-and-Properties/error-context.md

  53) e2e/solutions.spec.js:154:3 › [bmc] Implication: |-> and |=> ─────────────────────────────────

    Error: page.goto: net::ERR_CONNECTION_REFUSED at http://127.0.0.1:4173/lesson/sv/welcome
    Call log:
    [2m  - navigating to "http://127.0.0.1:4173/lesson/sv/welcome", waiting until "load"[22m


      31 |   // SPA-fallback → SvelteKit client-side redirect timing issue where
      32 |   // page.goto('/') returns before the redirect to /lesson/sv/welcome completes.
    > 33 |   await page.goto('/lesson/sv/welcome');
         |              ^
      34 |   // Clear stored workspaces so each test starts from the starter files,
      35 |   // not a workspace saved by a previous test run.
      36 |   await page.evaluate(() => {
        at goToLesson (/var/tmp/thomas-ahle/sv-tutorial/e2e/solutions.spec.js:33:14)
        at /var/tmp/thomas-ahle/sv-tutorial/e2e/solutions.spec.js:155:11

    Error Context: test-results/solutions--bmc-Implication---and-/error-context.md

  54) e2e/solutions.spec.js:154:3 › [bmc] Bounded Model Checking ───────────────────────────────────

    Error: page.goto: net::ERR_CONNECTION_REFUSED at http://127.0.0.1:4173/lesson/sv/welcome
    Call log:
    [2m  - navigating to "http://127.0.0.1:4173/lesson/sv/welcome", waiting until "load"[22m


      31 |   // SPA-fallback → SvelteKit client-side redirect timing issue where
      32 |   // page.goto('/') returns before the redirect to /lesson/sv/welcome completes.
    > 33 |   await page.goto('/lesson/sv/welcome');
         |              ^
      34 |   // Clear stored workspaces so each test starts from the starter files,
      35 |   // not a workspace saved by a previous test run.
      36 |   await page.evaluate(() => {
        at goToLesson (/var/tmp/thomas-ahle/sv-tutorial/e2e/solutions.spec.js:33:14)
        at /var/tmp/thomas-ahle/sv-tutorial/e2e/solutions.spec.js:155:11

    Error Context: test-results/solutions--bmc-Bounded-Model-Checking/error-context.md

  55) e2e/solutions.spec.js:154:3 › [bmc] Clock Delay ##m and ##[m:n] ──────────────────────────────

    Error: page.goto: net::ERR_CONNECTION_REFUSED at http://127.0.0.1:4173/lesson/sv/welcome
    Call log:
    [2m  - navigating to "http://127.0.0.1:4173/lesson/sv/welcome", waiting until "load"[22m


      31 |   // SPA-fallback → SvelteKit client-side redirect timing issue where
      32 |   // page.goto('/') returns before the redirect to /lesson/sv/welcome completes.
    > 33 |   await page.goto('/lesson/sv/welcome');
         |              ^
      34 |   // Clear stored workspaces so each test starts from the starter files,
      35 |   // not a workspace saved by a previous test run.
      36 |   await page.evaluate(() => {
        at goToLesson (/var/tmp/thomas-ahle/sv-tutorial/e2e/solutions.spec.js:33:14)
        at /var/tmp/thomas-ahle/sv-tutorial/e2e/solutions.spec.js:155:11

    Error Context: test-results/solutions--bmc-Clock-Delay-m-and-m-n-/error-context.md

  56) e2e/solutions.spec.js:154:3 › [bmc] $rose and $fell ──────────────────────────────────────────

    Error: page.goto: net::ERR_CONNECTION_REFUSED at http://127.0.0.1:4173/lesson/sv/welcome
    Call log:
    [2m  - navigating to "http://127.0.0.1:4173/lesson/sv/welcome", waiting until "load"[22m


      31 |   // SPA-fallback → SvelteKit client-side redirect timing issue where
      32 |   // page.goto('/') returns before the redirect to /lesson/sv/welcome completes.
    > 33 |   await page.goto('/lesson/sv/welcome');
         |              ^
      34 |   // Clear stored workspaces so each test starts from the starter files,
      35 |   // not a workspace saved by a previous test run.
      36 |   await page.evaluate(() => {
        at goToLesson (/var/tmp/thomas-ahle/sv-tutorial/e2e/solutions.spec.js:33:14)
        at /var/tmp/thomas-ahle/sv-tutorial/e2e/solutions.spec.js:155:11

    Error Context: test-results/solutions--bmc-rose-and-fell/error-context.md

  57) e2e/solutions.spec.js:154:3 › [bmc] Request / Acknowledge ────────────────────────────────────

    Error: page.goto: net::ERR_CONNECTION_REFUSED at http://127.0.0.1:4173/lesson/sv/welcome
    Call log:
    [2m  - navigating to "http://127.0.0.1:4173/lesson/sv/welcome", waiting until "load"[22m


      31 |   // SPA-fallback → SvelteKit client-side redirect timing issue where
      32 |   // page.goto('/') returns before the redirect to /lesson/sv/welcome completes.
    > 33 |   await page.goto('/lesson/sv/welcome');
         |              ^
      34 |   // Clear stored workspaces so each test starts from the starter files,
      35 |   // not a workspace saved by a previous test run.
      36 |   await page.evaluate(() => {
        at goToLesson (/var/tmp/thomas-ahle/sv-tutorial/e2e/solutions.spec.js:33:14)
        at /var/tmp/thomas-ahle/sv-tutorial/e2e/solutions.spec.js:155:11

    Error Context: test-results/solutions--bmc-Request-Acknowledge/error-context.md

  58) e2e/solutions.spec.js:154:3 › [bmc] Consecutive Repetition [*m] ──────────────────────────────

    Error: page.goto: net::ERR_CONNECTION_REFUSED at http://127.0.0.1:4173/lesson/sv/welcome
    Call log:
    [2m  - navigating to "http://127.0.0.1:4173/lesson/sv/welcome", waiting until "load"[22m


      31 |   // SPA-fallback → SvelteKit client-side redirect timing issue where
      32 |   // page.goto('/') returns before the redirect to /lesson/sv/welcome completes.
    > 33 |   await page.goto('/lesson/sv/welcome');
         |              ^
      34 |   // Clear stored workspaces so each test starts from the starter files,
      35 |   // not a workspace saved by a previous test run.
      36 |   await page.evaluate(() => {
        at goToLesson (/var/tmp/thomas-ahle/sv-tutorial/e2e/solutions.spec.js:33:14)
        at /var/tmp/thomas-ahle/sv-tutorial/e2e/solutions.spec.js:155:11

    Error Context: test-results/solutions--bmc-Consecutive-Repetition-m-/error-context.md

  59) e2e/solutions.spec.js:154:3 › [bmc] Goto Repetition [->m] ────────────────────────────────────

    Error: page.goto: net::ERR_CONNECTION_REFUSED at http://127.0.0.1:4173/lesson/sv/welcome
    Call log:
    [2m  - navigating to "http://127.0.0.1:4173/lesson/sv/welcome", waiting until "load"[22m


      31 |   // SPA-fallback → SvelteKit client-side redirect timing issue where
      32 |   // page.goto('/') returns before the redirect to /lesson/sv/welcome completes.
    > 33 |   await page.goto('/lesson/sv/welcome');
         |              ^
      34 |   // Clear stored workspaces so each test starts from the starter files,
      35 |   // not a workspace saved by a previous test run.
      36 |   await page.evaluate(() => {
        at goToLesson (/var/tmp/thomas-ahle/sv-tutorial/e2e/solutions.spec.js:33:14)
        at /var/tmp/thomas-ahle/sv-tutorial/e2e/solutions.spec.js:155:11

    Error Context: test-results/solutions--bmc-Goto-Repetition---m-/error-context.md

  60) e2e/solutions.spec.js:154:3 › [bmc] Non-Consecutive Equal Repetition [=m] ────────────────────

    Error: page.goto: net::ERR_CONNECTION_REFUSED at http://127.0.0.1:4173/lesson/sv/welcome
    Call log:
    [2m  - navigating to "http://127.0.0.1:4173/lesson/sv/welcome", waiting until "load"[22m


      31 |   // SPA-fallback → SvelteKit client-side redirect timing issue where
      32 |   // page.goto('/') returns before the redirect to /lesson/sv/welcome completes.
    > 33 |   await page.goto('/lesson/sv/welcome');
         |              ^
      34 |   // Clear stored workspaces so each test starts from the starter files,
      35 |   // not a workspace saved by a previous test run.
      36 |   await page.evaluate(() => {
        at goToLesson (/var/tmp/thomas-ahle/sv-tutorial/e2e/solutions.spec.js:33:14)
        at /var/tmp/thomas-ahle/sv-tutorial/e2e/solutions.spec.js:155:11

    Error Context: test-results/solutions--bmc-Non-Consecutive-Equal-Repetition-m-/error-context.md

  61) e2e/solutions.spec.js:154:3 › [bmc] throughout — Stability During a Sequence ─────────────────

    Error: page.goto: net::ERR_CONNECTION_REFUSED at http://127.0.0.1:4173/lesson/sv/welcome
    Call log:
    [2m  - navigating to "http://127.0.0.1:4173/lesson/sv/welcome", waiting until "load"[22m


      31 |   // SPA-fallback → SvelteKit client-side redirect timing issue where
      32 |   // page.goto('/') returns before the redirect to /lesson/sv/welcome completes.
    > 33 |   await page.goto('/lesson/sv/welcome');
         |              ^
      34 |   // Clear stored workspaces so each test starts from the starter files,
      35 |   // not a workspace saved by a previous test run.
      36 |   await page.evaluate(() => {
        at goToLesson (/var/tmp/thomas-ahle/sv-tutorial/e2e/solutions.spec.js:33:14)
        at /var/tmp/thomas-ahle/sv-tutorial/e2e/solutions.spec.js:155:11

    Error Context: test-results/solutions--bmc-throughout-—-Stability-During-a-Sequence/error-context.md

  62) e2e/solutions.spec.js:154:3 › [bmc] Sequence Composition: intersect, within, and, or ─────────

    Error: page.goto: net::ERR_CONNECTION_REFUSED at http://127.0.0.1:4173/lesson/sv/welcome
    Call log:
    [2m  - navigating to "http://127.0.0.1:4173/lesson/sv/welcome", waiting until "load"[22m


      31 |   // SPA-fallback → SvelteKit client-side redirect timing issue where
      32 |   // page.goto('/') returns before the redirect to /lesson/sv/welcome completes.
    > 33 |   await page.goto('/lesson/sv/welcome');
         |              ^
      34 |   // Clear stored workspaces so each test starts from the starter files,
      35 |   // not a workspace saved by a previous test run.
      36 |   await page.evaluate(() => {
        at goToLesson (/var/tmp/thomas-ahle/sv-tutorial/e2e/solutions.spec.js:33:14)
        at /var/tmp/thomas-ahle/sv-tutorial/e2e/solutions.spec.js:155:11

    Error Context: test-results/solutions--bmc-Sequence-Composition-intersect-within-and-or/error-context.md

  63) e2e/solutions.spec.js:154:3 › [bmc] $stable and $past ────────────────────────────────────────

    Error: page.goto: net::ERR_CONNECTION_REFUSED at http://127.0.0.1:4173/lesson/sv/welcome
    Call log:
    [2m  - navigating to "http://127.0.0.1:4173/lesson/sv/welcome", waiting until "load"[22m


      31 |   // SPA-fallback → SvelteKit client-side redirect timing issue where
      32 |   // page.goto('/') returns before the redirect to /lesson/sv/welcome completes.
    > 33 |   await page.goto('/lesson/sv/welcome');
         |              ^
      34 |   // Clear stored workspaces so each test starts from the starter files,
      35 |   // not a workspace saved by a previous test run.
      36 |   await page.evaluate(() => {
        at goToLesson (/var/tmp/thomas-ahle/sv-tutorial/e2e/solutions.spec.js:33:14)
        at /var/tmp/thomas-ahle/sv-tutorial/e2e/solutions.spec.js:155:11

    Error Context: test-results/solutions--bmc-stable-and-past/error-context.md

  64) e2e/solutions.spec.js:154:3 › [bmc] $changed and $sampled ────────────────────────────────────

    Error: page.goto: net::ERR_CONNECTION_REFUSED at http://127.0.0.1:4173/lesson/sv/welcome
    Call log:
    [2m  - navigating to "http://127.0.0.1:4173/lesson/sv/welcome", waiting until "load"[22m


      31 |   // SPA-fallback → SvelteKit client-side redirect timing issue where
      32 |   // page.goto('/') returns before the redirect to /lesson/sv/welcome completes.
    > 33 |   await page.goto('/lesson/sv/welcome');
         |              ^
      34 |   // Clear stored workspaces so each test starts from the starter files,
      35 |   // not a workspace saved by a previous test run.
      36 |   await page.evaluate(() => {
        at goToLesson (/var/tmp/thomas-ahle/sv-tutorial/e2e/solutions.spec.js:33:14)
        at /var/tmp/thomas-ahle/sv-tutorial/e2e/solutions.spec.js:155:11

    Error Context: test-results/solutions--bmc-changed-and-sampled/error-context.md

  65) e2e/solutions.spec.js:154:3 › [bmc] disable iff — Reset Handling ─────────────────────────────

    Error: page.goto: net::ERR_CONNECTION_REFUSED at http://127.0.0.1:4173/lesson/sv/welcome
    Call log:
    [2m  - navigating to "http://127.0.0.1:4173/lesson/sv/welcome", waiting until "load"[22m


      31 |   // SPA-fallback → SvelteKit client-side redirect timing issue where
      32 |   // page.goto('/') returns before the redirect to /lesson/sv/welcome completes.
    > 33 |   await page.goto('/lesson/sv/welcome');
         |              ^
      34 |   // Clear stored workspaces so each test starts from the starter files,
      35 |   // not a workspace saved by a previous test run.
      36 |   await page.evaluate(() => {
        at goToLesson (/var/tmp/thomas-ahle/sv-tutorial/e2e/solutions.spec.js:33:14)
        at /var/tmp/thomas-ahle/sv-tutorial/e2e/solutions.spec.js:155:11

    Error Context: test-results/solutions--bmc-disable-iff-—-Reset-Handling/error-context.md

  66) e2e/solutions.spec.js:154:3 › [bmc] Aborting Properties: reject_on and accept_on ─────────────

    Error: page.goto: net::ERR_CONNECTION_REFUSED at http://127.0.0.1:4173/lesson/sv/welcome
    Call log:
    [2m  - navigating to "http://127.0.0.1:4173/lesson/sv/welcome", waiting until "load"[22m


      31 |   // SPA-fallback → SvelteKit client-side redirect timing issue where
      32 |   // page.goto('/') returns before the redirect to /lesson/sv/welcome completes.
    > 33 |   await page.goto('/lesson/sv/welcome');
         |              ^
      34 |   // Clear stored workspaces so each test starts from the starter files,
      35 |   // not a workspace saved by a previous test run.
      36 |   await page.evaluate(() => {
        at goToLesson (/var/tmp/thomas-ahle/sv-tutorial/e2e/solutions.spec.js:33:14)
        at /var/tmp/thomas-ahle/sv-tutorial/e2e/solutions.spec.js:155:11

    Error Context: test-results/solutions--bmc-Aborting-Properties-reject-on-and-accept-on/error-context.md

  67) e2e/solutions.spec.js:154:3 › [bmc] cover property ───────────────────────────────────────────

    Error: page.goto: net::ERR_CONNECTION_REFUSED at http://127.0.0.1:4173/lesson/sv/welcome
    Call log:
    [2m  - navigating to "http://127.0.0.1:4173/lesson/sv/welcome", waiting until "load"[22m


      31 |   // SPA-fallback → SvelteKit client-side redirect timing issue where
      32 |   // page.goto('/') returns before the redirect to /lesson/sv/welcome completes.
    > 33 |   await page.goto('/lesson/sv/welcome');
         |              ^
      34 |   // Clear stored workspaces so each test starts from the starter files,
      35 |   // not a workspace saved by a previous test run.
      36 |   await page.evaluate(() => {
        at goToLesson (/var/tmp/thomas-ahle/sv-tutorial/e2e/solutions.spec.js:33:14)
        at /var/tmp/thomas-ahle/sv-tutorial/e2e/solutions.spec.js:155:11

    Error Context: test-results/solutions--bmc-cover-property/error-context.md

  68) e2e/solutions.spec.js:154:3 › [bmc] Local Variables in Sequences ─────────────────────────────

    Error: page.goto: net::ERR_CONNECTION_REFUSED at http://127.0.0.1:4173/lesson/sv/welcome
    Call log:
    [2m  - navigating to "http://127.0.0.1:4173/lesson/sv/welcome", waiting until "load"[22m


      31 |   // SPA-fallback → SvelteKit client-side redirect timing issue where
      32 |   // page.goto('/') returns before the redirect to /lesson/sv/welcome completes.
    > 33 |   await page.goto('/lesson/sv/welcome');
         |              ^
      34 |   // Clear stored workspaces so each test starts from the starter files,
      35 |   // not a workspace saved by a previous test run.
      36 |   await page.evaluate(() => {
        at goToLesson (/var/tmp/thomas-ahle/sv-tutorial/e2e/solutions.spec.js:33:14)
        at /var/tmp/thomas-ahle/sv-tutorial/e2e/solutions.spec.js:155:11

    Error Context: test-results/solutions--bmc-Local-Variables-in-Sequences/error-context.md

  69) e2e/solutions.spec.js:154:3 › [bmc] $onehot, $onehot0, $countones ────────────────────────────

    Error: page.goto: net::ERR_CONNECTION_REFUSED at http://127.0.0.1:4173/lesson/sv/welcome
    Call log:
    [2m  - navigating to "http://127.0.0.1:4173/lesson/sv/welcome", waiting until "load"[22m


      31 |   // SPA-fallback → SvelteKit client-side redirect timing issue where
      32 |   // page.goto('/') returns before the redirect to /lesson/sv/welcome completes.
    > 33 |   await page.goto('/lesson/sv/welcome');
         |              ^
      34 |   // Clear stored workspaces so each test starts from the starter files,
      35 |   // not a workspace saved by a previous test run.
      36 |   await page.evaluate(() => {
        at goToLesson (/var/tmp/thomas-ahle/sv-tutorial/e2e/solutions.spec.js:33:14)
        at /var/tmp/thomas-ahle/sv-tutorial/e2e/solutions.spec.js:155:11

    Error Context: test-results/solutions--bmc-onehot-onehot0-countones/error-context.md

  70) e2e/solutions.spec.js:154:3 › [bmc] .triggered — Sequence Endpoint Detection ─────────────────

    Error: page.goto: net::ERR_CONNECTION_REFUSED at http://127.0.0.1:4173/lesson/sv/welcome
    Call log:
    [2m  - navigating to "http://127.0.0.1:4173/lesson/sv/welcome", waiting until "load"[22m


      31 |   // SPA-fallback → SvelteKit client-side redirect timing issue where
      32 |   // page.goto('/') returns before the redirect to /lesson/sv/welcome completes.
    > 33 |   await page.goto('/lesson/sv/welcome');
         |              ^
      34 |   // Clear stored workspaces so each test starts from the starter files,
      35 |   // not a workspace saved by a previous test run.
      36 |   await page.evaluate(() => {
        at goToLesson (/var/tmp/thomas-ahle/sv-tutorial/e2e/solutions.spec.js:33:14)
        at /var/tmp/thomas-ahle/sv-tutorial/e2e/solutions.spec.js:155:11

    Error Context: test-results/solutions--bmc-triggered-—-Sequence-Endpoint-Detection/error-context.md

  71) e2e/solutions.spec.js:154:3 › [bmc] The checker Construct ────────────────────────────────────

    Error: page.goto: net::ERR_CONNECTION_REFUSED at http://127.0.0.1:4173/lesson/sv/welcome
    Call log:
    [2m  - navigating to "http://127.0.0.1:4173/lesson/sv/welcome", waiting until "load"[22m


      31 |   // SPA-fallback → SvelteKit client-side redirect timing issue where
      32 |   // page.goto('/') returns before the redirect to /lesson/sv/welcome completes.
    > 33 |   await page.goto('/lesson/sv/welcome');
         |              ^
      34 |   // Clear stored workspaces so each test starts from the starter files,
      35 |   // not a workspace saved by a previous test run.
      36 |   await page.evaluate(() => {
        at goToLesson (/var/tmp/thomas-ahle/sv-tutorial/e2e/solutions.spec.js:33:14)
        at /var/tmp/thomas-ahle/sv-tutorial/e2e/solutions.spec.js:155:11

    Error Context: test-results/solutions--bmc-The-checker-Construct/error-context.md

  72) e2e/solutions.spec.js:154:3 › [bmc] Recursive Properties ─────────────────────────────────────

    Error: page.goto: net::ERR_CONNECTION_REFUSED at http://127.0.0.1:4173/lesson/sv/welcome
    Call log:
    [2m  - navigating to "http://127.0.0.1:4173/lesson/sv/welcome", waiting until "load"[22m


      31 |   // SPA-fallback → SvelteKit client-side redirect timing issue where
      32 |   // page.goto('/') returns before the redirect to /lesson/sv/welcome completes.
    > 33 |   await page.goto('/lesson/sv/welcome');
         |              ^
      34 |   // Clear stored workspaces so each test starts from the starter files,
      35 |   // not a workspace saved by a previous test run.
      36 |   await page.evaluate(() => {
        at goToLesson (/var/tmp/thomas-ahle/sv-tutorial/e2e/solutions.spec.js:33:14)
        at /var/tmp/thomas-ahle/sv-tutorial/e2e/solutions.spec.js:155:11

    Error Context: test-results/solutions--bmc-Recursive-Properties/error-context.md

  73) e2e/solutions.spec.js:154:3 › [both] assume property ─────────────────────────────────────────

    Error: page.goto: net::ERR_CONNECTION_REFUSED at http://127.0.0.1:4173/lesson/sv/welcome
    Call log:
    [2m  - navigating to "http://127.0.0.1:4173/lesson/sv/welcome", waiting until "load"[22m


      31 |   // SPA-fallback → SvelteKit client-side redirect timing issue where
      32 |   // page.goto('/') returns before the redirect to /lesson/sv/welcome completes.
    > 33 |   await page.goto('/lesson/sv/welcome');
         |              ^
      34 |   // Clear stored workspaces so each test starts from the starter files,
      35 |   // not a workspace saved by a previous test run.
      36 |   await page.evaluate(() => {
        at goToLesson (/var/tmp/thomas-ahle/sv-tutorial/e2e/solutions.spec.js:33:14)
        at /var/tmp/thomas-ahle/sv-tutorial/e2e/solutions.spec.js:155:11

    Error Context: test-results/solutions--both-assume-property/error-context.md

  74) e2e/solutions.spec.js:154:3 › [bmc] always and s_eventually ──────────────────────────────────

    Error: page.goto: net::ERR_CONNECTION_REFUSED at http://127.0.0.1:4173/lesson/sv/welcome
    Call log:
    [2m  - navigating to "http://127.0.0.1:4173/lesson/sv/welcome", waiting until "load"[22m


      31 |   // SPA-fallback → SvelteKit client-side redirect timing issue where
      32 |   // page.goto('/') returns before the redirect to /lesson/sv/welcome completes.
    > 33 |   await page.goto('/lesson/sv/welcome');
         |              ^
      34 |   // Clear stored workspaces so each test starts from the starter files,
      35 |   // not a workspace saved by a previous test run.
      36 |   await page.evaluate(() => {
        at goToLesson (/var/tmp/thomas-ahle/sv-tutorial/e2e/solutions.spec.js:33:14)
        at /var/tmp/thomas-ahle/sv-tutorial/e2e/solutions.spec.js:155:11

    Error Context: test-results/solutions--bmc-always-and-s-eventually/error-context.md

  75) e2e/solutions.spec.js:154:3 › [bmc] until and s_until ────────────────────────────────────────

    Error: page.goto: net::ERR_CONNECTION_REFUSED at http://127.0.0.1:4173/lesson/sv/welcome
    Call log:
    [2m  - navigating to "http://127.0.0.1:4173/lesson/sv/welcome", waiting until "load"[22m


      31 |   // SPA-fallback → SvelteKit client-side redirect timing issue where
      32 |   // page.goto('/') returns before the redirect to /lesson/sv/welcome completes.
    > 33 |   await page.goto('/lesson/sv/welcome');
         |              ^
      34 |   // Clear stored workspaces so each test starts from the starter files,
      35 |   // not a workspace saved by a previous test run.
      36 |   await page.evaluate(() => {
        at goToLesson (/var/tmp/thomas-ahle/sv-tutorial/e2e/solutions.spec.js:33:14)
        at /var/tmp/thomas-ahle/sv-tutorial/e2e/solutions.spec.js:155:11

    Error Context: test-results/solutions--bmc-until-and-s-until/error-context.md

  76) e2e/solutions.spec.js:154:3 › [lec] Logical Equivalence Checking ─────────────────────────────

    Error: page.goto: net::ERR_CONNECTION_REFUSED at http://127.0.0.1:4173/lesson/sv/welcome
    Call log:
    [2m  - navigating to "http://127.0.0.1:4173/lesson/sv/welcome", waiting until "load"[22m


      31 |   // SPA-fallback → SvelteKit client-side redirect timing issue where
      32 |   // page.goto('/') returns before the redirect to /lesson/sv/welcome completes.
    > 33 |   await page.goto('/lesson/sv/welcome');
         |              ^
      34 |   // Clear stored workspaces so each test starts from the starter files,
      35 |   // not a workspace saved by a previous test run.
      36 |   await page.evaluate(() => {
        at goToLesson (/var/tmp/thomas-ahle/sv-tutorial/e2e/solutions.spec.js:33:14)
        at /var/tmp/thomas-ahle/sv-tutorial/e2e/solutions.spec.js:155:11

    Error Context: test-results/solutions--lec-Logical-Equivalence-Checking/error-context.md

  77) e2e/solutions.spec.js:154:3 › [sim] The First UVM Test ───────────────────────────────────────

    Error: page.goto: net::ERR_CONNECTION_REFUSED at http://127.0.0.1:4173/lesson/sv/welcome
    Call log:
    [2m  - navigating to "http://127.0.0.1:4173/lesson/sv/welcome", waiting until "load"[22m


      31 |   // SPA-fallback → SvelteKit client-side redirect timing issue where
      32 |   // page.goto('/') returns before the redirect to /lesson/sv/welcome completes.
    > 33 |   await page.goto('/lesson/sv/welcome');
         |              ^
      34 |   // Clear stored workspaces so each test starts from the starter files,
      35 |   // not a workspace saved by a previous test run.
      36 |   await page.evaluate(() => {
        at goToLesson (/var/tmp/thomas-ahle/sv-tutorial/e2e/solutions.spec.js:33:14)
        at /var/tmp/thomas-ahle/sv-tutorial/e2e/solutions.spec.js:155:11

    Error Context: test-results/solutions--sim-The-First-UVM-Test/error-context.md

  78) e2e/solutions.spec.js:154:3 › [sim] Sequence Items ───────────────────────────────────────────

    Error: page.goto: net::ERR_CONNECTION_REFUSED at http://127.0.0.1:4173/lesson/sv/welcome
    Call log:
    [2m  - navigating to "http://127.0.0.1:4173/lesson/sv/welcome", waiting until "load"[22m


      31 |   // SPA-fallback → SvelteKit client-side redirect timing issue where
      32 |   // page.goto('/') returns before the redirect to /lesson/sv/welcome completes.
    > 33 |   await page.goto('/lesson/sv/welcome');
         |              ^
      34 |   // Clear stored workspaces so each test starts from the starter files,
      35 |   // not a workspace saved by a previous test run.
      36 |   await page.evaluate(() => {
        at goToLesson (/var/tmp/thomas-ahle/sv-tutorial/e2e/solutions.spec.js:33:14)
        at /var/tmp/thomas-ahle/sv-tutorial/e2e/solutions.spec.js:155:11

    Error Context: test-results/solutions--sim-Sequence-Items/error-context.md

  79) e2e/solutions.spec.js:154:3 › [sim] Sequences ────────────────────────────────────────────────

    Error: page.goto: net::ERR_CONNECTION_REFUSED at http://127.0.0.1:4173/lesson/sv/welcome
    Call log:
    [2m  - navigating to "http://127.0.0.1:4173/lesson/sv/welcome", waiting until "load"[22m


      31 |   // SPA-fallback → SvelteKit client-side redirect timing issue where
      32 |   // page.goto('/') returns before the redirect to /lesson/sv/welcome completes.
    > 33 |   await page.goto('/lesson/sv/welcome');
         |              ^
      34 |   // Clear stored workspaces so each test starts from the starter files,
      35 |   // not a workspace saved by a previous test run.
      36 |   await page.evaluate(() => {
        at goToLesson (/var/tmp/thomas-ahle/sv-tutorial/e2e/solutions.spec.js:33:14)
        at /var/tmp/thomas-ahle/sv-tutorial/e2e/solutions.spec.js:155:11

    Error Context: test-results/solutions--sim-Sequences/error-context.md

  80) e2e/solutions.spec.js:154:3 › [sim] The Driver ───────────────────────────────────────────────

    Error: page.goto: net::ERR_CONNECTION_REFUSED at http://127.0.0.1:4173/lesson/sv/welcome
    Call log:
    [2m  - navigating to "http://127.0.0.1:4173/lesson/sv/welcome", waiting until "load"[22m


      31 |   // SPA-fallback → SvelteKit client-side redirect timing issue where
      32 |   // page.goto('/') returns before the redirect to /lesson/sv/welcome completes.
    > 33 |   await page.goto('/lesson/sv/welcome');
         |              ^
      34 |   // Clear stored workspaces so each test starts from the starter files,
      35 |   // not a workspace saved by a previous test run.
      36 |   await page.evaluate(() => {
        at goToLesson (/var/tmp/thomas-ahle/sv-tutorial/e2e/solutions.spec.js:33:14)
        at /var/tmp/thomas-ahle/sv-tutorial/e2e/solutions.spec.js:155:11

    Error Context: test-results/solutions--sim-The-Driver/error-context.md

  81) e2e/solutions.spec.js:154:3 › [sim] Monitor and Scoreboard ───────────────────────────────────

    Error: page.goto: net::ERR_CONNECTION_REFUSED at http://127.0.0.1:4173/lesson/sv/welcome
    Call log:
    [2m  - navigating to "http://127.0.0.1:4173/lesson/sv/welcome", waiting until "load"[22m


      31 |   // SPA-fallback → SvelteKit client-side redirect timing issue where
      32 |   // page.goto('/') returns before the redirect to /lesson/sv/welcome completes.
    > 33 |   await page.goto('/lesson/sv/welcome');
         |              ^
      34 |   // Clear stored workspaces so each test starts from the starter files,
      35 |   // not a workspace saved by a previous test run.
      36 |   await page.evaluate(() => {
        at goToLesson (/var/tmp/thomas-ahle/sv-tutorial/e2e/solutions.spec.js:33:14)
        at /var/tmp/thomas-ahle/sv-tutorial/e2e/solutions.spec.js:155:11

    Error Context: test-results/solutions--sim-Monitor-and-Scoreboard/error-context.md

  82) e2e/solutions.spec.js:154:3 › [sim] Environment and Test ─────────────────────────────────────

    Error: page.goto: net::ERR_CONNECTION_REFUSED at http://127.0.0.1:4173/lesson/sv/welcome
    Call log:
    [2m  - navigating to "http://127.0.0.1:4173/lesson/sv/welcome", waiting until "load"[22m


      31 |   // SPA-fallback → SvelteKit client-side redirect timing issue where
      32 |   // page.goto('/') returns before the redirect to /lesson/sv/welcome completes.
    > 33 |   await page.goto('/lesson/sv/welcome');
         |              ^
      34 |   // Clear stored workspaces so each test starts from the starter files,
      35 |   // not a workspace saved by a previous test run.
      36 |   await page.evaluate(() => {
        at goToLesson (/var/tmp/thomas-ahle/sv-tutorial/e2e/solutions.spec.js:33:14)
        at /var/tmp/thomas-ahle/sv-tutorial/e2e/solutions.spec.js:155:11

    Error Context: test-results/solutions--sim-Environment-and-Test/error-context.md

  83) e2e/solutions.spec.js:154:3 › [sim] Functional Coverage ──────────────────────────────────────

    Error: page.goto: net::ERR_CONNECTION_REFUSED at http://127.0.0.1:4173/lesson/sv/welcome
    Call log:
    [2m  - navigating to "http://127.0.0.1:4173/lesson/sv/welcome", waiting until "load"[22m


      31 |   // SPA-fallback → SvelteKit client-side redirect timing issue where
      32 |   // page.goto('/') returns before the redirect to /lesson/sv/welcome completes.
    > 33 |   await page.goto('/lesson/sv/welcome');
         |              ^
      34 |   // Clear stored workspaces so each test starts from the starter files,
      35 |   // not a workspace saved by a previous test run.
      36 |   await page.evaluate(() => {
        at goToLesson (/var/tmp/thomas-ahle/sv-tutorial/e2e/solutions.spec.js:33:14)
        at /var/tmp/thomas-ahle/sv-tutorial/e2e/solutions.spec.js:155:11

    Error Context: test-results/solutions--sim-Functional-Coverage/error-context.md

  84) e2e/solutions.spec.js:154:3 › [sim] Cross Coverage ───────────────────────────────────────────

    Error: page.goto: net::ERR_CONNECTION_REFUSED at http://127.0.0.1:4173/lesson/sv/welcome
    Call log:
    [2m  - navigating to "http://127.0.0.1:4173/lesson/sv/welcome", waiting until "load"[22m


      31 |   // SPA-fallback → SvelteKit client-side redirect timing issue where
      32 |   // page.goto('/') returns before the redirect to /lesson/sv/welcome completes.
    > 33 |   await page.goto('/lesson/sv/welcome');
         |              ^
      34 |   // Clear stored workspaces so each test starts from the starter files,
      35 |   // not a workspace saved by a previous test run.
      36 |   await page.evaluate(() => {
        at goToLesson (/var/tmp/thomas-ahle/sv-tutorial/e2e/solutions.spec.js:33:14)
        at /var/tmp/thomas-ahle/sv-tutorial/e2e/solutions.spec.js:155:11

    Error Context: test-results/solutions--sim-Cross-Coverage/error-context.md

  85) e2e/solutions.spec.js:154:3 › [sim] Coverage-Driven Verification ─────────────────────────────

    Error: page.goto: net::ERR_CONNECTION_REFUSED at http://127.0.0.1:4173/lesson/sv/welcome
    Call log:
    [2m  - navigating to "http://127.0.0.1:4173/lesson/sv/welcome", waiting until "load"[22m


      31 |   // SPA-fallback → SvelteKit client-side redirect timing issue where
      32 |   // page.goto('/') returns before the redirect to /lesson/sv/welcome completes.
    > 33 |   await page.goto('/lesson/sv/welcome');
         |              ^
      34 |   // Clear stored workspaces so each test starts from the starter files,
      35 |   // not a workspace saved by a previous test run.
      36 |   await page.evaluate(() => {
        at goToLesson (/var/tmp/thomas-ahle/sv-tutorial/e2e/solutions.spec.js:33:14)
        at /var/tmp/thomas-ahle/sv-tutorial/e2e/solutions.spec.js:155:11

    attachment #1: screenshot (image/png) ──────────────────────────────────────────────────────────
    test-results/solutions--sim-Coverage-Driven-Verification/test-failed-1.png
    ────────────────────────────────────────────────────────────────────────────────────────────────

    Error Context: test-results/solutions--sim-Coverage-Driven-Verification/error-context.md

  86) e2e/solutions.spec.js:154:3 › [cocotb] Your First cocotb Test ────────────────────────────────

    Error: page.goto: net::ERR_CONNECTION_REFUSED at http://127.0.0.1:4173/lesson/sv/welcome
    Call log:
    [2m  - navigating to "http://127.0.0.1:4173/lesson/sv/welcome", waiting until "load"[22m


      31 |   // SPA-fallback → SvelteKit client-side redirect timing issue where
      32 |   // page.goto('/') returns before the redirect to /lesson/sv/welcome completes.
    > 33 |   await page.goto('/lesson/sv/welcome');
         |              ^
      34 |   // Clear stored workspaces so each test starts from the starter files,
      35 |   // not a workspace saved by a previous test run.
      36 |   await page.evaluate(() => {
        at goToLesson (/var/tmp/thomas-ahle/sv-tutorial/e2e/solutions.spec.js:33:14)
        at /var/tmp/thomas-ahle/sv-tutorial/e2e/solutions.spec.js:155:11

    Error Context: test-results/solutions--cocotb-Your-First-cocotb-Test/error-context.md

  87) e2e/solutions.spec.js:154:3 › [cocotb] Clock and Timing ──────────────────────────────────────

    Error: page.goto: net::ERR_CONNECTION_REFUSED at http://127.0.0.1:4173/lesson/sv/welcome
    Call log:
    [2m  - navigating to "http://127.0.0.1:4173/lesson/sv/welcome", waiting until "load"[22m


      31 |   // SPA-fallback → SvelteKit client-side redirect timing issue where
      32 |   // page.goto('/') returns before the redirect to /lesson/sv/welcome completes.
    > 33 |   await page.goto('/lesson/sv/welcome');
         |              ^
      34 |   // Clear stored workspaces so each test starts from the starter files,
      35 |   // not a workspace saved by a previous test run.
      36 |   await page.evaluate(() => {
        at goToLesson (/var/tmp/thomas-ahle/sv-tutorial/e2e/solutions.spec.js:33:14)
        at /var/tmp/thomas-ahle/sv-tutorial/e2e/solutions.spec.js:155:11

    Error Context: test-results/solutions--cocotb-Clock-and-Timing/error-context.md

  88) e2e/uvm.spec.js:66:3 › UVM: The First UVM Test ───────────────────────────────────────────────

    Error: [2mexpect([22m[31mreceived[39m[2m).[22mtoMatch[2m([22m[32mexpected[39m[2m)[22m

    Expected pattern: [32m/\$ mox-sim|runtime unavailable|# mox-verilog exit code: 1/[39m
    Received string:  [31m"# bundled 1 roots into /workspace/__svt_uvm_bundle.sv for stable UVM compilation$ mox-verilog --resource-guard=false --ir-llhd --timescale 1ns/1ns --single-unit --uvm-path /mox/uvm-core -I /mox/uvm-core/src --top tb_top -o /workspace/out/design.llhd.mlir /workspace/__svt_uvm_bundle.svstderr /mox/uvm-core/src/base/uvm_config_db_implementation.svh:375:26: warning: unknown character escape sequence [-Wunknown-escape-code][39m
    [31m            separator = \"\\.(\" ;[39m
    [31m                         ^[39m
    [31m/mox/uvm-core/src/uvm_pkg.sv:57:2: note: included from here[39m
    [31m `include \"base/uvm_base.svh\"[39m
    [31m ^[39m
    [31m/mox/uvm-core/src/base/uvm_base.svh:77:3: note: included from here[39m
    [31m  `include \"base/uvm_config_db_implementation.svh\"[39m
    [31m  ^"[39m

    Call Log:
    - Timeout 45000ms exceeded while waiting on the predicate

      43 |   await expect(logs).toContainText('$ mox-verilog', { timeout: 45_000 });
      44 |   await expect(logs).toContainText('--uvm-path /mox/uvm-core', { timeout: 45_000 });
    > 45 |   await expect.poll(
         |   ^
      46 |     async () => (await logs.textContent()) ?? '',
      47 |     { timeout: 45_000, intervals: [250, 500, 1000] }
      48 |   ).toMatch(/\$ mox-sim|runtime unavailable|# mox-verilog exit code: 1/);
        at expectCleanUvmRun (/var/tmp/thomas-ahle/sv-tutorial/e2e/uvm.spec.js:45:3)
        at /var/tmp/thomas-ahle/sv-tutorial/e2e/uvm.spec.js:70:5

    attachment #1: screenshot (image/png) ──────────────────────────────────────────────────────────
    test-results/uvm-UVM-The-First-UVM-Test/test-failed-1.png
    ────────────────────────────────────────────────────────────────────────────────────────────────

    Error Context: test-results/uvm-UVM-The-First-UVM-Test/error-context.md

  89) e2e/uvm.spec.js:66:3 › UVM: Sequence Items ───────────────────────────────────────────────────

    Error: [2mexpect([22m[31mreceived[39m[2m).[22mtoMatch[2m([22m[32mexpected[39m[2m)[22m

    Expected pattern: [32m/\$ mox-sim|runtime unavailable|# mox-verilog exit code: 1/[39m
    Received string:  [31m"# bundled 1 roots into /workspace/__svt_uvm_bundle.sv for stable UVM compilation$ mox-verilog --resource-guard=false --ir-llhd --timescale 1ns/1ns --single-unit --uvm-path /mox/uvm-core -I /mox/uvm-core/src --top tb_top -o /workspace/out/design.llhd.mlir /workspace/__svt_uvm_bundle.svstderr /mox/uvm-core/src/base/uvm_config_db_implementation.svh:375:26: warning: unknown character escape sequence [-Wunknown-escape-code][39m
    [31m            separator = \"\\.(\" ;[39m
    [31m                         ^[39m
    [31m/mox/uvm-core/src/uvm_pkg.sv:57:2: note: included from here[39m
    [31m `include \"base/uvm_base.svh\"[39m
    [31m ^[39m
    [31m/mox/uvm-core/src/base/uvm_base.svh:77:3: note: included from here[39m
    [31m  `include \"base/uvm_config_db_implementation.svh\"[39m
    [31m  ^"[39m

    Call Log:
    - Timeout 45000ms exceeded while waiting on the predicate

      43 |   await expect(logs).toContainText('$ mox-verilog', { timeout: 45_000 });
      44 |   await expect(logs).toContainText('--uvm-path /mox/uvm-core', { timeout: 45_000 });
    > 45 |   await expect.poll(
         |   ^
      46 |     async () => (await logs.textContent()) ?? '',
      47 |     { timeout: 45_000, intervals: [250, 500, 1000] }
      48 |   ).toMatch(/\$ mox-sim|runtime unavailable|# mox-verilog exit code: 1/);
        at expectCleanUvmRun (/var/tmp/thomas-ahle/sv-tutorial/e2e/uvm.spec.js:45:3)
        at /var/tmp/thomas-ahle/sv-tutorial/e2e/uvm.spec.js:70:5

    attachment #1: screenshot (image/png) ──────────────────────────────────────────────────────────
    test-results/uvm-UVM-Sequence-Items/test-failed-1.png
    ────────────────────────────────────────────────────────────────────────────────────────────────

    Error Context: test-results/uvm-UVM-Sequence-Items/error-context.md

  90) e2e/uvm.spec.js:66:3 › UVM: Sequences ────────────────────────────────────────────────────────

    Error: [2mexpect([22m[31mreceived[39m[2m).[22mtoMatch[2m([22m[32mexpected[39m[2m)[22m

    Expected pattern: [32m/\$ mox-sim|runtime unavailable|# mox-verilog exit code: 1/[39m
    Received string:  [31m"# bundled 1 roots into /workspace/__svt_uvm_bundle.sv for stable UVM compilation$ mox-verilog --resource-guard=false --ir-llhd --timescale 1ns/1ns --single-unit --uvm-path /mox/uvm-core -I /mox/uvm-core/src --top tb_top -o /workspace/out/design.llhd.mlir /workspace/__svt_uvm_bundle.svstderr /mox/uvm-core/src/base/uvm_config_db_implementation.svh:375:26: warning: unknown character escape sequence [-Wunknown-escape-code][39m
    [31m            separator = \"\\.(\" ;[39m
    [31m                         ^[39m
    [31m/mox/uvm-core/src/uvm_pkg.sv:57:2: note: included from here[39m
    [31m `include \"base/uvm_base.svh\"[39m
    [31m ^[39m
    [31m/mox/uvm-core/src/base/uvm_base.svh:77:3: note: included from here[39m
    [31m  `include \"base/uvm_config_db_implementation.svh\"[39m
    [31m  ^"[39m

    Call Log:
    - Timeout 45000ms exceeded while waiting on the predicate

      43 |   await expect(logs).toContainText('$ mox-verilog', { timeout: 45_000 });
      44 |   await expect(logs).toContainText('--uvm-path /mox/uvm-core', { timeout: 45_000 });
    > 45 |   await expect.poll(
         |   ^
      46 |     async () => (await logs.textContent()) ?? '',
      47 |     { timeout: 45_000, intervals: [250, 500, 1000] }
      48 |   ).toMatch(/\$ mox-sim|runtime unavailable|# mox-verilog exit code: 1/);
        at expectCleanUvmRun (/var/tmp/thomas-ahle/sv-tutorial/e2e/uvm.spec.js:45:3)
        at /var/tmp/thomas-ahle/sv-tutorial/e2e/uvm.spec.js:70:5

    attachment #1: screenshot (image/png) ──────────────────────────────────────────────────────────
    test-results/uvm-UVM-Sequences/test-failed-1.png
    ────────────────────────────────────────────────────────────────────────────────────────────────

    Error Context: test-results/uvm-UVM-Sequences/error-context.md

  91) e2e/uvm.spec.js:66:3 › UVM: The Driver ───────────────────────────────────────────────────────

    Error: [2mexpect([22m[31mreceived[39m[2m).[22mtoMatch[2m([22m[32mexpected[39m[2m)[22m

    Expected pattern: [32m/\$ mox-sim|runtime unavailable|# mox-verilog exit code: 1/[39m
    Received string:  [31m"# bundled 3 roots into /workspace/__svt_uvm_bundle.sv for stable UVM compilation$ mox-verilog --resource-guard=false --ir-llhd --timescale 1ns/1ns --single-unit --uvm-path /mox/uvm-core -I /mox/uvm-core/src --top tb_top -o /workspace/out/design.llhd.mlir /workspace/__svt_uvm_bundle.svstderr /mox/uvm-core/src/base/uvm_config_db_implementation.svh:375:26: warning: unknown character escape sequence [-Wunknown-escape-code][39m
    [31m            separator = \"\\.(\" ;[39m
    [31m                         ^[39m
    [31m/mox/uvm-core/src/uvm_pkg.sv:57:2: note: included from here[39m
    [31m `include \"base/uvm_base.svh\"[39m
    [31m ^[39m
    [31m/mox/uvm-core/src/base/uvm_base.svh:77:3: note: included from here[39m
    [31m  `include \"base/uvm_config_db_implementation.svh\"[39m
    [31m  ^"[39m

    Call Log:
    - Timeout 45000ms exceeded while waiting on the predicate

      43 |   await expect(logs).toContainText('$ mox-verilog', { timeout: 45_000 });
      44 |   await expect(logs).toContainText('--uvm-path /mox/uvm-core', { timeout: 45_000 });
    > 45 |   await expect.poll(
         |   ^
      46 |     async () => (await logs.textContent()) ?? '',
      47 |     { timeout: 45_000, intervals: [250, 500, 1000] }
      48 |   ).toMatch(/\$ mox-sim|runtime unavailable|# mox-verilog exit code: 1/);
        at expectCleanUvmRun (/var/tmp/thomas-ahle/sv-tutorial/e2e/uvm.spec.js:45:3)
        at /var/tmp/thomas-ahle/sv-tutorial/e2e/uvm.spec.js:70:5

    attachment #1: screenshot (image/png) ──────────────────────────────────────────────────────────
    test-results/uvm-UVM-The-Driver/test-failed-1.png
    ────────────────────────────────────────────────────────────────────────────────────────────────

    Error Context: test-results/uvm-UVM-The-Driver/error-context.md

  92) e2e/uvm.spec.js:66:3 › UVM: Constrained-Random Scenarios ─────────────────────────────────────

    Error: [2mexpect([22m[31mreceived[39m[2m).[22mtoMatch[2m([22m[32mexpected[39m[2m)[22m

    Expected pattern: [32m/\$ mox-sim|runtime unavailable|# mox-verilog exit code: 1/[39m
    Received string:  [31m"# bundled 1 roots into /workspace/__svt_uvm_bundle.sv for stable UVM compilation$ mox-verilog --resource-guard=false --ir-llhd --timescale 1ns/1ns --single-unit --uvm-path /mox/uvm-core -I /mox/uvm-core/src --top tb_top -o /workspace/out/design.llhd.mlir /workspace/__svt_uvm_bundle.svstderr /mox/uvm-core/src/base/uvm_config_db_implementation.svh:375:26: warning: unknown character escape sequence [-Wunknown-escape-code][39m
    [31m            separator = \"\\.(\" ;[39m
    [31m                         ^[39m
    [31m/mox/uvm-core/src/uvm_pkg.sv:57:2: note: included from here[39m
    [31m `include \"base/uvm_base.svh\"[39m
    [31m ^[39m
    [31m/mox/uvm-core/src/base/uvm_base.svh:77:3: note: included from here[39m
    [31m  `include \"base/uvm_config_db_implementation.svh\"[39m
    [31m  ^"[39m

    Call Log:
    - Timeout 45000ms exceeded while waiting on the predicate

      43 |   await expect(logs).toContainText('$ mox-verilog', { timeout: 45_000 });
      44 |   await expect(logs).toContainText('--uvm-path /mox/uvm-core', { timeout: 45_000 });
    > 45 |   await expect.poll(
         |   ^
      46 |     async () => (await logs.textContent()) ?? '',
      47 |     { timeout: 45_000, intervals: [250, 500, 1000] }
      48 |   ).toMatch(/\$ mox-sim|runtime unavailable|# mox-verilog exit code: 1/);
        at expectCleanUvmRun (/var/tmp/thomas-ahle/sv-tutorial/e2e/uvm.spec.js:45:3)
        at /var/tmp/thomas-ahle/sv-tutorial/e2e/uvm.spec.js:70:5

    attachment #1: screenshot (image/png) ──────────────────────────────────────────────────────────
    test-results/uvm-UVM-Constrained-Random-Scenarios/test-failed-1.png
    ────────────────────────────────────────────────────────────────────────────────────────────────

    Error Context: test-results/uvm-UVM-Constrained-Random-Scenarios/error-context.md

  93) e2e/uvm.spec.js:66:3 › UVM: Monitor and Scoreboard ───────────────────────────────────────────

    Error: [2mexpect([22m[31mreceived[39m[2m).[22mtoMatch[2m([22m[32mexpected[39m[2m)[22m

    Expected pattern: [32m/\$ mox-sim|runtime unavailable|# mox-verilog exit code: 1/[39m
    Received string:  [31m"# bundled 3 roots into /workspace/__svt_uvm_bundle.sv for stable UVM compilation$ mox-verilog --resource-guard=false --ir-llhd --timescale 1ns/1ns --single-unit --uvm-path /mox/uvm-core -I /mox/uvm-core/src --top tb_top -o /workspace/out/design.llhd.mlir /workspace/__svt_uvm_bundle.svstderr /mox/uvm-core/src/base/uvm_config_db_implementation.svh:375:26: warning: unknown character escape sequence [-Wunknown-escape-code][39m
    [31m            separator = \"\\.(\" ;[39m
    [31m                         ^[39m
    [31m/mox/uvm-core/src/uvm_pkg.sv:57:2: note: included from here[39m
    [31m `include \"base/uvm_base.svh\"[39m
    [31m ^[39m
    [31m/mox/uvm-core/src/base/uvm_base.svh:77:3: note: included from here[39m
    [31m  `include \"base/uvm_config_db_implementation.svh\"[39m
    [31m  ^"[39m

    Call Log:
    - Timeout 45000ms exceeded while waiting on the predicate

      43 |   await expect(logs).toContainText('$ mox-verilog', { timeout: 45_000 });
      44 |   await expect(logs).toContainText('--uvm-path /mox/uvm-core', { timeout: 45_000 });
    > 45 |   await expect.poll(
         |   ^
      46 |     async () => (await logs.textContent()) ?? '',
      47 |     { timeout: 45_000, intervals: [250, 500, 1000] }
      48 |   ).toMatch(/\$ mox-sim|runtime unavailable|# mox-verilog exit code: 1/);
        at expectCleanUvmRun (/var/tmp/thomas-ahle/sv-tutorial/e2e/uvm.spec.js:45:3)
        at /var/tmp/thomas-ahle/sv-tutorial/e2e/uvm.spec.js:70:5

    attachment #1: screenshot (image/png) ──────────────────────────────────────────────────────────
    test-results/uvm-UVM-Monitor-and-Scoreboard/test-failed-1.png
    ────────────────────────────────────────────────────────────────────────────────────────────────

    Error Context: test-results/uvm-UVM-Monitor-and-Scoreboard/error-context.md

  94) e2e/uvm.spec.js:66:3 › UVM: Environment and Test ─────────────────────────────────────────────

    Error: [2mexpect([22m[31mreceived[39m[2m).[22mtoMatch[2m([22m[32mexpected[39m[2m)[22m

    Expected pattern: [32m/\$ mox-sim|runtime unavailable|# mox-verilog exit code: 1/[39m
    Received string:  [31m"# bundled 3 roots into /workspace/__svt_uvm_bundle.sv for stable UVM compilation$ mox-verilog --resource-guard=false --ir-llhd --timescale 1ns/1ns --single-unit --uvm-path /mox/uvm-core -I /mox/uvm-core/src --top tb_top -o /workspace/out/design.llhd.mlir /workspace/__svt_uvm_bundle.svstderr /mox/uvm-core/src/base/uvm_config_db_implementation.svh:375:26: warning: unknown character escape sequence [-Wunknown-escape-code][39m
    [31m            separator = \"\\.(\" ;[39m
    [31m                         ^[39m
    [31m/mox/uvm-core/src/uvm_pkg.sv:57:2: note: included from here[39m
    [31m `include \"base/uvm_base.svh\"[39m
    [31m ^[39m
    [31m/mox/uvm-core/src/base/uvm_base.svh:77:3: note: included from here[39m
    [31m  `include \"base/uvm_config_db_implementation.svh\"[39m
    [31m  ^"[39m

    Call Log:
    - Timeout 45000ms exceeded while waiting on the predicate

      43 |   await expect(logs).toContainText('$ mox-verilog', { timeout: 45_000 });
      44 |   await expect(logs).toContainText('--uvm-path /mox/uvm-core', { timeout: 45_000 });
    > 45 |   await expect.poll(
         |   ^
      46 |     async () => (await logs.textContent()) ?? '',
      47 |     { timeout: 45_000, intervals: [250, 500, 1000] }
      48 |   ).toMatch(/\$ mox-sim|runtime unavailable|# mox-verilog exit code: 1/);
        at expectCleanUvmRun (/var/tmp/thomas-ahle/sv-tutorial/e2e/uvm.spec.js:45:3)
        at /var/tmp/thomas-ahle/sv-tutorial/e2e/uvm.spec.js:70:5

    attachment #1: screenshot (image/png) ──────────────────────────────────────────────────────────
    test-results/uvm-UVM-Environment-and-Test/test-failed-1.png
    ────────────────────────────────────────────────────────────────────────────────────────────────

    Error Context: test-results/uvm-UVM-Environment-and-Test/error-context.md

  95) e2e/uvm.spec.js:66:3 › UVM: Functional Coverage ──────────────────────────────────────────────

    Error: [2mexpect([22m[31mreceived[39m[2m).[22mtoMatch[2m([22m[32mexpected[39m[2m)[22m

    Expected pattern: [32m/\$ mox-sim|runtime unavailable|# mox-verilog exit code: 1/[39m
    Received string:  [31m"# bundled 3 roots into /workspace/__svt_uvm_bundle.sv for stable UVM compilation$ mox-verilog --resource-guard=false --ir-llhd --timescale 1ns/1ns --single-unit --uvm-path /mox/uvm-core -I /mox/uvm-core/src --top tb_top -o /workspace/out/design.llhd.mlir /workspace/__svt_uvm_bundle.svstderr /mox/uvm-core/src/base/uvm_config_db_implementation.svh:375:26: warning: unknown character escape sequence [-Wunknown-escape-code][39m
    [31m            separator = \"\\.(\" ;[39m
    [31m                         ^[39m
    [31m/mox/uvm-core/src/uvm_pkg.sv:57:2: note: included from here[39m
    [31m `include \"base/uvm_base.svh\"[39m
    [31m ^[39m
    [31m/mox/uvm-core/src/base/uvm_base.svh:77:3: note: included from here[39m
    [31m  `include \"base/uvm_config_db_implementation.svh\"[39m
    [31m  ^"[39m

    Call Log:
    - Timeout 45000ms exceeded while waiting on the predicate

      43 |   await expect(logs).toContainText('$ mox-verilog', { timeout: 45_000 });
      44 |   await expect(logs).toContainText('--uvm-path /mox/uvm-core', { timeout: 45_000 });
    > 45 |   await expect.poll(
         |   ^
      46 |     async () => (await logs.textContent()) ?? '',
      47 |     { timeout: 45_000, intervals: [250, 500, 1000] }
      48 |   ).toMatch(/\$ mox-sim|runtime unavailable|# mox-verilog exit code: 1/);
        at expectCleanUvmRun (/var/tmp/thomas-ahle/sv-tutorial/e2e/uvm.spec.js:45:3)
        at /var/tmp/thomas-ahle/sv-tutorial/e2e/uvm.spec.js:70:5

    attachment #1: screenshot (image/png) ──────────────────────────────────────────────────────────
    test-results/uvm-UVM-Functional-Coverage/test-failed-1.png
    ────────────────────────────────────────────────────────────────────────────────────────────────

    Error Context: test-results/uvm-UVM-Functional-Coverage/error-context.md

  96) e2e/uvm.spec.js:66:3 › UVM: Cross Coverage ───────────────────────────────────────────────────

    Error: [2mexpect([22m[31mlocator[39m[2m).[22mtoBeVisible[2m([22m[2m)[22m failed

    Locator: getByRole('heading', { name: 'Cross Coverage', level: 2 })
    Expected: visible
    Timeout: 5000ms
    Error: element(s) not found

    Call log:
    [2m  - Expect "toBeVisible" with timeout 5000ms[22m
    [2m  - waiting for getByRole('heading', { name: 'Cross Coverage', level: 2 })[22m


      23 |   }
      24 |   await page.goto(lesson.route);
    > 25 |   await expect(page.getByRole('heading', { level: 2, name: lesson.title })).toBeVisible();
         |                                                                             ^
      26 | }
      27 |
      28 | async function applySolution(page) {
        at goToLesson (/var/tmp/thomas-ahle/sv-tutorial/e2e/uvm.spec.js:25:77)
        at /var/tmp/thomas-ahle/sv-tutorial/e2e/uvm.spec.js:67:5

    attachment #1: screenshot (image/png) ──────────────────────────────────────────────────────────
    test-results/uvm-UVM-Cross-Coverage/test-failed-1.png
    ────────────────────────────────────────────────────────────────────────────────────────────────

    Error Context: test-results/uvm-UVM-Cross-Coverage/error-context.md

  97) e2e/uvm.spec.js:66:3 › UVM: Coverage-Driven Verification ─────────────────────────────────────

    Error: [2mexpect([22m[31mlocator[39m[2m).[22mtoContainText[2m([22m[32mexpected[39m[2m)[22m failed

    Locator: getByTestId('runtime-logs')
    Expected substring: [32m"$ mox-verilog"[39m
    Received string:    [31m"press ▶ to run"[39m
    Timeout: 45000ms

    Call log:
    [2m  - Expect "toContainText" with timeout 45000ms[22m
    [2m  - waiting for getByTestId('runtime-logs')[22m
    [2m    49 × locator resolved to <div data-testid="runtime-logs" class="m-0 bg-logs-bg text-logs-text p-[0.6rem] overflow-auto font-mono text-[0.78rem] flex-1 min-h-0">…</div>[22m
    [2m       - unexpected value "press ▶ to run"[22m


      41 |
      42 | async function expectCleanUvmRun(logs) {
    > 43 |   await expect(logs).toContainText('$ mox-verilog', { timeout: 45_000 });
         |                      ^
      44 |   await expect(logs).toContainText('--uvm-path /mox/uvm-core', { timeout: 45_000 });
      45 |   await expect.poll(
      46 |     async () => (await logs.textContent()) ?? '',
        at expectCleanUvmRun (/var/tmp/thomas-ahle/sv-tutorial/e2e/uvm.spec.js:43:22)
        at /var/tmp/thomas-ahle/sv-tutorial/e2e/uvm.spec.js:70:11

    attachment #1: screenshot (image/png) ──────────────────────────────────────────────────────────
    test-results/uvm-UVM-Coverage-Driven-Verification/test-failed-1.png
    ────────────────────────────────────────────────────────────────────────────────────────────────

    Error Context: test-results/uvm-UVM-Coverage-Driven-Verification/error-context.md

  98) e2e/uvm.spec.js:66:3 › UVM: Factory Overrides ────────────────────────────────────────────────

    Error: [2mexpect([22m[31mreceived[39m[2m).[22mtoMatch[2m([22m[32mexpected[39m[2m)[22m

    Expected pattern: [32m/\$ mox-sim|runtime unavailable|# mox-verilog exit code: 1/[39m
    Received string:  [31m"# bundled 1 roots into /workspace/__svt_uvm_bundle.sv for stable UVM compilation$ mox-verilog --resource-guard=false --ir-llhd --timescale 1ns/1ns --single-unit --uvm-path /mox/uvm-core -I /mox/uvm-core/src --top tb_top -o /workspace/out/design.llhd.mlir /workspace/__svt_uvm_bundle.svstderr /mox/uvm-core/src/base/uvm_config_db_implementation.svh:375:26: warning: unknown character escape sequence [-Wunknown-escape-code][39m
    [31m            separator = \"\\.(\" ;[39m
    [31m                         ^[39m
    [31m/mox/uvm-core/src/uvm_pkg.sv:57:2: note: included from here[39m
    [31m `include \"base/uvm_base.svh\"[39m
    [31m ^[39m
    [31m/mox/uvm-core/src/base/uvm_base.svh:77:3: note: included from here[39m
    [31m  `include \"base/uvm_config_db_implementation.svh\"[39m
    [31m  ^"[39m

    Call Log:
    - Timeout 45000ms exceeded while waiting on the predicate

      43 |   await expect(logs).toContainText('$ mox-verilog', { timeout: 45_000 });
      44 |   await expect(logs).toContainText('--uvm-path /mox/uvm-core', { timeout: 45_000 });
    > 45 |   await expect.poll(
         |   ^
      46 |     async () => (await logs.textContent()) ?? '',
      47 |     { timeout: 45_000, intervals: [250, 500, 1000] }
      48 |   ).toMatch(/\$ mox-sim|runtime unavailable|# mox-verilog exit code: 1/);
        at expectCleanUvmRun (/var/tmp/thomas-ahle/sv-tutorial/e2e/uvm.spec.js:45:3)
        at /var/tmp/thomas-ahle/sv-tutorial/e2e/uvm.spec.js:70:5

    attachment #1: screenshot (image/png) ──────────────────────────────────────────────────────────
    test-results/uvm-UVM-Factory-Overrides/test-failed-1.png
    ────────────────────────────────────────────────────────────────────────────────────────────────

    Error Context: test-results/uvm-UVM-Factory-Overrides/error-context.md

  98 failed
    e2e/cocotb-run.spec.js:5:1 › cocotb: a run settles with a test result or the simulator error ───
    e2e/cocotb.spec.js:25:1 › cocotb: Your First cocotb Test — solution passes all assertions ──────
    e2e/cocotb.spec.js:41:1 › cocotb: Clock and Timing — solution passes all assertions ────────────
    e2e/diag-focus.spec.js:7:1 › diag: probe FocusItem vs id_of_name in current Surfer build ───────
    e2e/formal.spec.js:37:1 › BMC: solution proves all properties within the bound ─────────────────
    e2e/formal.spec.js:60:1 › assume property: solution proves property with constraint ────────────
    e2e/formal.spec.js:92:1 › LEC: fixed Impl is proved equivalent to Spec ─────────────────────────
    e2e/ghpages.spec.js:49:1 › UVM: Driver lesson compiles and simulates ───────────────────────────
    e2e/ghpages.spec.js:56:1 › UVM: Cross Coverage compiles with intersect syntax ──────────────────
    e2e/lessons.spec.js:123:1 › immediate-assert: solution passes assertions ───────────────────────
    e2e/live-smoke.spec.js:36:1 › [sim] Welcome — run button produces output, no compile error ─────
    e2e/live-smoke.spec.js:45:1 › [sim] Concurrent Assertions — runtime assertions chapter visible, assertionFail produced 
    e2e/live-smoke.spec.js:77:1 › [lec] Logical Equivalence Checking — z3 proves unsat ─────────────
    e2e/offline-cocotb.spec.js:17:3 › offline cocotb runtime › downloads offline bundle and runs cocotb fully offline 
    e2e/qa-all-lessons.spec.js:65:5 › [15] covergroup and coverpoint › run ─────────────────────────
    e2e/qa-all-lessons.spec.js:65:5 › [16] Bins and ignore_bins › run ──────────────────────────────
    e2e/qa-all-lessons.spec.js:65:5 › [17] Cross coverage › run ────────────────────────────────────
    e2e/qa-all-lessons.spec.js:65:5 › [19] Dynamic Arrays and Queues › run ─────────────────────────
    e2e/qa-all-lessons.spec.js:65:5 › [22] Macro Formal Continuations › run ────────────────────────
    e2e/qa-all-lessons.spec.js:65:5 › [23] Packed-Struct Field References › run ────────────────────
    e2e/qa-all-lessons.spec.js:65:5 › [25] Nested Child Input Propagation › run ────────────────────
    e2e/qa-all-lessons.spec.js:86:5 › [30] Immediate Assertions › verify ───────────────────────────
    e2e/qa-all-lessons.spec.js:86:5 › [47] cover property › verify ─────────────────────────────────
    e2e/qa-all-lessons.spec.js:86:5 › [48] Local Variables in Sequences › verify ───────────────────
    e2e/qa-all-lessons.spec.js:86:5 › [49] $onehot, $onehot0, $countones › verify ──────────────────
    e2e/qa-all-lessons.spec.js:86:5 › [52] Recursive Properties › verify ───────────────────────────
    e2e/qa-all-lessons.spec.js:86:5 › [53] assume property › verify ────────────────────────────────
    e2e/qa-all-lessons.spec.js:65:5 › [69] RTL to Gates › run ──────────────────────────────────────
    e2e/qa-all-lessons.spec.js:65:5 › [70] Synthesis Gotchas › run ─────────────────────────────────
    e2e/qa-all-lessons.spec.js:65:5 › [71] What is MLIR? › run ─────────────────────────────────────
    e2e/qa-all-lessons.spec.js:65:5 › [72] The comb Dialect › run ──────────────────────────────────
    e2e/qa-all-lessons.spec.js:65:5 › [73] The seq Dialect: Registers › run ────────────────────────
    e2e/qa-all-lessons.spec.js:65:5 › [74] The Lowering Pipeline › run ─────────────────────────────
    e2e/qa-ghpages.spec.js:208:1 › SV: welcome lesson compiles and prints Hello output ─────────────
    e2e/qa-ghpages.spec.js:219:1 › SV: always-ff solution compiles and simulates cleanly ───────────
    e2e/qa-ghpages.spec.js:232:1 › SV: starter code with TODO shows simulation failures ────────────
    e2e/qa-ghpages.spec.js:244:1 › Ctrl+Enter triggers run ─────────────────────────────────────────
    e2e/qa-ghpages.spec.js:251:1 › SVA: concurrent simulation lesson runs cleanly ──────────────────
    e2e/qa-ghpages.spec.js:262:1 › UVM: driver lesson compiles and simulates ───────────────────────
    e2e/qa-ghpages.spec.js:299:1 › dfn term card near bottom does not clip off-screen ──────────────
    e2e/qa-ghpages.spec.js:321:1 › vim mode: toggles on and off without breaking editor ────────────
    e2e/solutions-live.spec.js:54:3 › [sim] Concurrent Assertions in Simulation ────────────────────
    e2e/solutions-live.spec.js:54:3 › [lec] Logical Equivalence Checking ───────────────────────────
    e2e/solutions.spec.js:154:3 › [sim] Priority Encoder ───────────────────────────────────────────
    e2e/solutions.spec.js:154:3 › [sim] Parameters and localparam ──────────────────────────────────
    e2e/solutions.spec.js:154:3 › [sim] Interfaces and modport ─────────────────────────────────────
    e2e/solutions.spec.js:154:3 › [sim] Tasks and Functions ────────────────────────────────────────
    e2e/solutions.spec.js:154:3 › [sim] Concurrent Assertions in Simulation ────────────────────────
    e2e/solutions.spec.js:154:3 › [sim] Vacuous Pass ───────────────────────────────────────────────
    e2e/solutions.spec.js:154:3 › [sim] $isunknown — Detecting X and Z ─────────────────────────────
    e2e/solutions.spec.js:154:3 › [bmc] Immediate Assertions ───────────────────────────────────────
    e2e/solutions.spec.js:154:3 › [bmc] Sequences and Properties ───────────────────────────────────
    e2e/solutions.spec.js:154:3 › [bmc] Implication: |-> and |=> ───────────────────────────────────
    e2e/solutions.spec.js:154:3 › [bmc] Bounded Model Checking ─────────────────────────────────────
    e2e/solutions.spec.js:154:3 › [bmc] Clock Delay ##m and ##[m:n] ────────────────────────────────
    e2e/solutions.spec.js:154:3 › [bmc] $rose and $fell ────────────────────────────────────────────
    e2e/solutions.spec.js:154:3 › [bmc] Request / Acknowledge ──────────────────────────────────────
    e2e/solutions.spec.js:154:3 › [bmc] Consecutive Repetition [*m] ────────────────────────────────
    e2e/solutions.spec.js:154:3 › [bmc] Goto Repetition [->m] ──────────────────────────────────────
    e2e/solutions.spec.js:154:3 › [bmc] Non-Consecutive Equal Repetition [=m] ──────────────────────
    e2e/solutions.spec.js:154:3 › [bmc] throughout — Stability During a Sequence ───────────────────
    e2e/solutions.spec.js:154:3 › [bmc] Sequence Composition: intersect, within, and, or ───────────
    e2e/solutions.spec.js:154:3 › [bmc] $stable and $past ──────────────────────────────────────────
    e2e/solutions.spec.js:154:3 › [bmc] $changed and $sampled ──────────────────────────────────────
    e2e/solutions.spec.js:154:3 › [bmc] disable iff — Reset Handling ───────────────────────────────
    e2e/solutions.spec.js:154:3 › [bmc] Aborting Properties: reject_on and accept_on ───────────────
    e2e/solutions.spec.js:154:3 › [bmc] cover property ─────────────────────────────────────────────
    e2e/solutions.spec.js:154:3 › [bmc] Local Variables in Sequences ───────────────────────────────
    e2e/solutions.spec.js:154:3 › [bmc] $onehot, $onehot0, $countones ──────────────────────────────
    e2e/solutions.spec.js:154:3 › [bmc] .triggered — Sequence Endpoint Detection ───────────────────
    e2e/solutions.spec.js:154:3 › [bmc] The checker Construct ──────────────────────────────────────
    e2e/solutions.spec.js:154:3 › [bmc] Recursive Properties ───────────────────────────────────────
    e2e/solutions.spec.js:154:3 › [both] assume property ───────────────────────────────────────────
    e2e/solutions.spec.js:154:3 › [bmc] always and s_eventually ────────────────────────────────────
    e2e/solutions.spec.js:154:3 › [bmc] until and s_until ──────────────────────────────────────────
    e2e/solutions.spec.js:154:3 › [lec] Logical Equivalence Checking ───────────────────────────────
    e2e/solutions.spec.js:154:3 › [sim] The First UVM Test ─────────────────────────────────────────
    e2e/solutions.spec.js:154:3 › [sim] Sequence Items ─────────────────────────────────────────────
    e2e/solutions.spec.js:154:3 › [sim] Sequences ──────────────────────────────────────────────────
    e2e/solutions.spec.js:154:3 › [sim] The Driver ─────────────────────────────────────────────────
    e2e/solutions.spec.js:154:3 › [sim] Monitor and Scoreboard ─────────────────────────────────────
    e2e/solutions.spec.js:154:3 › [sim] Environment and Test ───────────────────────────────────────
    e2e/solutions.spec.js:154:3 › [sim] Functional Coverage ────────────────────────────────────────
    e2e/solutions.spec.js:154:3 › [sim] Cross Coverage ─────────────────────────────────────────────
    e2e/solutions.spec.js:154:3 › [sim] Coverage-Driven Verification ───────────────────────────────
    e2e/solutions.spec.js:154:3 › [cocotb] Your First cocotb Test ──────────────────────────────────
    e2e/solutions.spec.js:154:3 › [cocotb] Clock and Timing ────────────────────────────────────────
    e2e/uvm.spec.js:66:3 › UVM: The First UVM Test ─────────────────────────────────────────────────
    e2e/uvm.spec.js:66:3 › UVM: Sequence Items ─────────────────────────────────────────────────────
    e2e/uvm.spec.js:66:3 › UVM: Sequences ──────────────────────────────────────────────────────────
    e2e/uvm.spec.js:66:3 › UVM: The Driver ─────────────────────────────────────────────────────────
    e2e/uvm.spec.js:66:3 › UVM: Constrained-Random Scenarios ───────────────────────────────────────
    e2e/uvm.spec.js:66:3 › UVM: Monitor and Scoreboard ─────────────────────────────────────────────
    e2e/uvm.spec.js:66:3 › UVM: Environment and Test ───────────────────────────────────────────────
    e2e/uvm.spec.js:66:3 › UVM: Functional Coverage ────────────────────────────────────────────────
    e2e/uvm.spec.js:66:3 › UVM: Cross Coverage ─────────────────────────────────────────────────────
    e2e/uvm.spec.js:66:3 › UVM: Coverage-Driven Verification ───────────────────────────────────────
    e2e/uvm.spec.js:66:3 › UVM: Factory Overrides ──────────────────────────────────────────────────
  131 passed (15.3m)
