
> sv-tutorial@0.0.1 test:e2e
> playwright test

[2m[WebServer] [22m(node:72179) Warning: The 'NO_COLOR' env is ignored due to the 'FORCE_COLOR' env being set.
[2m[WebServer] [22m(Use `node --trace-warnings ...` to show where the warning was created)
[2m[WebServer] [22mYour tsconfig.json should extend the configuration generated by SvelteKit:
[2m[WebServer] [22m{
[2m[WebServer] [22m  "extends": "./.svelte-kit/tsconfig.json"
[2m[WebServer] [22m}
[2m[WebServer] [22m9:59:38 AM [vite-plugin-svelte] src/routes/lesson/[part]/[name]/+page.svelte:565:10 `<div>` with a click handler must have an ARIA role
[2m[WebServer] [22mhttps://svelte.dev/e/a11y_no_static_element_interactions
[2m[WebServer] [22m563:         {#if showOptions}
[2m[WebServer] [22m564:           <!-- svelte-ignore a11y_click_events_have_key_events a11y_no_static_element_interactions -->
[2m[WebServer] [22m565:           <div class="fixed inset-0 z-40" onclick={() => (showOptions = false)}></div>
[2m[WebServer] [22m                                                                                           ^
[2m[WebServer] [22m566:           <div class="absolute right-0 top-[calc(100%+0.4rem)] z-50 bg-surface border border-border rounded-[12px] shadow-app p-2 flex flex-col min-w-[160px]">
[2m[WebServer] [22m567:             {#if hasSolution}
[2m[WebServer] [22m9:59:38 AM [vite-plugin-svelte] src/routes/lesson/[part]/[name]/+page.svelte:876:2 `<div>` with a click handler must have an ARIA role
[2m[WebServer] [22mhttps://svelte.dev/e/a11y_no_static_element_interactions
[2m[WebServer] [22m874: {#if showCopyModal}
[2m[WebServer] [22m875:   <!-- svelte-ignore a11y_click_events_have_key_events a11y_no_static_element_interactions -->
[2m[WebServer] [22m876:   <div class="fixed inset-0 bg-black/50 flex items-center justify-center z-50"
[2m[WebServer] [22m             ^
[2m[WebServer] [22m877:        onclick={(e) => e.target === e.currentTarget && onCopyModalOk()}>
[2m[WebServer] [22m878:     <div role="dialog" aria-modal="true" aria-labelledby="copy-modal-title"
[2m[WebServer] [22m9:59:38 AM [vite-plugin-svelte] src/routes/lesson/[part]/[name]/+page.svelte:878:4 Elements with the 'dialog' interactive role must have a tabindex value
[2m[WebServer] [22mhttps://svelte.dev/e/a11y_interactive_supports_focus
[2m[WebServer] [22m876:   <div class="fixed inset-0 bg-black/50 flex items-center justify-center z-50"
[2m[WebServer] [22m877:        onclick={(e) => e.target === e.currentTarget && onCopyModalOk()}>
[2m[WebServer] [22m878:     <div role="dialog" aria-modal="true" aria-labelledby="copy-modal-title"
[2m[WebServer] [22m               ^
[2m[WebServer] [22m879:          onkeydown={onCopyModalKeydown}
[2m[WebServer] [22m880:          class="bg-surface rounded-[14px] shadow-xl p-8 max-w-[440px] mx-4 flex flex-col gap-4 border border-border">
[2m[WebServer] [22m9:59:38 AM [vite-plugin-svelte] src/routes/lesson/[part]/[name]/+page.svelte:891:8 Avoid using autofocus
[2m[WebServer] [22mhttps://svelte.dev/e/a11y_autofocus
[2m[WebServer] [22m889:       </label>
[2m[WebServer] [22m890:       <button
[2m[WebServer] [22m891:         autofocus
[2m[WebServer] [22m                      ^
[2m[WebServer] [22m892:         onclick={onCopyModalOk}
[2m[WebServer] [22m893:         class="self-start px-6 py-[0.45rem] bg-teal text-white rounded-[8px] font-medium text-[0.9rem] hover:opacity-90 transition-opacity"
[2m[WebServer] [22m"syntaxHighlighting" is imported from external module "@codemirror/language" but never used in "src/lib/components/CodeEditor.svelte".
[2m[WebServer] [22m"basicSetup" is imported from external module "codemirror" but never used in "src/lib/components/CodeEditor.svelte".
[2m[WebServer] [22m"EditorState" is imported from external module "@codemirror/state" but never used in "src/lib/components/CodeEditor.svelte".
[2m[WebServer] [22m"linter", "lintGutter" and "setDiagnostics" are imported from external module "@codemirror/lint" but never used in "src/lib/components/CodeEditor.svelte".
[2m[WebServer] [22mThe emitted file "chunks/description.js.gz" overwrites a previously emitted file of the same name.
[2m[WebServer] [22mThe emitted file "chunks/description2.js.gz" overwrites a previously emitted file of the same name.
[2m[WebServer] [22mThe emitted file "entries/pages/lesson/_part_/_name_/_page.svelte.js.gz" overwrites a previously emitted file of the same name.
[2m[WebServer] [22mThe emitted file "chunks/description3.js.gz" overwrites a previously emitted file of the same name.
[2m[WebServer] [22mThe emitted file "chunks/description4.js.gz" overwrites a previously emitted file of the same name.
[2m[WebServer] [22mThe emitted file "chunks/description5.js.gz" overwrites a previously emitted file of the same name.
[2m[WebServer] [22mThe emitted file "entries/pages/_layout.svelte.js.gz" overwrites a previously emitted file of the same name.
[2m[WebServer] [22mThe emitted file "chunks/description6.js.gz" overwrites a previously emitted file of the same name.
[2m[WebServer] [22mThe emitted file "chunks/description7.js.gz" overwrites a previously emitted file of the same name.
[2m[WebServer] [22mThe emitted file "chunks/description8.js.gz" overwrites a previously emitted file of the same name.
[2m[WebServer] [22mThe emitted file "chunks/description9.js.gz" overwrites a previously emitted file of the same name.
[2m[WebServer] [22mThe emitted file "chunks/description10.js.gz" overwrites a previously emitted file of the same name.
[2m[WebServer] [22mThe emitted file "chunks/description11.js.gz" overwrites a previously emitted file of the same name.
[2m[WebServer] [22mThe emitted file "chunks/description13.js.gz" overwrites a previously emitted file of the same name.
[2m[WebServer] [22mThe emitted file "chunks/description14.js.gz" overwrites a previously emitted file of the same name.
[2m[WebServer] [22mThe emitted file "chunks/description15.js.gz" overwrites a previously emitted file of the same name.
[2m[WebServer] [22mThe emitted file "chunks/description12.js.gz" overwrites a previously emitted file of the same name.
[2m[WebServer] [22mThe emitted file "chunks/description16.js.gz" overwrites a previously emitted file of the same name.
[2m[WebServer] [22mThe emitted file "chunks/description17.js.gz" overwrites a previously emitted file of the same name.
[2m[WebServer] [22mThe emitted file "chunks/description18.js.gz" overwrites a previously emitted file of the same name.
[2m[WebServer] [22mThe emitted file "chunks/description20.js.gz" overwrites a previously emitted file of the same name.
[2m[WebServer] [22mThe emitted file "chunks/description19.js.gz" overwrites a previously emitted file of the same name.
[2m[WebServer] [22mThe emitted file "chunks/description21.js.gz" overwrites a previously emitted file of the same name.
[2m[WebServer] [22mThe emitted file "chunks/description22.js.gz" overwrites a previously emitted file of the same name.
[2m[WebServer] [22mThe emitted file "chunks/index.js.gz" overwrites a previously emitted file of the same name.
[2m[WebServer] [22mThe emitted file "chunks/description26.js.gz" overwrites a previously emitted file of the same name.
[2m[WebServer] [22mThe emitted file "chunks/description25.js.gz" overwrites a previously emitted file of the same name.
[2m[WebServer] [22mThe emitted file "chunks/description23.js.gz" overwrites a previously emitted file of the same name.
[2m[WebServer] [22mThe emitted file "chunks/description27.js.gz" overwrites a previously emitted file of the same name.
[2m[WebServer] [22mThe emitted file "chunks/description29.js.gz" overwrites a previously emitted file of the same name.
[2m[WebServer] [22mThe emitted file "chunks/description28.js.gz" overwrites a previously emitted file of the same name.
[2m[WebServer] [22mThe emitted file "chunks/description31.js.gz" overwrites a previously emitted file of the same name.
[2m[WebServer] [22mThe emitted file "chunks/description30.js.gz" overwrites a previously emitted file of the same name.
[2m[WebServer] [22mThe emitted file "chunks/description34.js.gz" overwrites a previously emitted file of the same name.
[2m[WebServer] [22mThe emitted file "chunks/description33.js.gz" overwrites a previously emitted file of the same name.
[2m[WebServer] [22mThe emitted file "chunks/description32.js.gz" overwrites a previously emitted file of the same name.
[2m[WebServer] [22mThe emitted file "chunks/description37.js.gz" overwrites a previously emitted file of the same name.
[2m[WebServer] [22mThe emitted file "chunks/description36.js.gz" overwrites a previously emitted file of the same name.
[2m[WebServer] [22mThe emitted file "chunks/description39.js.gz" overwrites a previously emitted file of the same name.
[2m[WebServer] [22mThe emitted file "chunks/description41.js.gz" overwrites a previously emitted file of the same name.
[2m[WebServer] [22mThe emitted file "chunks/description38.js.gz" overwrites a previously emitted file of the same name.
[2m[WebServer] [22mThe emitted file "chunks/description40.js.gz" overwrites a previously emitted file of the same name.
[2m[WebServer] [22mThe emitted file "chunks/description43.js.gz" overwrites a previously emitted file of the same name.
[2m[WebServer] [22mThe emitted file "chunks/description42.js.gz" overwrites a previously emitted file of the same name.
[2m[WebServer] [22mThe emitted file "chunks/description46.js.gz" overwrites a previously emitted file of the same name.
[2m[WebServer] [22mThe emitted file "chunks/description44.js.gz" overwrites a previously emitted file of the same name.
[2m[WebServer] [22mThe emitted file "chunks/description47.js.gz" overwrites a previously emitted file of the same name.
[2m[WebServer] [22mThe emitted file "chunks/description48.js.gz" overwrites a previously emitted file of the same name.
[2m[WebServer] [22mThe emitted file "chunks/description45.js.gz" overwrites a previously emitted file of the same name.
[2m[WebServer] [22mThe emitted file "chunks/description50.js.gz" overwrites a previously emitted file of the same name.
[2m[WebServer] [22mThe emitted file "chunks/description51.js.gz" overwrites a previously emitted file of the same name.
[2m[WebServer] [22mThe emitted file "chunks/description49.js.gz" overwrites a previously emitted file of the same name.
[2m[WebServer] [22mThe emitted file "chunks/description52.js.gz" overwrites a previously emitted file of the same name.
[2m[WebServer] [22mThe emitted file "chunks/description55.js.gz" overwrites a previously emitted file of the same name.
[2m[WebServer] [22mThe emitted file "chunks/description53.js.gz" overwrites a previously emitted file of the same name.
[2m[WebServer] [22mThe emitted file "chunks/description54.js.gz" overwrites a previously emitted file of the same name.
[2m[WebServer] [22mThe emitted file "chunks/description57.js.gz" overwrites a previously emitted file of the same name.
[2m[WebServer] [22mThe emitted file "chunks/description56.js.gz" overwrites a previously emitted file of the same name.
[2m[WebServer] [22mThe emitted file "chunks/description58.js.gz" overwrites a previously emitted file of the same name.
[2m[WebServer] [22mThe emitted file "chunks/description59.js.gz" overwrites a previously emitted file of the same name.
[2m[WebServer] [22mThe emitted file "chunks/description60.js.gz" overwrites a previously emitted file of the same name.
[2m[WebServer] [22mThe emitted file "chunks/description61.js.gz" overwrites a previously emitted file of the same name.
[2m[WebServer] [22mThe emitted file "chunks/description62.js.gz" overwrites a previously emitted file of the same name.
[2m[WebServer] [22mThe emitted file "chunks/description63.js.gz" overwrites a previously emitted file of the same name.
[2m[WebServer] [22mThe emitted file "chunks/description65.js.gz" overwrites a previously emitted file of the same name.
[2m[WebServer] [22mThe emitted file "chunks/description66.js.gz" overwrites a previously emitted file of the same name.
[2m[WebServer] [22mThe emitted file "chunks/description64.js.gz" overwrites a previously emitted file of the same name.
[2m[WebServer] [22mThe emitted file "chunks/description67.js.gz" overwrites a previously emitted file of the same name.
[2m[WebServer] [22mThe emitted file "chunks/description68.js.gz" overwrites a previously emitted file of the same name.
[2m[WebServer] [22mThe emitted file "chunks/description69.js.gz" overwrites a previously emitted file of the same name.
[2m[WebServer] [22mThe emitted file "chunks/description71.js.gz" overwrites a previously emitted file of the same name.
[2m[WebServer] [22mThe emitted file "chunks/description70.js.gz" overwrites a previously emitted file of the same name.
[2m[WebServer] [22mThe emitted file "chunks/description73.js.gz" overwrites a previously emitted file of the same name.
[2m[WebServer] [22mThe emitted file "chunks/description72.js.gz" overwrites a previously emitted file of the same name.
[2m[WebServer] [22mThe emitted file "chunks/description74.js.gz" overwrites a previously emitted file of the same name.
[2m[WebServer] [22mThe emitted file "chunks/description75.js.gz" overwrites a previously emitted file of the same name.
[2m[WebServer] [22mThe emitted file "chunks/description76.js.gz" overwrites a previously emitted file of the same name.
[2m[WebServer] [22mThe emitted file "chunks/description78.js.gz" overwrites a previously emitted file of the same name.
[2m[WebServer] [22mThe emitted file "chunks/description79.js.gz" overwrites a previously emitted file of the same name.
[2m[WebServer] [22mThe emitted file "chunks/description80.js.gz" overwrites a previously emitted file of the same name.
[2m[WebServer] [22mThe emitted file "chunks/test_pulse_counter.js.gz" overwrites a previously emitted file of the same name.
[2m[WebServer] [22mThe emitted file "chunks/description77.js.gz" overwrites a previously emitted file of the same name.
[2m[WebServer] [22mThe emitted file "chunks/test_reg_en.js.gz" overwrites a previously emitted file of the same name.
[2m[WebServer] [22mThe emitted file "chunks/test_adder.js.gz" overwrites a previously emitted file of the same name.
[2m[WebServer] [22mThe emitted file "chunks/adder_tb.js.gz" overwrites a previously emitted file of the same name.
[2m[WebServer] [22mThe emitted file "chunks/priority_enc.js.gz" overwrites a previously emitted file of the same name.
[2m[WebServer] [22mThe emitted file "chunks/priority_enc_tb.js.gz" overwrites a previously emitted file of the same name.
[2m[WebServer] [22mThe emitted file "chunks/lowering_tb.js.gz" overwrites a previously emitted file of the same name.
[2m[WebServer] [22mThe emitted file "chunks/lowering.js.gz" overwrites a previously emitted file of the same name.
[2m[WebServer] [22mThe emitted file "chunks/sram_core.js.gz" overwrites a previously emitted file of the same name.
[2m[WebServer] [22mThe emitted file "chunks/sram_core2.js.gz" overwrites a previously emitted file of the same name.
[2m[WebServer] [22mThe emitted file "chunks/sram_core_tb.js.gz" overwrites a previously emitted file of the same name.
[2m[WebServer] [22mThe emitted file "chunks/tb4.js.gz" overwrites a previously emitted file of the same name.
[2m[WebServer] [22mThe emitted file "chunks/mem_item.js.gz" overwrites a previously emitted file of the same name.
[2m[WebServer] [22mThe emitted file "chunks/description2.js.br" overwrites a previously emitted file of the same name.
[2m[WebServer] [22mThe emitted file "chunks/description.js.br" overwrites a previously emitted file of the same name.
[2m[WebServer] [22mThe emitted file "chunks/description3.js.br" overwrites a previously emitted file of the same name.
[2m[WebServer] [22mThe emitted file "chunks/description4.js.br" overwrites a previously emitted file of the same name.
[2m[WebServer] [22mThe emitted file "chunks/description5.js.br" overwrites a previously emitted file of the same name.
[2m[WebServer] [22mThe emitted file "chunks/description6.js.br" overwrites a previously emitted file of the same name.
[2m[WebServer] [22mThe emitted file "chunks/description7.js.br" overwrites a previously emitted file of the same name.
[2m[WebServer] [22mThe emitted file "chunks/description8.js.br" overwrites a previously emitted file of the same name.
[2m[WebServer] [22mThe emitted file "entries/pages/lesson/_part_/_name_/_page.svelte.js.br" overwrites a previously emitted file of the same name.
[2m[WebServer] [22mThe emitted file "chunks/description9.js.br" overwrites a previously emitted file of the same name.
[2m[WebServer] [22mThe emitted file "chunks/description10.js.br" overwrites a previously emitted file of the same name.
[2m[WebServer] [22mThe emitted file "chunks/description11.js.br" overwrites a previously emitted file of the same name.
[2m[WebServer] [22mThe emitted file "chunks/description13.js.br" overwrites a previously emitted file of the same name.
[2m[WebServer] [22mThe emitted file "chunks/description14.js.br" overwrites a previously emitted file of the same name.
[2m[WebServer] [22mThe emitted file "chunks/description15.js.br" overwrites a previously emitted file of the same name.
[2m[WebServer] [22mThe emitted file "chunks/description16.js.br" overwrites a previously emitted file of the same name.
[2m[WebServer] [22mThe emitted file "chunks/description17.js.br" overwrites a previously emitted file of the same name.
[2m[WebServer] [22mThe emitted file "entries/pages/_layout.svelte.js.br" overwrites a previously emitted file of the same name.
[2m[WebServer] [22mThe emitted file "chunks/description18.js.br" overwrites a previously emitted file of the same name.
[2m[WebServer] [22mThe emitted file "chunks/description20.js.br" overwrites a previously emitted file of the same name.
[2m[WebServer] [22mThe emitted file "chunks/description12.js.br" overwrites a previously emitted file of the same name.
[2m[WebServer] [22mThe emitted file "chunks/description22.js.br" overwrites a previously emitted file of the same name.
[2m[WebServer] [22mThe emitted file "chunks/description21.js.br" overwrites a previously emitted file of the same name.
[2m[WebServer] [22mThe emitted file "chunks/description19.js.br" overwrites a previously emitted file of the same name.
[2m[WebServer] [22mThe emitted file "chunks/description26.js.br" overwrites a previously emitted file of the same name.
[2m[WebServer] [22mThe emitted file "chunks/description25.js.br" overwrites a previously emitted file of the same name.
[2m[WebServer] [22mThe emitted file "chunks/description27.js.br" overwrites a previously emitted file of the same name.
[2m[WebServer] [22mThe emitted file "chunks/description29.js.br" overwrites a previously emitted file of the same name.
[2m[WebServer] [22mThe emitted file "chunks/description23.js.br" overwrites a previously emitted file of the same name.
[2m[WebServer] [22mThe emitted file "chunks/description28.js.br" overwrites a previously emitted file of the same name.
[2m[WebServer] [22mThe emitted file "chunks/description31.js.br" overwrites a previously emitted file of the same name.
[2m[WebServer] [22mThe emitted file "chunks/description34.js.br" overwrites a previously emitted file of the same name.
[2m[WebServer] [22mThe emitted file "chunks/description33.js.br" overwrites a previously emitted file of the same name.
[2m[WebServer] [22mThe emitted file "chunks/description30.js.br" overwrites a previously emitted file of the same name.
[2m[WebServer] [22mThe emitted file "chunks/description37.js.br" overwrites a previously emitted file of the same name.
[2m[WebServer] [22mThe emitted file "chunks/description32.js.br" overwrites a previously emitted file of the same name.
[2m[WebServer] [22mThe emitted file "chunks/description41.js.br" overwrites a previously emitted file of the same name.
[2m[WebServer] [22mThe emitted file "chunks/description39.js.br" overwrites a previously emitted file of the same name.
[2m[WebServer] [22mThe emitted file "chunks/description36.js.br" overwrites a previously emitted file of the same name.
[2m[WebServer] [22mThe emitted file "chunks/description40.js.br" overwrites a previously emitted file of the same name.
[2m[WebServer] [22mThe emitted file "chunks/description43.js.br" overwrites a previously emitted file of the same name.
[2m[WebServer] [22mThe emitted file "chunks/description38.js.br" overwrites a previously emitted file of the same name.
[2m[WebServer] [22mThe emitted file "chunks/description46.js.br" overwrites a previously emitted file of the same name.
[2m[WebServer] [22mThe emitted file "chunks/description42.js.br" overwrites a previously emitted file of the same name.
[2m[WebServer] [22mThe emitted file "chunks/description47.js.br" overwrites a previously emitted file of the same name.
[2m[WebServer] [22mThe emitted file "chunks/description44.js.br" overwrites a previously emitted file of the same name.
[2m[WebServer] [22mThe emitted file "chunks/description48.js.br" overwrites a previously emitted file of the same name.
[2m[WebServer] [22mThe emitted file "chunks/description45.js.br" overwrites a previously emitted file of the same name.
[2m[WebServer] [22mThe emitted file "chunks/description50.js.br" overwrites a previously emitted file of the same name.
[2m[WebServer] [22mThe emitted file "chunks/description51.js.br" overwrites a previously emitted file of the same name.
[2m[WebServer] [22mThe emitted file "chunks/description49.js.br" overwrites a previously emitted file of the same name.
[2m[WebServer] [22mThe emitted file "chunks/description52.js.br" overwrites a previously emitted file of the same name.
[2m[WebServer] [22mThe emitted file "chunks/description55.js.br" overwrites a previously emitted file of the same name.
[2m[WebServer] [22mThe emitted file "chunks/description54.js.br" overwrites a previously emitted file of the same name.
[2m[WebServer] [22mThe emitted file "chunks/index.js.br" overwrites a previously emitted file of the same name.
[2m[WebServer] [22mThe emitted file "chunks/description57.js.br" overwrites a previously emitted file of the same name.
[2m[WebServer] [22mThe emitted file "chunks/description53.js.br" overwrites a previously emitted file of the same name.
[2m[WebServer] [22mThe emitted file "chunks/description56.js.br" overwrites a previously emitted file of the same name.
[2m[WebServer] [22mThe emitted file "chunks/description59.js.br" overwrites a previously emitted file of the same name.
[2m[WebServer] [22mThe emitted file "chunks/description60.js.br" overwrites a previously emitted file of the same name.
[2m[WebServer] [22mThe emitted file "chunks/description58.js.br" overwrites a previously emitted file of the same name.
[2m[WebServer] [22mThe emitted file "chunks/description62.js.br" overwrites a previously emitted file of the same name.
[2m[WebServer] [22mThe emitted file "chunks/description65.js.br" overwrites a previously emitted file of the same name.
[2m[WebServer] [22mThe emitted file "chunks/description61.js.br" overwrites a previously emitted file of the same name.
[2m[WebServer] [22mThe emitted file "chunks/description66.js.br" overwrites a previously emitted file of the same name.
[2m[WebServer] [22mThe emitted file "chunks/description63.js.br" overwrites a previously emitted file of the same name.
[2m[WebServer] [22mThe emitted file "chunks/description64.js.br" overwrites a previously emitted file of the same name.
[2m[WebServer] [22mThe emitted file "chunks/description67.js.br" overwrites a previously emitted file of the same name.
[2m[WebServer] [22mThe emitted file "chunks/description68.js.br" overwrites a previously emitted file of the same name.
[2m[WebServer] [22mThe emitted file "chunks/description69.js.br" overwrites a previously emitted file of the same name.
[2m[WebServer] [22mThe emitted file "chunks/description71.js.br" overwrites a previously emitted file of the same name.
[2m[WebServer] [22mThe emitted file "chunks/description70.js.br" overwrites a previously emitted file of the same name.
[2m[WebServer] [22mThe emitted file "chunks/description73.js.br" overwrites a previously emitted file of the same name.
[2m[WebServer] [22mThe emitted file "chunks/description72.js.br" overwrites a previously emitted file of the same name.
[2m[WebServer] [22mThe emitted file "chunks/description74.js.br" overwrites a previously emitted file of the same name.
[2m[WebServer] [22mThe emitted file "chunks/description75.js.br" overwrites a previously emitted file of the same name.
[2m[WebServer] [22mThe emitted file "chunks/description76.js.br" overwrites a previously emitted file of the same name.
[2m[WebServer] [22mThe emitted file "chunks/description80.js.br" overwrites a previously emitted file of the same name.
[2m[WebServer] [22mThe emitted file "chunks/description79.js.br" overwrites a previously emitted file of the same name.
[2m[WebServer] [22mThe emitted file "chunks/description78.js.br" overwrites a previously emitted file of the same name.
[2m[WebServer] [22mThe emitted file "chunks/test_pulse_counter.js.br" overwrites a previously emitted file of the same name.
[2m[WebServer] [22mThe emitted file "chunks/test_reg_en.js.br" overwrites a previously emitted file of the same name.
[2m[WebServer] [22mThe emitted file "chunks/test_adder.js.br" overwrites a previously emitted file of the same name.
[2m[WebServer] [22mThe emitted file "chunks/adder_tb.js.br" overwrites a previously emitted file of the same name.
[2m[WebServer] [22mThe emitted file "chunks/priority_enc.js.br" overwrites a previously emitted file of the same name.
[2m[WebServer] [22mThe emitted file "chunks/priority_enc_tb.js.br" overwrites a previously emitted file of the same name.
[2m[WebServer] [22mThe emitted file "chunks/lowering_tb.js.br" overwrites a previously emitted file of the same name.
[2m[WebServer] [22mThe emitted file "chunks/sram_core.js.br" overwrites a previously emitted file of the same name.
[2m[WebServer] [22mThe emitted file "chunks/description77.js.br" overwrites a previously emitted file of the same name.
[2m[WebServer] [22mThe emitted file "chunks/sram_core2.js.br" overwrites a previously emitted file of the same name.
[2m[WebServer] [22mThe emitted file "chunks/lowering.js.br" overwrites a previously emitted file of the same name.
[2m[WebServer] [22mThe emitted file "chunks/tb4.js.br" overwrites a previously emitted file of the same name.
[2m[WebServer] [22mThe emitted file "chunks/sram_core_tb.js.br" overwrites a previously emitted file of the same name.
[2m[WebServer] [22mThe emitted file "chunks/tb5.js.gz" overwrites a previously emitted file of the same name.
[2m[WebServer] [22mThe emitted file "chunks/data_types.js.gz" overwrites a previously emitted file of the same name.
[2m[WebServer] [22mThe emitted file "chunks/tb6.js.gz" overwrites a previously emitted file of the same name.
[2m[WebServer] [22mThe emitted file "chunks/event_sync.js.gz" overwrites a previously emitted file of the same name.
[2m[WebServer] [22mThe emitted file "chunks/framework-vendor.js.gz" overwrites a previously emitted file of the same name.
[2m[WebServer] [22mThe emitted file "chunks/concurrent.js.gz" overwrites a previously emitted file of the same name.
[2m[WebServer] [22mThe emitted file "chunks/mem_ctrl.js.gz" overwrites a previously emitted file of the same name.
[2m[WebServer] [22mThe emitted file "chunks/tb7.js.gz" overwrites a previously emitted file of the same name.
[2m[WebServer] [22mThe emitted file "chunks/tb12.js.gz" overwrites a previously emitted file of the same name.
[2m[WebServer] [22mThe emitted file "chunks/addr_buf.js.gz" overwrites a previously emitted file of the same name.
[2m[WebServer] [22mThe emitted file "chunks/rand_txn.js.gz" overwrites a previously emitted file of the same name.
[2m[WebServer] [22mThe emitted file "chunks/tb13.js.gz" overwrites a previously emitted file of the same name.
[2m[WebServer] [22mThe emitted file "chunks/top2.js.gz" overwrites a previously emitted file of the same name.
[2m[WebServer] [22mThe emitted file "chunks/tb14.js.gz" overwrites a previously emitted file of the same name.
[2m[WebServer] [22mThe emitted file "chunks/lock_check.js.gz" overwrites a previously emitted file of the same name.
[2m[WebServer] [22mThe emitted file "chunks/sram_check.js.gz" overwrites a previously emitted file of the same name.
[2m[WebServer] [22mThe emitted file "chunks/mem_test.js.gz" overwrites a previously emitted file of the same name.
[2m[WebServer] [22mThe emitted file "chunks/mem_scoreboard.js.gz" overwrites a previously emitted file of the same name.
[2m[WebServer] [22mThe emitted file "chunks/mem_scoreboard2.js.gz" overwrites a previously emitted file of the same name.
[2m[WebServer] [22mThe emitted file "chunks/mem_coverage3.js.gz" overwrites a previously emitted file of the same name.
[2m[WebServer] [22mThe emitted file "chunks/mem_scoreboard3.js.gz" overwrites a previously emitted file of the same name.
[2m[WebServer] [22mThe emitted file "chunks/mem_seq3.js.gz" overwrites a previously emitted file of the same name.
[2m[WebServer] [22mThe emitted file "chunks/mem_driver4.js.gz" overwrites a previously emitted file of the same name.
[2m[WebServer] [22mThe emitted file "chunks/tb_top5.js.gz" overwrites a previously emitted file of the same name.
[2m[WebServer] [22mThe emitted file "chunks/mem_scoreboard4.js.gz" overwrites a previously emitted file of the same name.
[2m[WebServer] [22mThe emitted file "chunks/mem_scoreboard5.js.gz" overwrites a previously emitted file of the same name.
[2m[WebServer] [22mThe emitted file "chunks/mem_test_corner.js.gz" overwrites a previously emitted file of the same name.
[2m[WebServer] [22mThe emitted file "chunks/tb_top8.js.gz" overwrites a previously emitted file of the same name.
[2m[WebServer] [22mThe emitted file "chunks/sram_reg_block.js.gz" overwrites a previously emitted file of the same name.
[2m[WebServer] [22mThe emitted file "chunks/tb_top11.js.gz" overwrites a previously emitted file of the same name.
[2m[WebServer] [22mThe emitted file "chunks/tb_top12.js.gz" overwrites a previously emitted file of the same name.
[2m[WebServer] [22mThe emitted file "chunks/sram_core.sol.js.gz" overwrites a previously emitted file of the same name.
[2m[WebServer] [22mThe emitted file "chunks/data_types.sol.js.gz" overwrites a previously emitted file of the same name.
[2m[WebServer] [22mThe emitted file "chunks/tb.sol.js.gz" overwrites a previously emitted file of the same name.
[2m[WebServer] [22mThe emitted file "chunks/mem_ctrl.sol.js.gz" overwrites a previously emitted file of the same name.
[2m[WebServer] [22mThe emitted file "chunks/mem_test_corner.sol.js.gz" overwrites a previously emitted file of the same name.
[2m[WebServer] [22mThe emitted file "chunks/mem_test.sol.js.gz" overwrites a previously emitted file of the same name.
[2m[WebServer] [22mThe emitted file "chunks/mem_scoreboard.sol.js.gz" overwrites a previously emitted file of the same name.
[2m[WebServer] [22mThe emitted file "chunks/mem_coverage.sol2.js.gz" overwrites a previously emitted file of the same name.
[2m[WebServer] [22mThe emitted file "_app/immutable/assets/_layout.pyACZoIW.css.gz" overwrites a previously emitted file of the same name.
[2m[WebServer] [22mThe emitted file "chunks/mem_item.js.br" overwrites a previously emitted file of the same name.
[2m[WebServer] [22mThe emitted file "chunks/tb6.js.br" overwrites a previously emitted file of the same name.
[2m[WebServer] [22mThe emitted file "chunks/data_types.js.br" overwrites a previously emitted file of the same name.
[2m[WebServer] [22mThe emitted file "chunks/tb5.js.br" overwrites a previously emitted file of the same name.
[2m[WebServer] [22mThe emitted file "chunks/event_sync.js.br" overwrites a previously emitted file of the same name.
[2m[WebServer] [22mThe emitted file "chunks/mem_ctrl.js.br" overwrites a previously emitted file of the same name.
[2m[WebServer] [22mThe emitted file "chunks/concurrent.js.br" overwrites a previously emitted file of the same name.
[2m[WebServer] [22mThe emitted file "chunks/tb7.js.br" overwrites a previously emitted file of the same name.
[2m[WebServer] [22mThe emitted file "chunks/tb12.js.br" overwrites a previously emitted file of the same name.
[2m[WebServer] [22mThe emitted file "chunks/addr_buf.js.br" overwrites a previously emitted file of the same name.
[2m[WebServer] [22mThe emitted file "chunks/rand_txn.js.br" overwrites a previously emitted file of the same name.
[2m[WebServer] [22mThe emitted file "chunks/tb13.js.br" overwrites a previously emitted file of the same name.
[2m[WebServer] [22mThe emitted file "chunks/top2.js.br" overwrites a previously emitted file of the same name.
[2m[WebServer] [22mThe emitted file "chunks/tb14.js.br" overwrites a previously emitted file of the same name.
[2m[WebServer] [22mThe emitted file "chunks/lock_check.js.br" overwrites a previously emitted file of the same name.
[2m[WebServer] [22mThe emitted file "chunks/sram_check.js.br" overwrites a previously emitted file of the same name.
[2m[WebServer] [22mThe emitted file "chunks/mem_scoreboard.js.br" overwrites a previously emitted file of the same name.
[2m[WebServer] [22mThe emitted file "chunks/mem_test.js.br" overwrites a previously emitted file of the same name.
[2m[WebServer] [22mThe emitted file "chunks/mem_scoreboard2.js.br" overwrites a previously emitted file of the same name.
[2m[WebServer] [22mThe emitted file "chunks/mem_coverage3.js.br" overwrites a previously emitted file of the same name.
[2m[WebServer] [22mThe emitted file "chunks/mem_scoreboard3.js.br" overwrites a previously emitted file of the same name.
[2m[WebServer] [22mThe emitted file "chunks/mem_seq3.js.br" overwrites a previously emitted file of the same name.
[2m[WebServer] [22mThe emitted file "chunks/mem_driver4.js.br" overwrites a previously emitted file of the same name.
[2m[WebServer] [22mThe emitted file "chunks/tb_top5.js.br" overwrites a previously emitted file of the same name.
[2m[WebServer] [22mThe emitted file "chunks/mem_scoreboard4.js.br" overwrites a previously emitted file of the same name.
[2m[WebServer] [22mThe emitted file "chunks/mem_scoreboard5.js.br" overwrites a previously emitted file of the same name.
[2m[WebServer] [22mThe emitted file "chunks/mem_test_corner.js.br" overwrites a previously emitted file of the same name.
[2m[WebServer] [22mThe emitted file "chunks/tb_top8.js.br" overwrites a previously emitted file of the same name.
[2m[WebServer] [22mThe emitted file "chunks/sram_reg_block.js.br" overwrites a previously emitted file of the same name.
[2m[WebServer] [22mThe emitted file "chunks/tb_top12.js.br" overwrites a previously emitted file of the same name.
[2m[WebServer] [22mThe emitted file "chunks/tb_top11.js.br" overwrites a previously emitted file of the same name.
[2m[WebServer] [22mThe emitted file "chunks/sram_core.sol.js.br" overwrites a previously emitted file of the same name.
[2m[WebServer] [22mThe emitted file "chunks/data_types.sol.js.br" overwrites a previously emitted file of the same name.
[2m[WebServer] [22mThe emitted file "chunks/mem_ctrl.sol.js.br" overwrites a previously emitted file of the same name.
[2m[WebServer] [22mThe emitted file "chunks/tb.sol.js.br" overwrites a previously emitted file of the same name.
[2m[WebServer] [22mThe emitted file "chunks/mem_test_corner.sol.js.br" overwrites a previously emitted file of the same name.
[2m[WebServer] [22mThe emitted file "chunks/mem_scoreboard.sol.js.br" overwrites a previously emitted file of the same name.
[2m[WebServer] [22mThe emitted file "chunks/mem_test.sol.js.br" overwrites a previously emitted file of the same name.
[2m[WebServer] [22mThe emitted file "chunks/mem_coverage.sol2.js.br" overwrites a previously emitted file of the same name.
[2m[WebServer] [22mThe emitted file "z3/z3-built.js.gz" overwrites a previously emitted file of the same name.
[2m[WebServer] [22mThe emitted file "_app/immutable/assets/_layout.pyACZoIW.css.br" overwrites a previously emitted file of the same name.
[2m[WebServer] [22mThe emitted file "chunks/framework-vendor.js.br" overwrites a previously emitted file of the same name.
[2m[WebServer] [22mThe emitted file "z3/z3-built.js.br" overwrites a previously emitted file of the same name.
[2m[WebServer] [22m(node:72179) Warning: The 'NO_COLOR' env is ignored due to the 'FORCE_COLOR' env being set.
[2m[WebServer] [22m(Use `node --trace-warnings ...` to show where the warning was created)
[2m[WebServer] [22m9:59:48 AM [vite-plugin-svelte] src/routes/lesson/[part]/[name]/+page.svelte:565:10 `<div>` with a click handler must have an ARIA role
[2m[WebServer] [22mhttps://svelte.dev/e/a11y_no_static_element_interactions
[2m[WebServer] [22m563:         {#if showOptions}
[2m[WebServer] [22m564:           <!-- svelte-ignore a11y_click_events_have_key_events a11y_no_static_element_interactions -->
[2m[WebServer] [22m565:           <div class="fixed inset-0 z-40" onclick={() => (showOptions = false)}></div>
[2m[WebServer] [22m                                                                                           ^
[2m[WebServer] [22m566:           <div class="absolute right-0 top-[calc(100%+0.4rem)] z-50 bg-surface border border-border rounded-[12px] shadow-app p-2 flex flex-col min-w-[160px]">
[2m[WebServer] [22m567:             {#if hasSolution}
[2m[WebServer] [22m9:59:48 AM [vite-plugin-svelte] src/routes/lesson/[part]/[name]/+page.svelte:876:2 `<div>` with a click handler must have an ARIA role
[2m[WebServer] [22mhttps://svelte.dev/e/a11y_no_static_element_interactions
[2m[WebServer] [22m874: {#if showCopyModal}
[2m[WebServer] [22m875:   <!-- svelte-ignore a11y_click_events_have_key_events a11y_no_static_element_interactions -->
[2m[WebServer] [22m876:   <div class="fixed inset-0 bg-black/50 flex items-center justify-center z-50"
[2m[WebServer] [22m             ^
[2m[WebServer] [22m877:        onclick={(e) => e.target === e.currentTarget && onCopyModalOk()}>
[2m[WebServer] [22m878:     <div role="dialog" aria-modal="true" aria-labelledby="copy-modal-title"
[2m[WebServer] [22m9:59:48 AM [vite-plugin-svelte] src/routes/lesson/[part]/[name]/+page.svelte:878:4 Elements with the 'dialog' interactive role must have a tabindex value
[2m[WebServer] [22mhttps://svelte.dev/e/a11y_interactive_supports_focus
[2m[WebServer] [22m876:   <div class="fixed inset-0 bg-black/50 flex items-center justify-center z-50"
[2m[WebServer] [22m877:        onclick={(e) => e.target === e.currentTarget && onCopyModalOk()}>
[2m[WebServer] [22m878:     <div role="dialog" aria-modal="true" aria-labelledby="copy-modal-title"
[2m[WebServer] [22m               ^
[2m[WebServer] [22m879:          onkeydown={onCopyModalKeydown}
[2m[WebServer] [22m880:          class="bg-surface rounded-[14px] shadow-xl p-8 max-w-[440px] mx-4 flex flex-col gap-4 border border-border">
[2m[WebServer] [22m9:59:48 AM [vite-plugin-svelte] src/routes/lesson/[part]/[name]/+page.svelte:891:8 Avoid using autofocus
[2m[WebServer] [22mhttps://svelte.dev/e/a11y_autofocus
[2m[WebServer] [22m889:       </label>
[2m[WebServer] [22m890:       <button
[2m[WebServer] [22m891:         autofocus
[2m[WebServer] [22m                      ^
[2m[WebServer] [22m892:         onclick={onCopyModalOk}
[2m[WebServer] [22m893:         class="self-start px-6 py-[0.45rem] bg-teal text-white rounded-[8px] font-medium text-[0.9rem] hover:opacity-90 transition-opacity"
[2m[WebServer] [22mThe emitted file "_app/immutable/chunks/Ct5FWWRu.js.gz" overwrites a previously emitted file of the same name.
[2m[WebServer] [22mThe emitted file "_app/immutable/chunks/ZbvBbQ3O.js.gz" overwrites a previously emitted file of the same name.
[2m[WebServer] [22mThe emitted file "_app/immutable/chunks/BvSt-6Mz.js.gz" overwrites a previously emitted file of the same name.
[2m[WebServer] [22mThe emitted file "_app/immutable/chunks/BTilRXZg.js.gz" overwrites a previously emitted file of the same name.
[2m[WebServer] [22mThe emitted file "_app/immutable/chunks/DUbITrbG.js.gz" overwrites a previously emitted file of the same name.
[2m[WebServer] [22mThe emitted file "_app/immutable/chunks/BOY5xtYv.js.gz" overwrites a previously emitted file of the same name.
[2m[WebServer] [22mThe emitted file "_app/immutable/chunks/DOdMThWa.js.gz" overwrites a previously emitted file of the same name.
[2m[WebServer] [22mThe emitted file "_app/immutable/chunks/DpDI9UhS.js.gz" overwrites a previously emitted file of the same name.
[2m[WebServer] [22mThe emitted file "_app/immutable/chunks/BxM6mpEs.js.gz" overwrites a previously emitted file of the same name.
[2m[WebServer] [22mThe emitted file "_app/immutable/chunks/NnL-VVZl.js.gz" overwrites a previously emitted file of the same name.
[2m[WebServer] [22mThe emitted file "_app/immutable/assets/0.pyACZoIW.css.gz" overwrites a previously emitted file of the same name.
[2m[WebServer] [22mThe emitted file "_app/immutable/chunks/DG0B7RDJ.js.gz" overwrites a previously emitted file of the same name.
[2m[WebServer] [22mThe emitted file "_app/immutable/chunks/C8A-isPA.js.gz" overwrites a previously emitted file of the same name.
[2m[WebServer] [22mThe emitted file "_app/immutable/chunks/C3i4gfUc.js.gz" overwrites a previously emitted file of the same name.
[2m[WebServer] [22mThe emitted file "_app/immutable/chunks/C7I5d7xM.js.gz" overwrites a previously emitted file of the same name.
[2m[WebServer] [22mThe emitted file "_app/immutable/chunks/CCCbPsjI.js.gz" overwrites a previously emitted file of the same name.
[2m[WebServer] [22mThe emitted file "_app/immutable/chunks/CpZmIYs7.js.gz" overwrites a previously emitted file of the same name.
[2m[WebServer] [22mThe emitted file "_app/immutable/chunks/B0GARutp.js.gz" overwrites a previously emitted file of the same name.
[2m[WebServer] [22mThe emitted file "_app/immutable/chunks/0nuWd-tj.js.gz" overwrites a previously emitted file of the same name.
[2m[WebServer] [22mThe emitted file "_app/immutable/chunks/DAw9e1Ef.js.gz" overwrites a previously emitted file of the same name.
[2m[WebServer] [22mThe emitted file "_app/immutable/chunks/D_RaWvT9.js.gz" overwrites a previously emitted file of the same name.
[2m[WebServer] [22mThe emitted file "_app/immutable/chunks/ETCOPTPi.js.gz" overwrites a previously emitted file of the same name.
[2m[WebServer] [22mThe emitted file "_app/immutable/chunks/Do8kS4Ss.js.gz" overwrites a previously emitted file of the same name.
[2m[WebServer] [22mThe emitted file "_app/immutable/chunks/C3uHNFVB.js.gz" overwrites a previously emitted file of the same name.
[2m[WebServer] [22mThe emitted file "_app/immutable/chunks/ChUK8phx.js.gz" overwrites a previously emitted file of the same name.
[2m[WebServer] [22mThe emitted file "_app/immutable/chunks/BzRd9zu8.js.gz" overwrites a previously emitted file of the same name.
[2m[WebServer] [22mThe emitted file "_app/immutable/chunks/5xUgoJn8.js.gz" overwrites a previously emitted file of the same name.
[2m[WebServer] [22mThe emitted file "_app/immutable/chunks/BeVVrCG2.js.gz" overwrites a previously emitted file of the same name.
[2m[WebServer] [22mThe emitted file "_app/immutable/chunks/y46UC8Pn.js.gz" overwrites a previously emitted file of the same name.
[2m[WebServer] [22mThe emitted file "_app/immutable/chunks/BM-IpmjI.js.gz" overwrites a previously emitted file of the same name.
[2m[WebServer] [22mThe emitted file "_app/immutable/chunks/C_HfVgGI.js.gz" overwrites a previously emitted file of the same name.
[2m[WebServer] [22mThe emitted file "_app/immutable/chunks/2dxtCG1l.js.gz" overwrites a previously emitted file of the same name.
[2m[WebServer] [22mThe emitted file "_app/immutable/chunks/BnznF27I.js.gz" overwrites a previously emitted file of the same name.
[2m[WebServer] [22mThe emitted file "_app/immutable/chunks/DSvT7YWx.js.gz" overwrites a previously emitted file of the same name.
[2m[WebServer] [22mThe emitted file "_app/immutable/chunks/BE2Jg6Wl.js.gz" overwrites a previously emitted file of the same name.
[2m[WebServer] [22mThe emitted file "_app/immutable/chunks/BmemkIm3.js.gz" overwrites a previously emitted file of the same name.
[2m[WebServer] [22mThe emitted file "_app/immutable/chunks/D062ba13.js.gz" overwrites a previously emitted file of the same name.
[2m[WebServer] [22mThe emitted file "_app/immutable/chunks/z8UcepSS.js.gz" overwrites a previously emitted file of the same name.
[2m[WebServer] [22mThe emitted file "_app/immutable/chunks/D_NJHkLG.js.gz" overwrites a previously emitted file of the same name.
[2m[WebServer] [22mThe emitted file "_app/immutable/chunks/Cc-PZjy_.js.gz" overwrites a previously emitted file of the same name.
[2m[WebServer] [22mThe emitted file "_app/immutable/chunks/C0JRc_15.js.gz" overwrites a previously emitted file of the same name.
[2m[WebServer] [22mThe emitted file "_app/immutable/chunks/CzKh0rW_.js.gz" overwrites a previously emitted file of the same name.
[2m[WebServer] [22mThe emitted file "_app/immutable/chunks/Cqy_Hq0G.js.gz" overwrites a previously emitted file of the same name.
[2m[WebServer] [22mThe emitted file "_app/immutable/chunks/aVPsx8Kb.js.gz" overwrites a previously emitted file of the same name.
[2m[WebServer] [22mThe emitted file "_app/immutable/chunks/N3Ue16fn.js.gz" overwrites a previously emitted file of the same name.
[2m[WebServer] [22mThe emitted file "_app/immutable/chunks/BSTtdMK2.js.gz" overwrites a previously emitted file of the same name.
[2m[WebServer] [22mThe emitted file "_app/immutable/chunks/0yqCNIFd.js.gz" overwrites a previously emitted file of the same name.
[2m[WebServer] [22mThe emitted file "_app/immutable/chunks/Xch_uE25.js.gz" overwrites a previously emitted file of the same name.
[2m[WebServer] [22mThe emitted file "_app/immutable/chunks/Bp_p3hTn.js.gz" overwrites a previously emitted file of the same name.
[2m[WebServer] [22mThe emitted file "_app/immutable/chunks/DC9AJd22.js.gz" overwrites a previously emitted file of the same name.
[2m[WebServer] [22mThe emitted file "_app/immutable/chunks/DOidMT9d.js.gz" overwrites a previously emitted file of the same name.
[2m[WebServer] [22mThe emitted file "_app/immutable/chunks/DGJPWKgv.js.gz" overwrites a previously emitted file of the same name.
[2m[WebServer] [22mThe emitted file "_app/immutable/chunks/D6OnJblV.js.gz" overwrites a previously emitted file of the same name.
[2m[WebServer] [22mThe emitted file "_app/immutable/chunks/3acQ_sZZ.js.gz" overwrites a previously emitted file of the same name.
[2m[WebServer] [22mThe emitted file "_app/immutable/chunks/DuXdy0Pu.js.gz" overwrites a previously emitted file of the same name.
[2m[WebServer] [22mThe emitted file "_app/immutable/chunks/DeA2s-Py.js.gz" overwrites a previously emitted file of the same name.
[2m[WebServer] [22mThe emitted file "_app/immutable/chunks/CoKxt7TO.js.gz" overwrites a previously emitted file of the same name.
[2m[WebServer] [22mThe emitted file "_app/immutable/chunks/BwxR0fli.js.gz" overwrites a previously emitted file of the same name.
[2m[WebServer] [22mThe emitted file "_app/immutable/chunks/VXnp_5-S.js.gz" overwrites a previously emitted file of the same name.
[2m[WebServer] [22mThe emitted file "_app/immutable/chunks/CeUx2xKr.js.gz" overwrites a previously emitted file of the same name.
[2m[WebServer] [22mThe emitted file "_app/immutable/chunks/9HIlToB-.js.gz" overwrites a previously emitted file of the same name.
[2m[WebServer] [22mThe emitted file "_app/immutable/chunks/B9oC8oC1.js.gz" overwrites a previously emitted file of the same name.
[2m[WebServer] [22mThe emitted file "_app/immutable/chunks/Borf_y8H.js.gz" overwrites a previously emitted file of the same name.
[2m[WebServer] [22mThe emitted file "_app/immutable/chunks/vxNyBt8e.js.gz" overwrites a previously emitted file of the same name.
[2m[WebServer] [22mThe emitted file "_app/immutable/chunks/Dtsriyy2.js.gz" overwrites a previously emitted file of the same name.
[2m[WebServer] [22mThe emitted file "_app/immutable/chunks/BVmminh2.js.gz" overwrites a previously emitted file of the same name.
[2m[WebServer] [22mThe emitted file "_app/immutable/chunks/raTojPQc.js.gz" overwrites a previously emitted file of the same name.
[2m[WebServer] [22mThe emitted file "_app/immutable/chunks/BJq9eqgV.js.gz" overwrites a previously emitted file of the same name.
[2m[WebServer] [22mThe emitted file "_app/immutable/chunks/B9gDX6R0.js.gz" overwrites a previously emitted file of the same name.
[2m[WebServer] [22mThe emitted file "_app/immutable/chunks/BtHVzm4f.js.gz" overwrites a previously emitted file of the same name.
[2m[WebServer] [22mThe emitted file "_app/immutable/chunks/BuaxE4DJ.js.gz" overwrites a previously emitted file of the same name.
[2m[WebServer] [22mThe emitted file "_app/immutable/chunks/Dg93K7eF.js.gz" overwrites a previously emitted file of the same name.
[2m[WebServer] [22mThe emitted file "_app/immutable/chunks/DW00mYjE.js.gz" overwrites a previously emitted file of the same name.
[2m[WebServer] [22mThe emitted file "_app/immutable/chunks/BOyf7KCJ.js.gz" overwrites a previously emitted file of the same name.
[2m[WebServer] [22mThe emitted file "_app/immutable/chunks/q3_tuMQ0.js.gz" overwrites a previously emitted file of the same name.
[2m[WebServer] [22mThe emitted file "_app/immutable/chunks/_lklEm0r.js.gz" overwrites a previously emitted file of the same name.
[2m[WebServer] [22mThe emitted file "_app/immutable/chunks/CbC4yHhW.js.gz" overwrites a previously emitted file of the same name.
[2m[WebServer] [22mThe emitted file "_app/immutable/chunks/rTwWcpVh.js.gz" overwrites a previously emitted file of the same name.
[2m[WebServer] [22mThe emitted file "_app/immutable/chunks/CHSvqkR4.js.gz" overwrites a previously emitted file of the same name.
[2m[WebServer] [22mThe emitted file "_app/immutable/chunks/tzjMPNbo.js.gz" overwrites a previously emitted file of the same name.
[2m[WebServer] [22mThe emitted file "_app/immutable/chunks/BWwFGwmR.js.gz" overwrites a previously emitted file of the same name.
[2m[WebServer] [22mThe emitted file "_app/immutable/chunks/DDG0WkFX.js.gz" overwrites a previously emitted file of the same name.
[2m[WebServer] [22mThe emitted file "_app/immutable/chunks/DOKwNxAc.js.gz" overwrites a previously emitted file of the same name.
[2m[WebServer] [22mThe emitted file "_app/immutable/chunks/nOWm4ZCj.js.gz" overwrites a previously emitted file of the same name.
[2m[WebServer] [22mThe emitted file "_app/immutable/chunks/CkC2rtOD.js.gz" overwrites a previously emitted file of the same name.
[2m[WebServer] [22mThe emitted file "_app/immutable/chunks/C2StIgra.js.gz" overwrites a previously emitted file of the same name.
[2m[WebServer] [22mThe emitted file "_app/immutable/chunks/BEaHGMdo.js.gz" overwrites a previously emitted file of the same name.
[2m[WebServer] [22mThe emitted file "_app/immutable/chunks/CVaoG6Mm.js.gz" overwrites a previously emitted file of the same name.
[2m[WebServer] [22mThe emitted file "_app/immutable/chunks/wvZzq013.js.gz" overwrites a previously emitted file of the same name.
[2m[WebServer] [22mThe emitted file "_app/immutable/chunks/aSQN9eSz.js.gz" overwrites a previously emitted file of the same name.
[2m[WebServer] [22mThe emitted file "_app/immutable/chunks/BOVawGtj.js.gz" overwrites a previously emitted file of the same name.
[2m[WebServer] [22mThe emitted file "_app/immutable/chunks/ospm93Nu.js.gz" overwrites a previously emitted file of the same name.
[2m[WebServer] [22mThe emitted file "_app/immutable/chunks/CNW6smPz.js.gz" overwrites a previously emitted file of the same name.
[2m[WebServer] [22mThe emitted file "_app/immutable/chunks/Ct5FWWRu.js.br" overwrites a previously emitted file of the same name.
[2m[WebServer] [22mThe emitted file "_app/immutable/chunks/ZbvBbQ3O.js.br" overwrites a previously emitted file of the same name.
[2m[WebServer] [22mThe emitted file "_app/immutable/chunks/BvSt-6Mz.js.br" overwrites a previously emitted file of the same name.
[2m[WebServer] [22mThe emitted file "_app/immutable/chunks/BTilRXZg.js.br" overwrites a previously emitted file of the same name.
[2m[WebServer] [22mThe emitted file "_app/immutable/chunks/DUbITrbG.js.br" overwrites a previously emitted file of the same name.
[2m[WebServer] [22mThe emitted file "_app/immutable/chunks/BOY5xtYv.js.br" overwrites a previously emitted file of the same name.
[2m[WebServer] [22mThe emitted file "_app/immutable/chunks/DOdMThWa.js.br" overwrites a previously emitted file of the same name.
[2m[WebServer] [22mThe emitted file "_app/immutable/chunks/DpDI9UhS.js.br" overwrites a previously emitted file of the same name.
[2m[WebServer] [22mThe emitted file "_app/immutable/chunks/BxM6mpEs.js.br" overwrites a previously emitted file of the same name.
[2m[WebServer] [22mThe emitted file "_app/immutable/chunks/NnL-VVZl.js.br" overwrites a previously emitted file of the same name.
[2m[WebServer] [22mThe emitted file "_app/immutable/chunks/C3i4gfUc.js.br" overwrites a previously emitted file of the same name.
[2m[WebServer] [22mThe emitted file "_app/immutable/chunks/C8A-isPA.js.br" overwrites a previously emitted file of the same name.
[2m[WebServer] [22mThe emitted file "_app/immutable/chunks/DG0B7RDJ.js.br" overwrites a previously emitted file of the same name.
[2m[WebServer] [22mThe emitted file "_app/immutable/chunks/CpZmIYs7.js.br" overwrites a previously emitted file of the same name.
[2m[WebServer] [22mThe emitted file "_app/immutable/chunks/C7I5d7xM.js.br" overwrites a previously emitted file of the same name.
[2m[WebServer] [22mThe emitted file "_app/immutable/chunks/B0GARutp.js.br" overwrites a previously emitted file of the same name.
[2m[WebServer] [22mThe emitted file "_app/immutable/chunks/0nuWd-tj.js.br" overwrites a previously emitted file of the same name.
[2m[WebServer] [22mThe emitted file "_app/immutable/chunks/DAw9e1Ef.js.br" overwrites a previously emitted file of the same name.
[2m[WebServer] [22mThe emitted file "_app/immutable/chunks/CCCbPsjI.js.br" overwrites a previously emitted file of the same name.
[2m[WebServer] [22mThe emitted file "_app/immutable/chunks/ETCOPTPi.js.br" overwrites a previously emitted file of the same name.
[2m[WebServer] [22mThe emitted file "_app/immutable/chunks/D_RaWvT9.js.br" overwrites a previously emitted file of the same name.
[2m[WebServer] [22mThe emitted file "_app/immutable/chunks/Do8kS4Ss.js.br" overwrites a previously emitted file of the same name.
[2m[WebServer] [22mThe emitted file "_app/immutable/chunks/ChUK8phx.js.br" overwrites a previously emitted file of the same name.
[2m[WebServer] [22mThe emitted file "_app/immutable/chunks/C3uHNFVB.js.br" overwrites a previously emitted file of the same name.
[2m[WebServer] [22mThe emitted file "_app/immutable/chunks/BzRd9zu8.js.br" overwrites a previously emitted file of the same name.
[2m[WebServer] [22mThe emitted file "_app/immutable/chunks/5xUgoJn8.js.br" overwrites a previously emitted file of the same name.
[2m[WebServer] [22mThe emitted file "_app/immutable/chunks/y46UC8Pn.js.br" overwrites a previously emitted file of the same name.
[2m[WebServer] [22mThe emitted file "_app/immutable/chunks/BM-IpmjI.js.br" overwrites a previously emitted file of the same name.
[2m[WebServer] [22mThe emitted file "_app/immutable/chunks/BeVVrCG2.js.br" overwrites a previously emitted file of the same name.
[2m[WebServer] [22mThe emitted file "_app/immutable/chunks/2dxtCG1l.js.br" overwrites a previously emitted file of the same name.
[2m[WebServer] [22mThe emitted file "_app/immutable/chunks/BnznF27I.js.br" overwrites a previously emitted file of the same name.
[2m[WebServer] [22mThe emitted file "_app/immutable/chunks/C_HfVgGI.js.br" overwrites a previously emitted file of the same name.
[2m[WebServer] [22mThe emitted file "_app/immutable/chunks/BE2Jg6Wl.js.br" overwrites a previously emitted file of the same name.
[2m[WebServer] [22mThe emitted file "_app/immutable/chunks/DSvT7YWx.js.br" overwrites a previously emitted file of the same name.
[2m[WebServer] [22mThe emitted file "_app/immutable/chunks/BmemkIm3.js.br" overwrites a previously emitted file of the same name.
[2m[WebServer] [22mThe emitted file "_app/immutable/chunks/z8UcepSS.js.br" overwrites a previously emitted file of the same name.
[2m[WebServer] [22mThe emitted file "_app/immutable/chunks/D_NJHkLG.js.br" overwrites a previously emitted file of the same name.
[2m[WebServer] [22mThe emitted file "_app/immutable/chunks/D062ba13.js.br" overwrites a previously emitted file of the same name.
[2m[WebServer] [22mThe emitted file "_app/immutable/chunks/CzKh0rW_.js.br" overwrites a previously emitted file of the same name.
[2m[WebServer] [22mThe emitted file "_app/immutable/chunks/C0JRc_15.js.br" overwrites a previously emitted file of the same name.
[2m[WebServer] [22mThe emitted file "_app/immutable/chunks/Cc-PZjy_.js.br" overwrites a previously emitted file of the same name.
[2m[WebServer] [22mThe emitted file "_app/immutable/chunks/aVPsx8Kb.js.br" overwrites a previously emitted file of the same name.
[2m[WebServer] [22mThe emitted file "_app/immutable/chunks/Cqy_Hq0G.js.br" overwrites a previously emitted file of the same name.
[2m[WebServer] [22mThe emitted file "_app/immutable/chunks/N3Ue16fn.js.br" overwrites a previously emitted file of the same name.
[2m[WebServer] [22mThe emitted file "_app/immutable/chunks/BSTtdMK2.js.br" overwrites a previously emitted file of the same name.
[2m[WebServer] [22mThe emitted file "_app/immutable/chunks/0yqCNIFd.js.br" overwrites a previously emitted file of the same name.
[2m[WebServer] [22mThe emitted file "_app/immutable/chunks/Xch_uE25.js.br" overwrites a previously emitted file of the same name.
[2m[WebServer] [22mThe emitted file "_app/immutable/chunks/Bp_p3hTn.js.br" overwrites a previously emitted file of the same name.
[2m[WebServer] [22mThe emitted file "_app/immutable/chunks/DC9AJd22.js.br" overwrites a previously emitted file of the same name.
[2m[WebServer] [22mThe emitted file "_app/immutable/chunks/DOidMT9d.js.br" overwrites a previously emitted file of the same name.
[2m[WebServer] [22mThe emitted file "_app/immutable/chunks/D6OnJblV.js.br" overwrites a previously emitted file of the same name.
[2m[WebServer] [22mThe emitted file "_app/immutable/chunks/DGJPWKgv.js.br" overwrites a previously emitted file of the same name.
[2m[WebServer] [22mThe emitted file "_app/immutable/assets/0.pyACZoIW.css.br" overwrites a previously emitted file of the same name.
[2m[WebServer] [22mThe emitted file "_app/immutable/chunks/DuXdy0Pu.js.br" overwrites a previously emitted file of the same name.
[2m[WebServer] [22mThe emitted file "_app/immutable/chunks/CoKxt7TO.js.br" overwrites a previously emitted file of the same name.
[2m[WebServer] [22mThe emitted file "_app/immutable/chunks/DeA2s-Py.js.br" overwrites a previously emitted file of the same name.
[2m[WebServer] [22mThe emitted file "_app/immutable/chunks/BwxR0fli.js.br" overwrites a previously emitted file of the same name.
[2m[WebServer] [22mThe emitted file "_app/immutable/chunks/3acQ_sZZ.js.br" overwrites a previously emitted file of the same name.
[2m[WebServer] [22mThe emitted file "_app/immutable/chunks/9HIlToB-.js.br" overwrites a previously emitted file of the same name.
[2m[WebServer] [22mThe emitted file "_app/immutable/chunks/B9oC8oC1.js.br" overwrites a previously emitted file of the same name.
[2m[WebServer] [22mThe emitted file "_app/immutable/chunks/VXnp_5-S.js.br" overwrites a previously emitted file of the same name.
[2m[WebServer] [22mThe emitted file "_app/immutable/chunks/CeUx2xKr.js.br" overwrites a previously emitted file of the same name.
[2m[WebServer] [22mThe emitted file "_app/immutable/chunks/Borf_y8H.js.br" overwrites a previously emitted file of the same name.
[2m[WebServer] [22mThe emitted file "_app/immutable/chunks/vxNyBt8e.js.br" overwrites a previously emitted file of the same name.
[2m[WebServer] [22mThe emitted file "_app/immutable/chunks/Dtsriyy2.js.br" overwrites a previously emitted file of the same name.
[2m[WebServer] [22mThe emitted file "_app/immutable/chunks/raTojPQc.js.br" overwrites a previously emitted file of the same name.
[2m[WebServer] [22mThe emitted file "_app/immutable/chunks/BJq9eqgV.js.br" overwrites a previously emitted file of the same name.
[2m[WebServer] [22mThe emitted file "_app/immutable/chunks/BVmminh2.js.br" overwrites a previously emitted file of the same name.
[2m[WebServer] [22mThe emitted file "_app/immutable/chunks/B9gDX6R0.js.br" overwrites a previously emitted file of the same name.
[2m[WebServer] [22mThe emitted file "_app/immutable/chunks/BtHVzm4f.js.br" overwrites a previously emitted file of the same name.
[2m[WebServer] [22mThe emitted file "_app/immutable/chunks/BuaxE4DJ.js.br" overwrites a previously emitted file of the same name.
[2m[WebServer] [22mThe emitted file "_app/immutable/chunks/Dg93K7eF.js.br" overwrites a previously emitted file of the same name.
[2m[WebServer] [22mThe emitted file "_app/immutable/chunks/DW00mYjE.js.br" overwrites a previously emitted file of the same name.
[2m[WebServer] [22mThe emitted file "_app/immutable/chunks/BOyf7KCJ.js.br" overwrites a previously emitted file of the same name.
[2m[WebServer] [22mThe emitted file "_app/immutable/chunks/q3_tuMQ0.js.br" overwrites a previously emitted file of the same name.
[2m[WebServer] [22mThe emitted file "_app/immutable/chunks/rTwWcpVh.js.br" overwrites a previously emitted file of the same name.
[2m[WebServer] [22mThe emitted file "_app/immutable/chunks/_lklEm0r.js.br" overwrites a previously emitted file of the same name.
[2m[WebServer] [22mThe emitted file "_app/immutable/chunks/CbC4yHhW.js.br" overwrites a previously emitted file of the same name.
[2m[WebServer] [22mThe emitted file "_app/immutable/chunks/tzjMPNbo.js.br" overwrites a previously emitted file of the same name.
[2m[WebServer] [22mThe emitted file "_app/immutable/chunks/BWwFGwmR.js.br" overwrites a previously emitted file of the same name.
[2m[WebServer] [22mThe emitted file "_app/immutable/chunks/DDG0WkFX.js.br" overwrites a previously emitted file of the same name.
[2m[WebServer] [22mThe emitted file "_app/immutable/chunks/nOWm4ZCj.js.br" overwrites a previously emitted file of the same name.
[2m[WebServer] [22mThe emitted file "_app/immutable/chunks/DOKwNxAc.js.br" overwrites a previously emitted file of the same name.
[2m[WebServer] [22mThe emitted file "_app/immutable/chunks/CkC2rtOD.js.br" overwrites a previously emitted file of the same name.
[2m[WebServer] [22mThe emitted file "_app/immutable/chunks/CVaoG6Mm.js.br" overwrites a previously emitted file of the same name.
[2m[WebServer] [22mThe emitted file "_app/immutable/chunks/C2StIgra.js.br" overwrites a previously emitted file of the same name.
[2m[WebServer] [22mThe emitted file "_app/immutable/chunks/CHSvqkR4.js.br" overwrites a previously emitted file of the same name.
[2m[WebServer] [22mThe emitted file "_app/immutable/chunks/BEaHGMdo.js.br" overwrites a previously emitted file of the same name.
[2m[WebServer] [22mThe emitted file "_app/immutable/chunks/aSQN9eSz.js.br" overwrites a previously emitted file of the same name.
[2m[WebServer] [22mThe emitted file "_app/immutable/chunks/wvZzq013.js.br" overwrites a previously emitted file of the same name.
[2m[WebServer] [22mThe emitted file "_app/immutable/chunks/BOVawGtj.js.br" overwrites a previously emitted file of the same name.
[2m[WebServer] [22mThe emitted file "_app/immutable/chunks/ospm93Nu.js.br" overwrites a previously emitted file of the same name.
[2m[WebServer] [22mThe emitted file "_app/immutable/chunks/CNW6smPz.js.br" overwrites a previously emitted file of the same name.
[2m[WebServer] [22mThe emitted file "_app/immutable/chunks/BD0QGgTT.js.gz" overwrites a previously emitted file of the same name.
[2m[WebServer] [22mThe emitted file "_app/immutable/chunks/DKCg7aIG.js.gz" overwrites a previously emitted file of the same name.
[2m[WebServer] [22mThe emitted file "_app/immutable/chunks/NtmcRkx0.js.gz" overwrites a previously emitted file of the same name.
[2m[WebServer] [22mThe emitted file "_app/immutable/chunks/DC8bNOri.js.gz" overwrites a previously emitted file of the same name.
[2m[WebServer] [22mThe emitted file "_app/immutable/chunks/jQWh7PPI.js.gz" overwrites a previously emitted file of the same name.
[2m[WebServer] [22mThe emitted file "_app/immutable/chunks/CyuGRuj5.js.gz" overwrites a previously emitted file of the same name.
[2m[WebServer] [22mThe emitted file "_app/immutable/chunks/DvQQopnT.js.gz" overwrites a previously emitted file of the same name.
[2m[WebServer] [22mThe emitted file "_app/immutable/chunks/C9r51JyP.js.gz" overwrites a previously emitted file of the same name.
[2m[WebServer] [22mThe emitted file "_app/immutable/chunks/B8rG7f7b.js.gz" overwrites a previously emitted file of the same name.
[2m[WebServer] [22mThe emitted file "_app/immutable/chunks/Dgz_d6Tq.js.gz" overwrites a previously emitted file of the same name.
[2m[WebServer] [22mThe emitted file "_app/immutable/chunks/syYxJxYR.js.gz" overwrites a previously emitted file of the same name.
[2m[WebServer] [22mThe emitted file "_app/immutable/chunks/HXKoXZXl.js.gz" overwrites a previously emitted file of the same name.
[2m[WebServer] [22mThe emitted file "_app/immutable/chunks/Ittc3UtS.js.gz" overwrites a previously emitted file of the same name.
[2m[WebServer] [22mThe emitted file "_app/immutable/chunks/B3lKhr2e.js.gz" overwrites a previously emitted file of the same name.
[2m[WebServer] [22mThe emitted file "_app/immutable/chunks/wCmxT7mN.js.gz" overwrites a previously emitted file of the same name.
[2m[WebServer] [22mThe emitted file "_app/immutable/chunks/BJKMLmRX.js.gz" overwrites a previously emitted file of the same name.
[2m[WebServer] [22mThe emitted file "_app/immutable/chunks/DWZl-527.js.gz" overwrites a previously emitted file of the same name.
[2m[WebServer] [22mThe emitted file "_app/immutable/chunks/CXmfRLlX.js.gz" overwrites a previously emitted file of the same name.
[2m[WebServer] [22mThe emitted file "_app/immutable/chunks/JY777Dgl.js.gz" overwrites a previously emitted file of the same name.
[2m[WebServer] [22mThe emitted file "_app/immutable/chunks/DmXFdYGK.js.gz" overwrites a previously emitted file of the same name.
[2m[WebServer] [22mThe emitted file "_app/immutable/chunks/n5PEsawt.js.gz" overwrites a previously emitted file of the same name.
[2m[WebServer] [22mThe emitted file "_app/immutable/chunks/t2zxKrX4.js.gz" overwrites a previously emitted file of the same name.
[2m[WebServer] [22mThe emitted file "_app/immutable/chunks/BDE9gFB-.js.gz" overwrites a previously emitted file of the same name.
[2m[WebServer] [22mThe emitted file "_app/immutable/chunks/BM6HY_3J.js.gz" overwrites a previously emitted file of the same name.
[2m[WebServer] [22mThe emitted file "_app/immutable/chunks/BHGSTKPH.js.gz" overwrites a previously emitted file of the same name.
[2m[WebServer] [22mThe emitted file "_app/immutable/chunks/HGmO3XpX.js.gz" overwrites a previously emitted file of the same name.
[2m[WebServer] [22mThe emitted file "_app/immutable/chunks/CMjh7WxQ.js.gz" overwrites a previously emitted file of the same name.
[2m[WebServer] [22mThe emitted file "_app/immutable/chunks/DbVMJeIJ.js.gz" overwrites a previously emitted file of the same name.
[2m[WebServer] [22mThe emitted file "_app/immutable/chunks/DXm-RA8M.js.gz" overwrites a previously emitted file of the same name.
[2m[WebServer] [22mThe emitted file "_app/immutable/chunks/CoR2O1Iz.js.gz" overwrites a previously emitted file of the same name.
[2m[WebServer] [22mThe emitted file "_app/immutable/chunks/Gf2-aJmM.js.gz" overwrites a previously emitted file of the same name.
[2m[WebServer] [22mThe emitted file "_app/immutable/chunks/B9W2l2EV.js.gz" overwrites a previously emitted file of the same name.
[2m[WebServer] [22mThe emitted file "_app/immutable/chunks/CtPe9Zrg.js.gz" overwrites a previously emitted file of the same name.
[2m[WebServer] [22mThe emitted file "_app/immutable/chunks/Cfi-fjIU.js.gz" overwrites a previously emitted file of the same name.
[2m[WebServer] [22mThe emitted file "_app/immutable/chunks/CD8bcmSu.js.gz" overwrites a previously emitted file of the same name.
[2m[WebServer] [22mThe emitted file "_app/immutable/chunks/a2S2qzfI.js.gz" overwrites a previously emitted file of the same name.
[2m[WebServer] [22mThe emitted file "_app/immutable/chunks/dToVqrmF.js.gz" overwrites a previously emitted file of the same name.
[2m[WebServer] [22mThe emitted file "_app/immutable/chunks/Cpn5qg69.js.gz" overwrites a previously emitted file of the same name.
[2m[WebServer] [22mThe emitted file "_app/immutable/chunks/RNlVoN9-.js.gz" overwrites a previously emitted file of the same name.
[2m[WebServer] [22mThe emitted file "_app/immutable/entry/app.CJjnfC0q.js.gz" overwrites a previously emitted file of the same name.
[2m[WebServer] [22mThe emitted file "_app/immutable/chunks/D4dUfzko.js.gz" overwrites a previously emitted file of the same name.
[2m[WebServer] [22mThe emitted file "_app/immutable/nodes/0.B4XeTbvN.js.gz" overwrites a previously emitted file of the same name.
[2m[WebServer] [22mThe emitted file "_app/immutable/chunks/DKCg7aIG.js.br" overwrites a previously emitted file of the same name.
[2m[WebServer] [22mThe emitted file "_app/immutable/chunks/BD0QGgTT.js.br" overwrites a previously emitted file of the same name.
[2m[WebServer] [22mThe emitted file "_app/immutable/chunks/DC8bNOri.js.br" overwrites a previously emitted file of the same name.
[2m[WebServer] [22mThe emitted file "_app/immutable/chunks/CyuGRuj5.js.br" overwrites a previously emitted file of the same name.
[2m[WebServer] [22mThe emitted file "_app/immutable/chunks/jQWh7PPI.js.br" overwrites a previously emitted file of the same name.
[2m[WebServer] [22mThe emitted file "_app/immutable/chunks/DvQQopnT.js.br" overwrites a previously emitted file of the same name.
[2m[WebServer] [22mThe emitted file "_app/immutable/chunks/C9r51JyP.js.br" overwrites a previously emitted file of the same name.
[2m[WebServer] [22mThe emitted file "_app/immutable/chunks/B8rG7f7b.js.br" overwrites a previously emitted file of the same name.
[2m[WebServer] [22mThe emitted file "_app/immutable/chunks/Dgz_d6Tq.js.br" overwrites a previously emitted file of the same name.
[2m[WebServer] [22mThe emitted file "_app/immutable/chunks/syYxJxYR.js.br" overwrites a previously emitted file of the same name.
[2m[WebServer] [22mThe emitted file "_app/immutable/chunks/HXKoXZXl.js.br" overwrites a previously emitted file of the same name.
[2m[WebServer] [22mThe emitted file "_app/immutable/chunks/Ittc3UtS.js.br" overwrites a previously emitted file of the same name.
[2m[WebServer] [22mThe emitted file "_app/immutable/chunks/B3lKhr2e.js.br" overwrites a previously emitted file of the same name.
[2m[WebServer] [22mThe emitted file "_app/immutable/chunks/wCmxT7mN.js.br" overwrites a previously emitted file of the same name.
[2m[WebServer] [22mThe emitted file "_app/immutable/chunks/DWZl-527.js.br" overwrites a previously emitted file of the same name.
[2m[WebServer] [22mThe emitted file "_app/immutable/chunks/CXmfRLlX.js.br" overwrites a previously emitted file of the same name.
[2m[WebServer] [22mThe emitted file "_app/immutable/chunks/BJKMLmRX.js.br" overwrites a previously emitted file of the same name.
[2m[WebServer] [22mThe emitted file "_app/immutable/chunks/JY777Dgl.js.br" overwrites a previously emitted file of the same name.
[2m[WebServer] [22mThe emitted file "_app/immutable/chunks/DmXFdYGK.js.br" overwrites a previously emitted file of the same name.
[2m[WebServer] [22mThe emitted file "_app/immutable/chunks/n5PEsawt.js.br" overwrites a previously emitted file of the same name.
[2m[WebServer] [22mThe emitted file "_app/immutable/chunks/t2zxKrX4.js.br" overwrites a previously emitted file of the same name.
[2m[WebServer] [22mThe emitted file "_app/immutable/chunks/BDE9gFB-.js.br" overwrites a previously emitted file of the same name.
[2m[WebServer] [22mThe emitted file "_app/immutable/chunks/BM6HY_3J.js.br" overwrites a previously emitted file of the same name.
[2m[WebServer] [22mThe emitted file "_app/immutable/chunks/BHGSTKPH.js.br" overwrites a previously emitted file of the same name.
[2m[WebServer] [22mThe emitted file "_app/immutable/chunks/HGmO3XpX.js.br" overwrites a previously emitted file of the same name.
[2m[WebServer] [22mThe emitted file "_app/immutable/chunks/CMjh7WxQ.js.br" overwrites a previously emitted file of the same name.
[2m[WebServer] [22mThe emitted file "_app/immutable/chunks/DbVMJeIJ.js.br" overwrites a previously emitted file of the same name.
[2m[WebServer] [22mThe emitted file "_app/immutable/chunks/CoR2O1Iz.js.br" overwrites a previously emitted file of the same name.
[2m[WebServer] [22mThe emitted file "_app/immutable/chunks/DXm-RA8M.js.br" overwrites a previously emitted file of the same name.
[2m[WebServer] [22mThe emitted file "_app/immutable/chunks/B9W2l2EV.js.br" overwrites a previously emitted file of the same name.
[2m[WebServer] [22mThe emitted file "_app/immutable/chunks/Gf2-aJmM.js.br" overwrites a previously emitted file of the same name.
[2m[WebServer] [22mThe emitted file "_app/immutable/chunks/Cfi-fjIU.js.br" overwrites a previously emitted file of the same name.
[2m[WebServer] [22mThe emitted file "_app/immutable/chunks/CtPe9Zrg.js.br" overwrites a previously emitted file of the same name.
[2m[WebServer] [22mThe emitted file "_app/immutable/chunks/a2S2qzfI.js.br" overwrites a previously emitted file of the same name.
[2m[WebServer] [22mThe emitted file "_app/immutable/chunks/CD8bcmSu.js.br" overwrites a previously emitted file of the same name.
[2m[WebServer] [22mThe emitted file "_app/immutable/chunks/dToVqrmF.js.br" overwrites a previously emitted file of the same name.
[2m[WebServer] [22mThe emitted file "_app/immutable/chunks/Cpn5qg69.js.br" overwrites a previously emitted file of the same name.
[2m[WebServer] [22mThe emitted file "_app/immutable/chunks/RNlVoN9-.js.br" overwrites a previously emitted file of the same name.
[2m[WebServer] [22mThe emitted file "_app/immutable/entry/app.CJjnfC0q.js.br" overwrites a previously emitted file of the same name.
[2m[WebServer] [22mThe emitted file "_app/immutable/chunks/CIoN5_hz.js.gz" overwrites a previously emitted file of the same name.
[2m[WebServer] [22mThe emitted file "_app/immutable/nodes/3.Bw9so3nz.js.gz" overwrites a previously emitted file of the same name.
[2m[WebServer] [22mThe emitted file "_app/immutable/nodes/0.B4XeTbvN.js.br" overwrites a previously emitted file of the same name.
[2m[WebServer] [22mThe emitted file "_app/immutable/chunks/D4dUfzko.js.br" overwrites a previously emitted file of the same name.
[2m[WebServer] [22mThe emitted file "z3/z3-built.js.gz" overwrites a previously emitted file of the same name.
[2m[WebServer] [22mThe emitted file "_app/immutable/chunks/Cw9QGdVq.js.gz" overwrites a previously emitted file of the same name.
[2m[WebServer] [22mThe emitted file "_app/immutable/chunks/CIoN5_hz.js.br" overwrites a previously emitted file of the same name.
[2m[WebServer] [22mThe emitted file "_app/immutable/chunks/NtmcRkx0.js.br" overwrites a previously emitted file of the same name.
[2m[WebServer] [22mThe emitted file "_app/immutable/nodes/3.Bw9so3nz.js.br" overwrites a previously emitted file of the same name.
[2m[WebServer] [22mThe emitted file "z3/z3-built.js.br" overwrites a previously emitted file of the same name.
[2m[WebServer] [22mThe emitted file "_app/immutable/chunks/Cw9QGdVq.js.br" overwrites a previously emitted file of the same name.
[2m[WebServer] [22m(node:72179) Warning: The 'NO_COLOR' env is ignored due to the 'FORCE_COLOR' env being set.
[2m[WebServer] [22m(Use `node --trace-warnings ...` to show where the warning was created)
[2m[WebServer] [22m(node:106216) Warning: The 'NO_COLOR' env is ignored due to the 'FORCE_COLOR' env being set.
[2m[WebServer] [22m(Use `node --trace-warnings ...` to show where the warning was created)

Running 231 tests using 21 workers

(node:108042) Warning: The 'NO_COLOR' env is ignored due to the 'FORCE_COLOR' env being set.
(Use `node --trace-warnings ...` to show where the warning was created)
(node:108046) Warning: The 'NO_COLOR' env is ignored due to the 'FORCE_COLOR' env being set.
(Use `node --trace-warnings ...` to show where the warning was created)
(node:108048) Warning: The 'NO_COLOR' env is ignored due to the 'FORCE_COLOR' env being set.
(Use `node --trace-warnings ...` to show where the warning was created)
(node:108055) Warning: The 'NO_COLOR' env is ignored due to the 'FORCE_COLOR' env being set.
(Use `node --trace-warnings ...` to show where the warning was created)
(node:108080) Warning: The 'NO_COLOR' env is ignored due to the 'FORCE_COLOR' env being set.
(Use `node --trace-warnings ...` to show where the warning was created)
(node:108061) Warning: The 'NO_COLOR' env is ignored due to the 'FORCE_COLOR' env being set.
(Use `node --trace-warnings ...` to show where the warning was created)
(node:108101) Warning: The 'NO_COLOR' env is ignored due to the 'FORCE_COLOR' env being set.
(Use `node --trace-warnings ...` to show where the warning was created)
(node:108067) Warning: The 'NO_COLOR' env is ignored due to the 'FORCE_COLOR' env being set.
(Use `node --trace-warnings ...` to show where the warning was created)
(node:108086) Warning: The 'NO_COLOR' env is ignored due to the 'FORCE_COLOR' env being set.
(Use `node --trace-warnings ...` to show where the warning was created)
(node:108073) Warning: The 'NO_COLOR' env is ignored due to the 'FORCE_COLOR' env being set.
(Use `node --trace-warnings ...` to show where the warning was created)
(node:108094) Warning: The 'NO_COLOR' env is ignored due to the 'FORCE_COLOR' env being set.
(Use `node --trace-warnings ...` to show where the warning was created)
(node:108129) Warning: The 'NO_COLOR' env is ignored due to the 'FORCE_COLOR' env being set.
(Use `node --trace-warnings ...` to show where the warning was created)
(node:108130) Warning: The 'NO_COLOR' env is ignored due to the 'FORCE_COLOR' env being set.
(Use `node --trace-warnings ...` to show where the warning was created)
(node:108155) Warning: The 'NO_COLOR' env is ignored due to the 'FORCE_COLOR' env being set.
(Use `node --trace-warnings ...` to show where the warning was created)
(node:108137) Warning: The 'NO_COLOR' env is ignored due to the 'FORCE_COLOR' env being set.
(Use `node --trace-warnings ...` to show where the warning was created)
(node:108154) Warning: The 'NO_COLOR' env is ignored due to the 'FORCE_COLOR' env being set.
(Use `node --trace-warnings ...` to show where the warning was created)
(node:108178) Warning: The 'NO_COLOR' env is ignored due to the 'FORCE_COLOR' env being set.
(Use `node --trace-warnings ...` to show where the warning was created)
(node:108161) Warning: The 'NO_COLOR' env is ignored due to the 'FORCE_COLOR' env being set.
(Use `node --trace-warnings ...` to show where the warning was created)
(node:108143) Warning: The 'NO_COLOR' env is ignored due to the 'FORCE_COLOR' env being set.
(Use `node --trace-warnings ...` to show where the warning was created)
(node:108131) Warning: The 'NO_COLOR' env is ignored due to the 'FORCE_COLOR' env being set.
(Use `node --trace-warnings ...` to show where the warning was created)
(node:108170) Warning: The 'NO_COLOR' env is ignored due to the 'FORCE_COLOR' env being set.
(Use `node --trace-warnings ...` to show where the warning was created)
(node:108042) Warning: The 'NO_COLOR' env is ignored due to the 'FORCE_COLOR' env being set.
(Use `node --trace-warnings ...` to show where the warning was created)
(node:108048) Warning: The 'NO_COLOR' env is ignored due to the 'FORCE_COLOR' env being set.
(Use `node --trace-warnings ...` to show where the warning was created)
(node:108055) Warning: The 'NO_COLOR' env is ignored due to the 'FORCE_COLOR' env being set.
(Use `node --trace-warnings ...` to show where the warning was created)
(node:108046) Warning: The 'NO_COLOR' env is ignored due to the 'FORCE_COLOR' env being set.
(Use `node --trace-warnings ...` to show where the warning was created)
(node:108130) Warning: The 'NO_COLOR' env is ignored due to the 'FORCE_COLOR' env being set.
(Use `node --trace-warnings ...` to show where the warning was created)
(node:108080) Warning: The 'NO_COLOR' env is ignored due to the 'FORCE_COLOR' env being set.
(Use `node --trace-warnings ...` to show where the warning was created)
(node:108137) Warning: The 'NO_COLOR' env is ignored due to the 'FORCE_COLOR' env being set.
(Use `node --trace-warnings ...` to show where the warning was created)
(node:108086) Warning: The 'NO_COLOR' env is ignored due to the 'FORCE_COLOR' env being set.
(Use `node --trace-warnings ...` to show where the warning was created)
(node:108101) Warning: The 'NO_COLOR' env is ignored due to the 'FORCE_COLOR' env being set.
(Use `node --trace-warnings ...` to show where the warning was created)
(node:108161) Warning: The 'NO_COLOR' env is ignored due to the 'FORCE_COLOR' env being set.
(Use `node --trace-warnings ...` to show where the warning was created)
(node:108067) Warning: The 'NO_COLOR' env is ignored due to the 'FORCE_COLOR' env being set.
(Use `node --trace-warnings ...` to show where the warning was created)
(node:108155) Warning: The 'NO_COLOR' env is ignored due to the 'FORCE_COLOR' env being set.
(Use `node --trace-warnings ...` to show where the warning was created)
(node:108178) Warning: The 'NO_COLOR' env is ignored due to the 'FORCE_COLOR' env being set.
(Use `node --trace-warnings ...` to show where the warning was created)
(node:108129) Warning: The 'NO_COLOR' env is ignored due to the 'FORCE_COLOR' env being set.
(Use `node --trace-warnings ...` to show where the warning was created)
(node:108154) Warning: The 'NO_COLOR' env is ignored due to the 'FORCE_COLOR' env being set.
(Use `node --trace-warnings ...` to show where the warning was created)
(node:108073) Warning: The 'NO_COLOR' env is ignored due to the 'FORCE_COLOR' env being set.
(Use `node --trace-warnings ...` to show where the warning was created)
(node:108094) Warning: The 'NO_COLOR' env is ignored due to the 'FORCE_COLOR' env being set.
(Use `node --trace-warnings ...` to show where the warning was created)
(node:108061) Warning: The 'NO_COLOR' env is ignored due to the 'FORCE_COLOR' env being set.
(Use `node --trace-warnings ...` to show where the warning was created)
(node:108143) Warning: The 'NO_COLOR' env is ignored due to the 'FORCE_COLOR' env being set.
(Use `node --trace-warnings ...` to show where the warning was created)
(node:108131) Warning: The 'NO_COLOR' env is ignored due to the 'FORCE_COLOR' env being set.
(Use `node --trace-warnings ...` to show where the warning was created)
(node:108170) Warning: The 'NO_COLOR' env is ignored due to the 'FORCE_COLOR' env being set.
(Use `node --trace-warnings ...` to show where the warning was created)
[2m[WebServer] [22m
[2m[WebServer] [22m[1;31m[404] GET /favicon.ico[0m
[2m[WebServer] [22m
[2m[WebServer] [22m[1;31m[404] GET /mox/mox-run.js[0m
left  bar: 328×40px
right bar: 316×40px
fileA pill width: 120px
fileB pill width: 97px
  ✓    2 e2e/live-smoke.spec.js:30:1 › [app] loads and shows lesson navigation (2.0s)
  ✓    4 e2e/qa-ghpages.spec.js:73:1 › home page: title and all sidebar part labels visible (2.1s)
  ✓   16 e2e/mobile-nav.spec.js:28:3 › sidebar navigation › sidebar starts collapsed in narrow mode (2.0s)
  ✓    1 e2e/ghpages.spec.js:42:1 › site loads and shows lesson content (2.2s)
  ✓    7 e2e/split-view.spec.js:6:3 › Split view header pills › both file pills are compact and both bars are the same height (2.2s)
  ✓   15 e2e/waveform.spec.js:9:1 › welcome lesson executes simulation output (2.4s)

========== CORE WEB VITALS ==========
TTFB:  14.6 ms
FCP:   1355.5 ms
LCP:   1355.5 ms
CLS:   0.0096
INP:   n/a (no interactions)
Wall-clock page load: 1439 ms
=====================================

[2m[WebServer] [22m
[2m[WebServer] [22m[1;31m[404] GET /mox/mox-run.js[0m
[2m[WebServer] [22m
[2m[WebServer] [22m[1;31m[404] GET /mox/mox-run.js[0m
  ✓   11 e2e/perf-profile.spec.js:8:1 › Core Web Vitals on /lesson/sv/welcome (2.8s)
  ✓    8 e2e/lessons.spec.js:30:1 › prev/next navigate between lessons (2.9s)
  ✓    3 e2e/cocotb.spec.js:20:1 › cocotb: shows "test" button, not "run" (3.1s)
file-tree toolbar height: 40px
[2m[WebServer] [22m
[2m[WebServer] [22m[1;31m[404] GET /lesson/sv/priority-enc[0m
  ✓   20 e2e/solutions.spec.js:154:3 › [sim] Welcome (3.2s)
  ✓   24 e2e/mobile-nav.spec.js:38:3 › sidebar navigation › sidebar trigger opens the panel in narrow mode (1.7s)
  ✓   23 e2e/qa-ghpages.spec.js:83:1 › sidebar: can navigate to a lesson by clicking its button (2.2s)

========== JS/WASM RESOURCE LOAD TIMES (slowest first) ==========
     133 ms      130.1 KB  Cw9QGdVq.js
     116 ms    (cached/0)  js?id=G-S7J2WQBFPM
     113 ms       39.6 KB  3.Bw9so3nz.js
     108 ms        1.2 KB  RNlVoN9-.js
     102 ms        8.7 KB  D4dUfzko.js
     102 ms       55.1 KB  NtmcRkx0.js
     102 ms       13.0 KB  0.B4XeTbvN.js
     100 ms        1.0 KB  Ct5FWWRu.js
      57 ms        1.7 KB  app.CJjnfC0q.js
      39 ms        0.4 KB  start.DlAilyp-.js
      29 ms        0.4 KB  1.CHgORp3N.js
      20 ms        2.7 KB  Cc-PZjy_.js
      19 ms        0.5 KB  Dm3XDhtm.js
      19 ms        0.5 KB  4KrUs01r.js

Total JS/WASM resources shown: 14
Total transferred (all resources): 267.6 KB
Total decoded (all resources):     842.1 KB
==================================================================

[2m[WebServer] [22m
[2m[WebServer] [22m[1;31m[404] GET /mox/mox-run.js[0m
split-header-left  height: 40px
split-header-right height: 40px
  ✓   28 e2e/perf-profile.spec.js:82:1 › JS resource load times on /lesson/sv/welcome (1.8s)
  ✓   26 e2e/split-view.spec.js:42:3 › Toolbar height consistency › file-tree toolbar and split-view headers are the same height (2.5s)
[2m[WebServer] [22m
[2m[WebServer] [22m[1;31m[404] GET /mox/mox-run.js[0m
  ✓   29 e2e/lessons.spec.js:41:1 › solve/reset toggles between solution and starter (2.7s)
  ✓   31 e2e/solutions.spec.js:154:3 › [sim] Modules and Ports (2.1s)
  ✓   32 e2e/mobile-nav.spec.js:57:3 › sidebar navigation › clicking a lesson inside the panel navigates (1.9s)
  ✓   10 e2e/mlir-run.spec.js:3:1 › MLIR intro: run executes via mox-sim without SV-source error (6.3s)
[2m[WebServer] [22m
[2m[WebServer] [22m[1;31m[404] GET /mox/mox-run.js[0m

========== SPA NAVIGATION TIMING ==========
welcome → modules-and-ports: 147 ms
modules-and-ports → always-comb: 137 ms
Average SPA nav time: 142 ms
===========================================

  ✓   36 e2e/lessons.spec.js:67:1 › Welcome: run outputs Hello World (1.1s)
  ✓   34 e2e/perf-profile.spec.js:121:1 › SPA navigation timing: welcome → modules-and-ports → always-comb (2.2s)
  ✓   35 e2e/split-view.spec.js:70:3 › Toolbar height consistency › file-tree toolbar and split-view headers both have a bottom border (2.2s)
  ✓   33 e2e/qa-ghpages.spec.js:102:1 › header: prev/next lesson buttons navigate between lessons (2.8s)
[2m[WebServer] [22m
[2m[WebServer] [22m[1;31m[404] GET /mox/mox-run.js[0m
  ✓   37 e2e/solutions.spec.js:154:3 › [sim] always_comb and case (1.6s)
  ✓   38 e2e/mobile-nav.spec.js:73:3 › sidebar navigation › desktop sidebar has nav buttons visible (1.7s)
[2m[WebServer] [22m
[2m[WebServer] [22m[1;31m[404] GET /mox/mox-run.js[0m
  ✓    6 e2e/formal.spec.js:25:1 › BMC: starter code has no assertion → verify does not prove anything (8.6s)

========== TOTAL JS TRANSFERRED ==========
Total resources: 19
Total transferred: 267.6 KB
Total decoded:     842.1 KB

By initiator type:
  other        count=10  transfer=251.4 KB  decoded=781.5 KB
  link         count=3  transfer=12.2 KB  decoded=55.1 KB
  script       count=5  transfer=4.0 KB  decoded=5.6 KB
  fetch        count=1  transfer=0.0 KB  decoded=0.0 KB
==========================================

  ✓   40 e2e/perf-profile.spec.js:167:1 › Total JS transferred summary (1.9s)
  ✓   41 e2e/qa-ghpages.spec.js:113:1 › direct URL navigation works for all parts (2.4s)
  ✓   43 e2e/mobile-nav.spec.js:83:3 › sidebar navigation › desktop sidebar toggle collapses and restores the panel (2.2s)
  ✓   45 e2e/qa-ghpages.spec.js:129:1 › single-file lesson: no file tree, filename pill in toolbar (807ms)
  ✓   21 e2e/qa-all-lessons.spec.js:65:5 › [ 1] Welcome › run (9.9s)
[2m[WebServer] [22m
[2m[WebServer] [22m[1;31m[404] GET /mox/mox-run.js[0m
[2m[WebServer] [22m
[2m[WebServer] [22m[1;31m[404] GET /mox/mox-run.wasm[0m
[2m[WebServer] [22m
[2m[WebServer] [22m[1;31m[404] GET /mox/mox-run.js[0m
[2m[WebServer] [22m
[2m[WebServer] [22m[1;31m[404] GET /mox/mox-run.wasm[0m
  ✓   46 e2e/qa-ghpages.spec.js:141:1 › 2-file lesson auto-opens split view on wide screen (756ms)
[2m[WebServer] [22m
[2m[WebServer] [22m[1;31m[404] GET /mox/mox-run.js[0m
  ✓   48 e2e/qa-ghpages.spec.js:153:1 › split view: collapse to file-tree view via header button (911ms)
  ✓   49 e2e/qa-ghpages.spec.js:165:1 › file tree: switching tabs changes active file (1.2s)

━━━━━━━━━━━━━━━━━━━━━━━━━━━━━━━━━━━━━━━━━━━━━━━
 Performance report  (3-run avg, cold load)
━━━━━━━━━━━━━━━━━━━━━━━━━━━━━━━━━━━━━━━━━━━━━━━
 Core Web Vitals
   LCP   753 ms     ✅ good
   FCP   753 ms     ✅ good
   CLS   0.0096     ✅ good
   TTFB  2 ms       ✅ good

 Navigation Timing
   DOM interactive   135 ms
   DOMContentLoaded  124 ms  ✅ good
   Load event        221 ms  ✅ good

 Resources (last run)
   Total resources   19
   Transfer size     5 KB
   By type:          {"com/gtag/js":1,"js":13,"css":3,"1%2Flesson%2Fsv%2Fwelcome&dt=SV%20Tutorial&en=page_view&_ee=1&tfd=125":1,"svg":1}

 JS Heap (after load)
   Used  19.6 MB  /  Total 29.8 MB  /  Limit 4096 MB
━━━━━━━━━━━━━━━━━━━━━━━━━━━━━━━━━━━━━━━━━━━━━━━

  ✓   13 e2e/perf.spec.js:129:3 › Core Web Vitals & Performance › lesson page — cold load metrics (13.5s)
  ✓   27 e2e/waveform.spec.js:47:1 › run generates a real VCD (non-mock pipeline) (11.2s)
[2m[WebServer] [22m
[2m[WebServer] [22m[1;31m[404] GET /favicon.ico[0m

━━━━━━━━━━━━━━━━━━━━━━━━━━━━━━━━━━━━━━━━━━━━━━━
 Client-side navigation timings (SvelteKit router)
━━━━━━━━━━━━━━━━━━━━━━━━━━━━━━━━━━━━━━━━━━━━━━━
  ✓   50 e2e/qa-ghpages.spec.js:180:1 › solve/reset cycle: toggles editor content (1.6s)
   /lesson/sv/always-ff                718 ms
  ✓   53 e2e/qa-ghpages.spec.js:195:1 › options menu closes on Escape key (832ms)
   /lesson/sv/always-comb              704 ms
   /lesson/sv/counter                  662 ms
[2m[WebServer] [22m
[2m[WebServer] [22m[1;31m[404] GET /mox/mox-run.js[0m
[2m[WebServer] [22m
[2m[WebServer] [22m[1;31m[404] GET /mox/mox-run.wasm[0m
   /lesson/sva/formal-intro            589 ms
  ✘    5 e2e/cocotb-run.spec.js:5:1 › cocotb: a run settles with a test result or the simulator error (17.6s)
[2m[WebServer] [22m
[2m[WebServer] [22m[1;31m[404] GET /mox/mox-run.js[0m
   /lesson/uvm/reporting               661 ms
━━━━━━━━━━━━━━━━━━━━━━━━━━━━━━━━━━━━━━━━━━━━━━━

  ✓   51 e2e/perf.spec.js:190:3 › Core Web Vitals & Performance › lesson navigation — transition metrics (4.6s)
  ✓   47 e2e/qa-all-lessons.spec.js:65:5 › [ 2] Modules and Ports › run (8.2s)
[2m[WebServer] [22m
[2m[WebServer] [22m[1;31m[404] GET /mox/mox-run.js[0m
  ✓   17 e2e/offline.spec.js:4:3 › offline bundle › download button shows progress and ends in ready state (21.1s)
  ✘   25 e2e/ghpages.spec.js:49:1 › UVM: Driver lesson compiles and simulates (19.4s)
(node:131111) Warning: The 'NO_COLOR' env is ignored due to the 'FORCE_COLOR' env being set.
(Use `node --trace-warnings ...` to show where the warning was created)
  ✓   39 e2e/lessons.spec.js:77:1 › Up-Counter: solution simulates and produces a waveform (15.9s)
(node:131111) Warning: The 'NO_COLOR' env is ignored due to the 'FORCE_COLOR' env being set.
(Use `node --trace-warnings ...` to show where the warning was created)
[2m[WebServer] [22m
[2m[WebServer] [22m[1;31m[404] GET /favicon.ico[0m
=== Runtime logs ===
$ mox-verilog --resource-guard=false --ir-llhd --timescale 1ps/1ps --single-unit --top adder -o /workspace/out/design.llhd.mlir /workspace/src/adder.svstdout $ python /workspace/src/test_adder.py
$ mox-sim --resource-guard=false --mode interpret --max-time=1000000000 --top adder /workspace/out/design.llhd.mlir
[mox-sim] Auto-enabling --skip-passes for module marked mox.sim.preprocessed
[mox-sim] Stage: passes (prev: 2ms, total: 2ms)
[mox-sim] Stage: init (prev: 6ms, total: 9ms)
[mox-sim] Found 1 LLHD processes, 0 LLHD finals, 0 seq.initial blocks, and 0 hw.instance ops (out of 44 total ops) in module
[mox-sim] Registered 3 LLHD signals and 1 LLHD processes/initial blocks
[mox-sim] Receipt: INIT_COMPLETE_OK execution_failure=0 process_dispatches=0
[mox-sim] Stage: run (prev: 304ms, total: 313ms)
[mox-sim] Starting simulation
[mox-sim] Simulation completed at time 0 fs
[mox-sim] Simulation completed
=== Console logs (last 40) ===
[log] [mox-worker] starting eval of tool script
[log] [mox-worker] instantiateWasm called for http://127.0.0.1:4173/mox/mox-verilog.wasm
[log] [mox-worker] eval complete
[log] [mox-worker] waiting for runtime...
[log] [mox-worker] instantiateStreaming succeeded
[log] [mox-worker] onRuntimeInitialized fired
[log] [mox-worker] runtime ready, writing files
[log] [mox-worker] calling callMain with args: [--resource-guard=false, --ir-llhd, --timescale, 1ps/1ps, --single-unit, --top, adder, -o, /workspace/out/design.llhd.mlir, /workspace/src/adder.sv]
[log] [mox-worker] callMain done, exitCode: 0
  ✓   52 e2e/waveform.spec.js:52:1 › surfer renders waveform when WebGL2 is available (10.2s)
  ✓   18 e2e/debug-cocotb.spec.js:3:1 › cocotb: debug - check wasmTable (23.8s)
[2m[WebServer] [22m
[2m[WebServer] [22m[1;31m[404] GET /mox/mox-run.js[0m
[2m[WebServer] [22m
[2m[WebServer] [22m[1;31m[404] GET /mox/mox-run.js[0m
  ✓   55 e2e/qa-all-lessons.spec.js:65:5 › [ 3] Data Types › run (7.7s)
[2m[WebServer] [22m
[2m[WebServer] [22m[1;31m[404] GET /mox/mox-run.js[0m
  ✓   56 e2e/lessons.spec.js:90:1 › Modules and Ports: waveform renders after solve and run (9.9s)
  ✘   57 e2e/ghpages.spec.js:56:1 › UVM: Cross Coverage compiles with intersect syntax (10.1s)
(node:133508) Warning: The 'NO_COLOR' env is ignored due to the 'FORCE_COLOR' env being set.
(Use `node --trace-warnings ...` to show where the warning was created)
  ✓   58 e2e/waveform.spec.js:91:1 › waveform toolbar buttons send correct commands (9.7s)
(node:133508) Warning: The 'NO_COLOR' env is ignored due to the 'FORCE_COLOR' env being set.
(Use `node --trace-warnings ...` to show where the warning was created)
  ✓   59 e2e/qa-all-lessons.spec.js:65:5 › [ 4] always_comb and case › run (10.7s)
[2m[WebServer] [22m
[2m[WebServer] [22m[1;31m[404] GET /mox/mox-run.js[0m
[2m[WebServer] [22m
[2m[WebServer] [22m[1;31m[404] GET /mox/mox-run.js[0m
  ✘   60 e2e/lessons.spec.js:123:1 › immediate-assert: solution passes assertions (6.7s)
(node:134601) Warning: The 'NO_COLOR' env is ignored due to the 'FORCE_COLOR' env being set.
(Use `node --trace-warnings ...` to show where the warning was created)
(node:134601) Warning: The 'NO_COLOR' env is ignored due to the 'FORCE_COLOR' env being set.
(Use `node --trace-warnings ...` to show where the warning was created)
  ✓   63 e2e/qa-all-lessons.spec.js:65:5 › [ 5] Events › run (7.8s)
[2m[WebServer] [22m
[2m[WebServer] [22m[1;31m[404] GET /mox/mox-run.js[0m
  ✘   19 e2e/uvm.spec.js:66:3 › UVM: The First UVM Test (46.8s)
(node:135511) Warning: The 'NO_COLOR' env is ignored due to the 'FORCE_COLOR' env being set.
(Use `node --trace-warnings ...` to show where the warning was created)
  ✘   64 e2e/lessons.spec.js:134:1 › sequence-basics: solution runs without errors (6.7s)
(node:135511) Warning: The 'NO_COLOR' env is ignored due to the 'FORCE_COLOR' env being set.
(Use `node --trace-warnings ...` to show where the warning was created)
  ✓   61 e2e/waveform.spec.js:159:1 › transition_next selects earliest-transitioning signal, not alphabetically first (16.6s)
[2m[WebServer] [22m
[2m[WebServer] [22m[1;31m[404] GET /mox/mox-run.js[0m
  ✓   65 e2e/qa-all-lessons.spec.js:65:5 › [ 6] Flip-Flops with always_ff › run (12.6s)
[2m[WebServer] [22m
[2m[WebServer] [22m[1;31m[404] GET /mox/mox-run.js[0m
  ✓   67 e2e/waveform.spec.js:201:1 › open-in-surfer button opens Surfer popup and sends VCD (8.5s)
[2m[WebServer] [22m
[2m[WebServer] [22m[1;31m[404] GET /lesson/sva/waves.png[0m
[2m[WebServer] [22m
[2m[WebServer] [22m[1;31m[404] GET /mox/mox-run.js[0m
  ✘   54 e2e/qa-ghpages.spec.js:208:1 › SV: welcome lesson compiles and prints Hello output (45.6s)
(node:137152) Warning: The 'NO_COLOR' env is ignored due to the 'FORCE_COLOR' env being set.
(Use `node --trace-warnings ...` to show where the warning was created)
(node:137152) Warning: The 'NO_COLOR' env is ignored due to the 'FORCE_COLOR' env being set.
(Use `node --trace-warnings ...` to show where the warning was created)
  ✓   62 e2e/ghpages.spec.js:63:1 › offline bundle: download completes without error (28.4s)
  ✓   69 e2e/waveform.spec.js:241:1 › concurrent-sim SVA assertion signal appears in VCD (9.9s)
  ✓   68 e2e/qa-all-lessons.spec.js:65:5 › [ 7] Up-Counter › run (11.2s)
[2m[WebServer] [22m
[2m[WebServer] [22m[1;31m[404] GET /mox/mox-run.js[0m
  ✓   71 e2e/ghpages.spec.js:83:1 › offline mode: lesson runs after service worker caches assets (13.2s)
  ✓   72 e2e/qa-all-lessons.spec.js:65:5 › [ 8] Parameters › run (11.5s)
[2m[WebServer] [22m
[2m[WebServer] [22m[1;31m[404] GET /mox/mox-run.js[0m
  ✓   73 e2e/qa-all-lessons.spec.js:65:5 › [ 9] Packed Structs › run (9.4s)
[2m[WebServer] [22m
[2m[WebServer] [22m[1;31m[404] GET /mox/mox-run.js[0m
  ✘   66 e2e/uvm.spec.js:66:3 › UVM: Sequence Items (46.6s)
(node:154674) Warning: The 'NO_COLOR' env is ignored due to the 'FORCE_COLOR' env being set.
(Use `node --trace-warnings ...` to show where the warning was created)
(node:154674) Warning: The 'NO_COLOR' env is ignored due to the 'FORCE_COLOR' env being set.
(Use `node --trace-warnings ...` to show where the warning was created)
  ✘   74 e2e/qa-all-lessons.spec.js:65:5 › [10] Interfaces › run (10.5s)
[2m[WebServer] [22m
[2m[WebServer] [22m[1;31m[404] GET /mox/mox-run.js[0m
  ✘   70 e2e/qa-ghpages.spec.js:219:1 › SV: always-ff solution compiles and simulates cleanly (46.9s)
(node:163551) Warning: The 'NO_COLOR' env is ignored due to the 'FORCE_COLOR' env being set.
(Use `node --trace-warnings ...` to show where the warning was created)
  ✘   76 e2e/qa-all-lessons.spec.js:65:5 › [11] Modports › run (10.5s)
(node:163551) Warning: The 'NO_COLOR' env is ignored due to the 'FORCE_COLOR' env being set.
(Use `node --trace-warnings ...` to show where the warning was created)
[2m[WebServer] [22m
[2m[WebServer] [22m[1;31m[404] GET /mox/mox-run.js[0m
  ✘   77 e2e/qa-all-lessons.spec.js:65:5 › [12] Tasks › run (12.9s)
[2m[WebServer] [22m
[2m[WebServer] [22m[1;31m[404] GET /mox/mox-run.js[0m
  ✓   79 e2e/qa-all-lessons.spec.js:65:5 › [13] typedef enum › run (10.5s)
[2m[WebServer] [22m
[2m[WebServer] [22m[1;31m[404] GET /mox/mox-run.js[0m
  ✘   80 e2e/qa-all-lessons.spec.js:65:5 › [14] Two-Always Moore FSM › run (5.5s)
[2m[WebServer] [22m
[2m[WebServer] [22m[1;31m[404] GET /mox/mox-run.js[0m
  ✘   75 e2e/uvm.spec.js:66:3 › UVM: Sequences (45.5s)
(node:173361) Warning: The 'NO_COLOR' env is ignored due to the 'FORCE_COLOR' env being set.
(Use `node --trace-warnings ...` to show where the warning was created)
(node:173361) Warning: The 'NO_COLOR' env is ignored due to the 'FORCE_COLOR' env being set.
(Use `node --trace-warnings ...` to show where the warning was created)
  ✘   81 e2e/qa-all-lessons.spec.js:65:5 › [15] covergroup and coverpoint › run (8.5s)
(node:176872) Warning: The 'NO_COLOR' env is ignored due to the 'FORCE_COLOR' env being set.
(Use `node --trace-warnings ...` to show where the warning was created)
(node:176872) Warning: The 'NO_COLOR' env is ignored due to the 'FORCE_COLOR' env being set.
(Use `node --trace-warnings ...` to show where the warning was created)
[2m[WebServer] [22m
[2m[WebServer] [22m[1;31m[404] GET /mox/mox-run.js[0m
  ✘   78 e2e/qa-ghpages.spec.js:232:1 › SV: starter code with TODO shows simulation failures (46.8s)
(node:183954) Warning: The 'NO_COLOR' env is ignored due to the 'FORCE_COLOR' env being set.
(Use `node --trace-warnings ...` to show where the warning was created)
  ✘   83 e2e/qa-all-lessons.spec.js:65:5 › [16] Bins and ignore_bins › run (9.9s)
(node:183954) Warning: The 'NO_COLOR' env is ignored due to the 'FORCE_COLOR' env being set.
(Use `node --trace-warnings ...` to show where the warning was created)
(node:184935) Warning: The 'NO_COLOR' env is ignored due to the 'FORCE_COLOR' env being set.
(Use `node --trace-warnings ...` to show where the warning was created)
(node:184935) Warning: The 'NO_COLOR' env is ignored due to the 'FORCE_COLOR' env being set.
(Use `node --trace-warnings ...` to show where the warning was created)
[2m[WebServer] [22m
[2m[WebServer] [22m[1;31m[404] GET /mox/mox-run.js[0m
  ✘   85 e2e/qa-all-lessons.spec.js:65:5 › [17] Cross coverage › run (7.4s)
(node:190100) Warning: The 'NO_COLOR' env is ignored due to the 'FORCE_COLOR' env being set.
(Use `node --trace-warnings ...` to show where the warning was created)
(node:190100) Warning: The 'NO_COLOR' env is ignored due to the 'FORCE_COLOR' env being set.
(Use `node --trace-warnings ...` to show where the warning was created)
[2m[WebServer] [22m
[2m[WebServer] [22m[1;31m[404] GET /mox/mox-run.js[0m
  ✓   86 e2e/qa-all-lessons.spec.js:65:5 › [18] Classes and Objects › run (9.3s)
[2m[WebServer] [22m
[2m[WebServer] [22m[1;31m[404] GET /mox/mox-run.js[0m
  ✘    9 e2e/solutions-live.spec.js:54:3 › [sim] Welcome (3.0m)
  ✘   14 e2e/diag-focus.spec.js:7:1 › diag: probe FocusItem vs id_of_name in current Surfer build (3.0m)
(node:192617) Warning: The 'NO_COLOR' env is ignored due to the 'FORCE_COLOR' env being set.
(Use `node --trace-warnings ...` to show where the warning was created)
(node:192617) Warning: The 'NO_COLOR' env is ignored due to the 'FORCE_COLOR' env being set.
(Use `node --trace-warnings ...` to show where the warning was created)
  ✘   22 e2e/live-smoke.spec.js:36:1 › [sim] Welcome — run button produces output, no compile error (3.0m)
(node:192831) Warning: The 'NO_COLOR' env is ignored due to the 'FORCE_COLOR' env being set.
(Use `node --trace-warnings ...` to show where the warning was created)
(node:192831) Warning: The 'NO_COLOR' env is ignored due to the 'FORCE_COLOR' env being set.
(Use `node --trace-warnings ...` to show where the warning was created)
  ✘   30 e2e/cocotb.spec.js:25:1 › cocotb: Your First cocotb Test — solution passes all assertions (3.0m)
(node:192993) Warning: The 'NO_COLOR' env is ignored due to the 'FORCE_COLOR' env being set.
(Use `node --trace-warnings ...` to show where the warning was created)
(node:192993) Warning: The 'NO_COLOR' env is ignored due to the 'FORCE_COLOR' env being set.
(Use `node --trace-warnings ...` to show where the warning was created)
  ✘   87 e2e/qa-all-lessons.spec.js:65:5 › [19] Dynamic Arrays and Queues › run (7.0s)
(node:195053) Warning: The 'NO_COLOR' env is ignored due to the 'FORCE_COLOR' env being set.
(Use `node --trace-warnings ...` to show where the warning was created)
(node:195053) Warning: The 'NO_COLOR' env is ignored due to the 'FORCE_COLOR' env being set.
(Use `node --trace-warnings ...` to show where the warning was created)
  ✘   42 e2e/solutions.spec.js:154:3 › [sim] Priority Encoder (3.0m)
(node:195842) Warning: The 'NO_COLOR' env is ignored due to the 'FORCE_COLOR' env being set.
(Use `node --trace-warnings ...` to show where the warning was created)
(node:195842) Warning: The 'NO_COLOR' env is ignored due to the 'FORCE_COLOR' env being set.
(Use `node --trace-warnings ...` to show where the warning was created)
[2m[WebServer] [22m
[2m[WebServer] [22m[1;31m[404] GET /mox/mox-run.js[0m
  ✘   44 e2e/formal.spec.js:37:1 › BMC: solution proves all properties within the bound (3.0m)
(node:197420) Warning: The 'NO_COLOR' env is ignored due to the 'FORCE_COLOR' env being set.
(Use `node --trace-warnings ...` to show where the warning was created)
(node:197420) Warning: The 'NO_COLOR' env is ignored due to the 'FORCE_COLOR' env being set.
(Use `node --trace-warnings ...` to show where the warning was created)
  ✘   82 e2e/uvm.spec.js:66:3 › UVM: The Driver (46.7s)
(node:197785) Warning: The 'NO_COLOR' env is ignored due to the 'FORCE_COLOR' env being set.
(Use `node --trace-warnings ...` to show where the warning was created)
[2m[WebServer] [22m
[2m[WebServer] [22m[1;31m[404] GET /mox/mox-run.js[0m
  ✓   92 e2e/solutions.spec.js:154:3 › [sim] Flip-Flops with always_ff (1.9s)
(node:197785) Warning: The 'NO_COLOR' env is ignored due to the 'FORCE_COLOR' env being set.
(Use `node --trace-warnings ...` to show where the warning was created)
[2m[WebServer] [22m
[2m[WebServer] [22m[1;31m[404] GET /mox/mox-run.js[0m
  ✓   93 e2e/formal.spec.js:51:1 › BMC: shows only verify button, no run button (1.5s)
  ✓   94 e2e/solutions.spec.js:154:3 › [sim] Up-Counter (928ms)
  ✓   91 e2e/qa-all-lessons.spec.js:65:5 › [20] Concurrent Processes: fork...join › run (8.5s)
[2m[WebServer] [22m
[2m[WebServer] [22m[1;31m[404] GET /mox/mox-run.js[0m
  ✘   84 e2e/qa-ghpages.spec.js:244:1 › Ctrl+Enter triggers run (45.6s)
(node:208043) Warning: The 'NO_COLOR' env is ignored due to the 'FORCE_COLOR' env being set.
(Use `node --trace-warnings ...` to show where the warning was created)
  ✓   98 e2e/qa-all-lessons.spec.js:65:5 › [21] Constrained Randomization › run (10.5s)
(node:208043) Warning: The 'NO_COLOR' env is ignored due to the 'FORCE_COLOR' env being set.
(Use `node --trace-warnings ...` to show where the warning was created)
[2m[WebServer] [22m
[2m[WebServer] [22m[1;31m[404] GET /mox/mox-run.js[0m
  ✘   99 e2e/qa-all-lessons.spec.js:65:5 › [22] Macro Formal Continuations › run (2.6s)
(node:210607) Warning: The 'NO_COLOR' env is ignored due to the 'FORCE_COLOR' env being set.
(Use `node --trace-warnings ...` to show where the warning was created)
(node:210607) Warning: The 'NO_COLOR' env is ignored due to the 'FORCE_COLOR' env being set.
(Use `node --trace-warnings ...` to show where the warning was created)
[2m[WebServer] [22m
[2m[WebServer] [22m[1;31m[404] GET /mox/mox-run.js[0m
  ✘  101 e2e/qa-all-lessons.spec.js:65:5 › [23] Packed-Struct Field References › run (5.5s)
(node:215947) Warning: The 'NO_COLOR' env is ignored due to the 'FORCE_COLOR' env being set.
(Use `node --trace-warnings ...` to show where the warning was created)
(node:215947) Warning: The 'NO_COLOR' env is ignored due to the 'FORCE_COLOR' env being set.
(Use `node --trace-warnings ...` to show where the warning was created)
[2m[WebServer] [22m
[2m[WebServer] [22m[1;31m[404] GET /mox/mox-run.js[0m
  ✓  102 e2e/qa-all-lessons.spec.js:65:5 › [24] Indexed Part-Select Bounds › run (6.4s)
[2m[WebServer] [22m
[2m[WebServer] [22m[1;31m[404] GET /mox/mox-run.js[0m
  ✘  103 e2e/qa-all-lessons.spec.js:65:5 › [25] Nested Child Input Propagation › run (4.6s)
(node:225276) Warning: The 'NO_COLOR' env is ignored due to the 'FORCE_COLOR' env being set.
(Use `node --trace-warnings ...` to show where the warning was created)
(node:225276) Warning: The 'NO_COLOR' env is ignored due to the 'FORCE_COLOR' env being set.
(Use `node --trace-warnings ...` to show where the warning was created)
[2m[WebServer] [22m
[2m[WebServer] [22m[1;31m[404] GET /mox/mox-run.js[0m
  ✓  104 e2e/qa-all-lessons.spec.js:65:5 › [26] Sequential UDP Initialization › run (8.3s)
  ✘   95 e2e/uvm.spec.js:66:3 › UVM: Constrained-Random Scenarios (46.9s)
[2m[WebServer] [22m
[2m[WebServer] [22m[1;31m[404] GET /mox/mox-run.js[0m
(node:234254) Warning: The 'NO_COLOR' env is ignored due to the 'FORCE_COLOR' env being set.
(Use `node --trace-warnings ...` to show where the warning was created)
(node:234254) Warning: The 'NO_COLOR' env is ignored due to the 'FORCE_COLOR' env being set.
(Use `node --trace-warnings ...` to show where the warning was created)
  ✓  105 e2e/qa-all-lessons.spec.js:65:5 › [27] Compile-Mode Status › run (5.8s)
[2m[WebServer] [22m
[2m[WebServer] [22m[1;31m[404] GET /mox/mox-run.js[0m
  ✓  107 e2e/qa-all-lessons.spec.js:65:5 › [28] Virtual Method Provider Closure › run (5.5s)
[2m[WebServer] [22m
[2m[WebServer] [22m[1;31m[404] GET /lesson/sva/waves.png[0m
[2m[WebServer] [22m
[2m[WebServer] [22m[1;31m[404] GET /mox/mox-run.js[0m
  ✘  100 e2e/qa-ghpages.spec.js:251:1 › SVA: concurrent simulation lesson runs cleanly (46.6s)
(node:249396) Warning: The 'NO_COLOR' env is ignored due to the 'FORCE_COLOR' env being set.
(Use `node --trace-warnings ...` to show where the warning was created)
(node:249396) Warning: The 'NO_COLOR' env is ignored due to the 'FORCE_COLOR' env being set.
(Use `node --trace-warnings ...` to show where the warning was created)
  ✓  108 e2e/qa-all-lessons.spec.js:65:5 › [29] Concurrent Assertions in Simulation › run (10.1s)
[2m[WebServer] [22m
[2m[WebServer] [22m[1;31m[404] GET /mox/mox-run.js[0m
  ✘   12 e2e/offline-cocotb.spec.js:17:3 › offline cocotb runtime › downloads offline bundle and runs cocotb fully offline (4.4m)
  ✘  109 e2e/qa-ghpages.spec.js:262:1 › UVM: driver lesson compiles and simulates (12.1s)
(node:264424) Warning: The 'NO_COLOR' env is ignored due to the 'FORCE_COLOR' env being set.
(Use `node --trace-warnings ...` to show where the warning was created)
(node:264424) Warning: The 'NO_COLOR' env is ignored due to the 'FORCE_COLOR' env being set.
(Use `node --trace-warnings ...` to show where the warning was created)
  ✓  110 e2e/qa-all-lessons.spec.js:65:5 › [30] Vacuous Pass › run (9.7s)
[2m[WebServer] [22m
[2m[WebServer] [22m[1;31m[404] GET /mox/mox-run.js[0m
  ✓  111 e2e/qa-ghpages.spec.js:277:1 › cocotb: first-test lesson loads and has run button (1.5s)
  ✓  113 e2e/qa-ghpages.spec.js:285:1 › dfn term card: appears on hover (1.1s)
  ✘  114 e2e/qa-ghpages.spec.js:299:1 › dfn term card near bottom does not clip off-screen (735ms)
(node:267626) Warning: The 'NO_COLOR' env is ignored due to the 'FORCE_COLOR' env being set.
(Use `node --trace-warnings ...` to show where the warning was created)
(node:267626) Warning: The 'NO_COLOR' env is ignored due to the 'FORCE_COLOR' env being set.
(Use `node --trace-warnings ...` to show where the warning was created)
  ✘   88 e2e/solutions-live.spec.js:54:3 › [sim] Concurrent Assertions in Simulation (1.5m)
(node:268511) Warning: The 'NO_COLOR' env is ignored due to the 'FORCE_COLOR' env being set.
(Use `node --trace-warnings ...` to show where the warning was created)
(node:268511) Warning: The 'NO_COLOR' env is ignored due to the 'FORCE_COLOR' env being set.
(Use `node --trace-warnings ...` to show where the warning was created)
  ✘   89 e2e/live-smoke.spec.js:45:1 › [sim] Concurrent Assertions — runtime assertions chapter visible, assertionFail produced (1.5m)
(node:269291) Warning: The 'NO_COLOR' env is ignored due to the 'FORCE_COLOR' env being set.
(Use `node --trace-warnings ...` to show where the warning was created)
(node:269291) Warning: The 'NO_COLOR' env is ignored due to the 'FORCE_COLOR' env being set.
(Use `node --trace-warnings ...` to show where the warning was created)
  ✓  116 e2e/solutions-live.spec.js:54:3 › [bmc] Immediate Assertions (5.3s)
  ✓  112 e2e/qa-all-lessons.spec.js:65:5 › [31] $isunknown — Detecting X and Z › run (12.8s)
  ✓  117 e2e/live-smoke.spec.js:55:1 › [bmc] Immediate Assertions — verify runs z3 (5.6s)
  ✓  118 e2e/solutions-live.spec.js:54:3 › [bmc] Clock Delay ##m and ##[m:n] (3.1s)
  ✘  106 e2e/uvm.spec.js:66:3 › UVM: Monitor and Scoreboard (45.5s)
(node:273447) Warning: The 'NO_COLOR' env is ignored due to the 'FORCE_COLOR' env being set.
(Use `node --trace-warnings ...` to show where the warning was created)
  ✓  120 e2e/live-smoke.spec.js:66:1 › [bmc] Implication — verify runs z3 (2.7s)
(node:273447) Warning: The 'NO_COLOR' env is ignored due to the 'FORCE_COLOR' env being set.
(Use `node --trace-warnings ...` to show where the warning was created)
  ✓  121 e2e/solutions-live.spec.js:54:3 › [both] assume property (2.8s)
  ✘  119 e2e/qa-all-lessons.spec.js:86:5 › [32] Immediate Assertions › verify (6.5s)
(node:274883) Warning: The 'NO_COLOR' env is ignored due to the 'FORCE_COLOR' env being set.
(Use `node --trace-warnings ...` to show where the warning was created)
(node:274883) Warning: The 'NO_COLOR' env is ignored due to the 'FORCE_COLOR' env being set.
(Use `node --trace-warnings ...` to show where the warning was created)
  ✘  125 e2e/qa-all-lessons.spec.js:86:5 › [33] Sequences and Properties › verify (6.7s)
  ✓  126 e2e/qa-all-lessons.spec.js:86:5 › [34] Implication: |-> and |=> › verify (4.5s)
  ✓  127 e2e/qa-all-lessons.spec.js:86:5 › [35] Bounded Model Checking › verify (4.5s)
  ✓  128 e2e/qa-all-lessons.spec.js:86:5 › [36] Clock Delay ##m and ##[m:n] › verify (4.5s)
  ✓  129 e2e/qa-all-lessons.spec.js:86:5 › [37] $rose and $fell › verify (4.4s)
  ✓  130 e2e/qa-all-lessons.spec.js:86:5 › [38] Request / Acknowledge › verify (5.1s)
  ✘  115 e2e/qa-ghpages.spec.js:321:1 › vim mode: toggles on and off without breaking editor (46.5s)
(node:286774) Warning: The 'NO_COLOR' env is ignored due to the 'FORCE_COLOR' env being set.
(Use `node --trace-warnings ...` to show where the warning was created)
(node:286774) Warning: The 'NO_COLOR' env is ignored due to the 'FORCE_COLOR' env being set.
(Use `node --trace-warnings ...` to show where the warning was created)
  ✓  132 e2e/qa-ghpages.spec.js:340:1 › dark mode: toggle changes color scheme (1.5s)
  ✓  133 e2e/qa-ghpages.spec.js:354:1 › copy from lesson body triggers copy-protection modal (792ms)
  ✓  131 e2e/qa-all-lessons.spec.js:86:5 › [39] Consecutive Repetition [*m] › verify (4.5s)
  ✓  134 e2e/qa-ghpages.spec.js:370:1 › narrow viewport: lesson and editor both visible (497ms)
  ✓  135 e2e/qa-all-lessons.spec.js:86:5 › [40] Goto Repetition [->m] › verify (4.5s)
  ✓  136 e2e/qa-all-lessons.spec.js:86:5 › [41] Non-Consecutive Equal Repetition [=m] › verify (4.5s)
  ✘  123 e2e/uvm.spec.js:66:3 › UVM: Environment and Test (46.6s)
(node:306445) Warning: The 'NO_COLOR' env is ignored due to the 'FORCE_COLOR' env being set.
(Use `node --trace-warnings ...` to show where the warning was created)
(node:306445) Warning: The 'NO_COLOR' env is ignored due to the 'FORCE_COLOR' env being set.
(Use `node --trace-warnings ...` to show where the warning was created)
  ✓  137 e2e/qa-all-lessons.spec.js:86:5 › [42] throughout — Stability During a Sequence › verify (4.5s)
  ✓  139 e2e/qa-all-lessons.spec.js:86:5 › [43] Sequence Composition: intersect, within, and, or › verify (4.5s)
  ✓  140 e2e/qa-all-lessons.spec.js:86:5 › [44] Sequence Formal Arguments › verify (7.6s)
  ✓  141 e2e/qa-all-lessons.spec.js:86:5 › [45] $stable and $past › verify (4.4s)
  ✓  142 e2e/qa-all-lessons.spec.js:86:5 › [46] $changed and $sampled › verify (4.5s)
  ✓  143 e2e/qa-all-lessons.spec.js:86:5 › [47] disable iff — Reset Handling › verify (4.4s)
  ✘   90 e2e/cocotb.spec.js:41:1 › cocotb: Clock and Timing — solution passes all assertions (3.0m)
  ✓  144 e2e/qa-all-lessons.spec.js:86:5 › [48] Aborting Properties: reject_on and accept_on › verify (4.5s)
  ✘   97 e2e/solutions.spec.js:154:3 › [sim] Parameters and localparam (3.0m)
  ✘   96 e2e/formal.spec.js:60:1 › assume property: solution proves property with constraint (3.0m)
(node:345367) Warning: The 'NO_COLOR' env is ignored due to the 'FORCE_COLOR' env being set.
(Use `node --trace-warnings ...` to show where the warning was created)
(node:345378) Warning: The 'NO_COLOR' env is ignored due to the 'FORCE_COLOR' env being set.
(Use `node --trace-warnings ...` to show where the warning was created)
(node:345378) Warning: The 'NO_COLOR' env is ignored due to the 'FORCE_COLOR' env being set.
(Use `node --trace-warnings ...` to show where the warning was created)
(node:345367) Warning: The 'NO_COLOR' env is ignored due to the 'FORCE_COLOR' env being set.
(Use `node --trace-warnings ...` to show where the warning was created)
  ✓  145 e2e/qa-all-lessons.spec.js:86:5 › [49] cover property › verify (5.5s)
  ✓  146 e2e/formal.spec.js:72:1 › LEC: only shows verify (LEC) button, no run button (1.7s)
  ✓  148 e2e/qa-all-lessons.spec.js:86:5 › [50] Local Variables in Sequences › verify (4.4s)
  ✘  138 e2e/uvm.spec.js:66:3 › UVM: Functional Coverage (46.0s)
  ✓  149 e2e/formal.spec.js:80:1 › LEC: buggy Impl is detected as NOT equivalent (5.8s)
(node:356058) Warning: The 'NO_COLOR' env is ignored due to the 'FORCE_COLOR' env being set.
(Use `node --trace-warnings ...` to show where the warning was created)
(node:356058) Warning: The 'NO_COLOR' env is ignored due to the 'FORCE_COLOR' env being set.
(Use `node --trace-warnings ...` to show where the warning was created)
  ✓  150 e2e/qa-all-lessons.spec.js:86:5 › [51] $onehot, $onehot0, $countones › verify (4.4s)
  ✓  153 e2e/qa-all-lessons.spec.js:86:5 › [52] .triggered — Sequence Endpoint Detection › verify (4.4s)
  ✓  154 e2e/qa-all-lessons.spec.js:86:5 › [53] The checker Construct › verify (5.4s)
  ✘  155 e2e/qa-all-lessons.spec.js:86:5 › [54] Recursive Properties › verify (4.5s)
(node:368522) Warning: The 'NO_COLOR' env is ignored due to the 'FORCE_COLOR' env being set.
(Use `node --trace-warnings ...` to show where the warning was created)
(node:368522) Warning: The 'NO_COLOR' env is ignored due to the 'FORCE_COLOR' env being set.
(Use `node --trace-warnings ...` to show where the warning was created)
[2m[WebServer] [22m
[2m[WebServer] [22m[1;31m[404] GET /mox/mox-run.js[0m
  ✘  156 e2e/qa-all-lessons.spec.js:65:5 › [55] assume property › run (8.3s)
  ✘  122 e2e/live-smoke.spec.js:77:1 › [lec] Logical Equivalence Checking — z3 proves unsat (2.0m)
  ✘  124 e2e/solutions-live.spec.js:54:3 › [lec] Logical Equivalence Checking (2.0m)
(node:385461) Warning: The 'NO_COLOR' env is ignored due to the 'FORCE_COLOR' env being set.
(Use `node --trace-warnings ...` to show where the warning was created)
(node:385461) Warning: The 'NO_COLOR' env is ignored due to the 'FORCE_COLOR' env being set.
(Use `node --trace-warnings ...` to show where the warning was created)
  ✓  158 e2e/solutions-live.spec.js:54:3 › [cocotb] Your First cocotb Test (1.7s)
  ✘  157 e2e/qa-all-lessons.spec.js:86:5 › [55] assume property › verify (5.5s)
(node:390614) Warning: The 'NO_COLOR' env is ignored due to the 'FORCE_COLOR' env being set.
(Use `node --trace-warnings ...` to show where the warning was created)
(node:390614) Warning: The 'NO_COLOR' env is ignored due to the 'FORCE_COLOR' env being set.
(Use `node --trace-warnings ...` to show where the warning was created)
  ✓  159 e2e/qa-all-lessons.spec.js:86:5 › [56] always and s_eventually › verify (5.3s)
  ✓  160 e2e/qa-all-lessons.spec.js:86:5 › [57] until and s_until › verify (4.4s)
  ✘  152 e2e/uvm.spec.js:66:3 › UVM: Cross Coverage (46.4s)
(node:404057) Warning: The 'NO_COLOR' env is ignored due to the 'FORCE_COLOR' env being set.
(Use `node --trace-warnings ...` to show where the warning was created)
  ✓  161 e2e/qa-all-lessons.spec.js:86:5 › [58] Logical Equivalence Checking › verify (6.5s)
(node:404057) Warning: The 'NO_COLOR' env is ignored due to the 'FORCE_COLOR' env being set.
(Use `node --trace-warnings ...` to show where the warning was created)
  ✘  163 e2e/uvm.spec.js:66:3 › UVM: Coverage-Driven Verification (46.3s)
(node:482922) Warning: The 'NO_COLOR' env is ignored due to the 'FORCE_COLOR' env being set.
(Use `node --trace-warnings ...` to show where the warning was created)
(node:482922) Warning: The 'NO_COLOR' env is ignored due to the 'FORCE_COLOR' env being set.
(Use `node --trace-warnings ...` to show where the warning was created)
  ✘  164 e2e/uvm.spec.js:66:3 › UVM: Factory Overrides (46.2s)
  ✘  147 e2e/solutions.spec.js:154:3 › [sim] Interfaces and modport (3.0m)
(node:548906) Warning: The 'NO_COLOR' env is ignored due to the 'FORCE_COLOR' env being set.
(Use `node --trace-warnings ...` to show where the warning was created)
(node:548906) Warning: The 'NO_COLOR' env is ignored due to the 'FORCE_COLOR' env being set.
(Use `node --trace-warnings ...` to show where the warning was created)
  ✘  151 e2e/formal.spec.js:92:1 › LEC: fixed Impl is proved equivalent to Spec (3.0m)
  ✘  162 e2e/qa-all-lessons.spec.js:65:5 › [59] The First UVM Test › run (2.5m)
  ✘  166 e2e/qa-all-lessons.spec.js:65:5 › [60] Sequence Items › run (2.5m)
  ✘  165 e2e/solutions.spec.js:154:3 › [sim] Tasks and Functions (3.0m)
(node:619323) Warning: The 'NO_COLOR' env is ignored due to the 'FORCE_COLOR' env being set.
(Use `node --trace-warnings ...` to show where the warning was created)
(node:619323) Warning: The 'NO_COLOR' env is ignored due to the 'FORCE_COLOR' env being set.
(Use `node --trace-warnings ...` to show where the warning was created)
[2m[WebServer] [22m
[2m[WebServer] [22m[1;31m[404] GET /mox/mox-run.js[0m
  ✓  168 e2e/solutions.spec.js:154:3 › [sim] typedef enum (1.6s)
[2m[WebServer] [22m
[2m[WebServer] [22m[1;31m[404] GET /mox/mox-run.js[0m
  ✓  169 e2e/solutions.spec.js:154:3 › [sim] Two-Always Moore FSM (857ms)
[2m[WebServer] [22m
[2m[WebServer] [22m[1;31m[404] GET /mox/mox-run.js[0m
  ✓  170 e2e/solutions.spec.js:154:3 › [sim] covergroup and coverpoint (711ms)
[2m[WebServer] [22m
[2m[WebServer] [22m[1;31m[404] GET /mox/mox-run.js[0m
  ✓  171 e2e/solutions.spec.js:154:3 › [sim] Bins and ignore_bins (736ms)
[2m[WebServer] [22m
[2m[WebServer] [22m[1;31m[404] GET /mox/mox-run.js[0m
  ✓  172 e2e/solutions.spec.js:154:3 › [sim] Cross coverage (704ms)
[2m[WebServer] [22m
[2m[WebServer] [22m[1;31m[404] GET /lesson/sva/waves.png[0m
[2m[WebServer] [22m
[2m[WebServer] [22m[1;31m[404] GET /mox/mox-run.js[0m
  ✓  173 e2e/solutions.spec.js:154:3 › [sim] Concurrent Assertions in Simulation (7.9s)
[2m[WebServer] [22m
[2m[WebServer] [22m[1;31m[404] GET /mox/mox-run.js[0m
  ✓  174 e2e/solutions.spec.js:154:3 › [sim] Vacuous Pass (720ms)
[2m[WebServer] [22m
[2m[WebServer] [22m[1;31m[404] GET /mox/mox-run.js[0m
  ✓  175 e2e/solutions.spec.js:154:3 › [sim] $isunknown — Detecting X and Z (695ms)
  ✘  176 e2e/solutions.spec.js:154:3 › [bmc] Immediate Assertions (2.0m)
(node:668275) Warning: The 'NO_COLOR' env is ignored due to the 'FORCE_COLOR' env being set.
(Use `node --trace-warnings ...` to show where the warning was created)
(node:668275) Warning: The 'NO_COLOR' env is ignored due to the 'FORCE_COLOR' env being set.
(Use `node --trace-warnings ...` to show where the warning was created)
  ✘  167 e2e/qa-all-lessons.spec.js:65:5 › [61] Sequences › run (2.5m)
  ✘  178 e2e/qa-all-lessons.spec.js:65:5 › [62] The Driver › run (59.6s)
  ✘  177 e2e/solutions.spec.js:154:3 › [bmc] Sequences and Properties (2.0m)
(node:738714) Warning: The 'NO_COLOR' env is ignored due to the 'FORCE_COLOR' env being set.
(Use `node --trace-warnings ...` to show where the warning was created)
(node:738714) Warning: The 'NO_COLOR' env is ignored due to the 'FORCE_COLOR' env being set.
(Use `node --trace-warnings ...` to show where the warning was created)
  ✓  180 e2e/solutions.spec.js:154:3 › [bmc] Implication: |-> and |=> (4.5s)
  ✓  181 e2e/solutions.spec.js:154:3 › [bmc] Bounded Model Checking (4.5s)
  ✓  182 e2e/solutions.spec.js:154:3 › [bmc] Clock Delay ##m and ##[m:n] (3.9s)
  ✓  183 e2e/solutions.spec.js:154:3 › [bmc] $rose and $fell (4.6s)
  ✓  184 e2e/solutions.spec.js:154:3 › [bmc] Request / Acknowledge (5.3s)
  ✓  185 e2e/solutions.spec.js:154:3 › [bmc] Consecutive Repetition [*m] (3.9s)
  ✓  186 e2e/solutions.spec.js:154:3 › [bmc] Goto Repetition [->m] (4.7s)
  ✓  187 e2e/solutions.spec.js:154:3 › [bmc] Non-Consecutive Equal Repetition [=m] (3.9s)
  ✓  188 e2e/solutions.spec.js:154:3 › [bmc] throughout — Stability During a Sequence (4.5s)
  ✓  189 e2e/solutions.spec.js:154:3 › [bmc] Sequence Composition: intersect, within, and, or (4.5s)
  ✓  190 e2e/solutions.spec.js:154:3 › [bmc] $stable and $past (4.5s)
  ✓  191 e2e/solutions.spec.js:154:3 › [bmc] $changed and $sampled (4.5s)
  ✓  192 e2e/solutions.spec.js:154:3 › [bmc] disable iff — Reset Handling (3.6s)
  ✓  193 e2e/solutions.spec.js:154:3 › [bmc] Aborting Properties: reject_on and accept_on (3.7s)
  ✓  194 e2e/solutions.spec.js:154:3 › [bmc] cover property (5.5s)
  ✓  195 e2e/solutions.spec.js:154:3 › [bmc] Local Variables in Sequences (4.5s)
  ✓  196 e2e/solutions.spec.js:154:3 › [bmc] $onehot, $onehot0, $countones (3.8s)
  ✓  197 e2e/solutions.spec.js:154:3 › [bmc] .triggered — Sequence Endpoint Detection (3.7s)
  ✓  198 e2e/solutions.spec.js:154:3 › [bmc] The checker Construct (5.5s)
  ✘  179 e2e/qa-all-lessons.spec.js:65:5 › [63] Constrained-Random Scenarios › run (2.5m)
  ✘  200 e2e/qa-all-lessons.spec.js:65:5 › [64] Monitor and Scoreboard › run (1.0m)
  ✘  199 e2e/solutions.spec.js:154:3 › [bmc] Recursive Properties (2.0m)
(node:868730) Warning: The 'NO_COLOR' env is ignored due to the 'FORCE_COLOR' env being set.
(Use `node --trace-warnings ...` to show where the warning was created)
(node:868730) Warning: The 'NO_COLOR' env is ignored due to the 'FORCE_COLOR' env being set.
(Use `node --trace-warnings ...` to show where the warning was created)
  ✘  201 e2e/qa-all-lessons.spec.js:65:5 › [65] Environment and Test › run (1.0m)
  ✘  203 e2e/qa-all-lessons.spec.js:65:5 › [66] Functional Coverage › run (1.0m)
  ✘  202 e2e/solutions.spec.js:154:3 › [both] assume property (2.0m)
(node:891550) Warning: The 'NO_COLOR' env is ignored due to the 'FORCE_COLOR' env being set.
(Use `node --trace-warnings ...` to show where the warning was created)
(node:891550) Warning: The 'NO_COLOR' env is ignored due to the 'FORCE_COLOR' env being set.
(Use `node --trace-warnings ...` to show where the warning was created)
  ✓  205 e2e/solutions.spec.js:154:3 › [bmc] always and s_eventually (5.1s)
  ✓  206 e2e/solutions.spec.js:154:3 › [bmc] until and s_until (4.6s)
  ✘  204 e2e/qa-all-lessons.spec.js:65:5 › [67] Cross Coverage › run (1.0m)
  ✓  207 e2e/solutions.spec.js:154:3 › [lec] Logical Equivalence Checking (5.9s)
  ✓  209 e2e/solutions.spec.js:154:3 › [sim] The First UVM Test (771ms)
  ✓  210 e2e/solutions.spec.js:154:3 › [sim] Sequence Items (1.4s)
  ✓  211 e2e/solutions.spec.js:154:3 › [sim] Sequences (803ms)
  ✓  212 e2e/solutions.spec.js:154:3 › [sim] The Driver (949ms)
  ✓  213 e2e/solutions.spec.js:154:3 › [sim] Monitor and Scoreboard (774ms)
  ✓  214 e2e/solutions.spec.js:154:3 › [sim] Environment and Test (689ms)
  ✓  215 e2e/solutions.spec.js:154:3 › [sim] Functional Coverage (810ms)
  ✓  216 e2e/solutions.spec.js:154:3 › [sim] Cross Coverage (748ms)
  ✓  217 e2e/solutions.spec.js:154:3 › [sim] Coverage-Driven Verification (745ms)
  ✓  218 e2e/solutions.spec.js:154:3 › [cocotb] Your First cocotb Test (810ms)
  ✓  219 e2e/solutions.spec.js:154:3 › [cocotb] Clock and Timing (758ms)
  ✘  208 e2e/qa-all-lessons.spec.js:65:5 › [68] Coverage-Driven Verification › run (1.0m)
  ✘  220 e2e/qa-all-lessons.spec.js:65:5 › [69] Factory Overrides › run (2.5m)
  ✘  221 e2e/qa-all-lessons.spec.js:65:5 › [70] Register Abstraction Layer › run (2.5m)
[2m[WebServer] [22m
[2m[WebServer] [22m[1;31m[404] GET /mox/mox-run.js[0m
  ✓  222 e2e/qa-all-lessons.spec.js:65:5 › [71] RTL to Gates › run (6.4s)
[2m[WebServer] [22m
[2m[WebServer] [22m[1;31m[404] GET /mox/mox-run.js[0m
  ✓  223 e2e/qa-all-lessons.spec.js:65:5 › [72] Synthesis Gotchas › run (8.4s)
  ✓  224 e2e/qa-all-lessons.spec.js:65:5 › [73] What is MLIR? › run (1.4s)
  ✓  225 e2e/qa-all-lessons.spec.js:65:5 › [74] The comb Dialect › run (1.4s)
  ✓  226 e2e/qa-all-lessons.spec.js:65:5 › [75] The seq Dialect: Registers › run (1.4s)
  ✓  227 e2e/qa-all-lessons.spec.js:65:5 › [76] The Lowering Pipeline › run (1.4s)
  ✘  228 e2e/qa-all-lessons.spec.js:65:5 › [77] Your First cocotb Test › run (7.4s)
  ✘  229 e2e/qa-all-lessons.spec.js:65:5 › [78] Clock and Timing › run (5.4s)
  ✘  230 e2e/qa-all-lessons.spec.js:65:5 › [79] Edge Triggers and Clock › run (6.4s)
  ✘  231 e2e/qa-all-lessons.spec.js:65:5 › [80] ClockCycles and Patterns › run (6.5s)


  1) e2e/cocotb-run.spec.js:5:1 › cocotb: a run settles with a test result or the simulator error ──

    Error: [2mexpect([22m[31mlocator[39m[2m).[22mtoContainText[2m([22m[32mexpected[39m[2m)[22m failed

    Locator: getByTestId('runtime-logs')
    Timeout: 5000ms
    Expected pattern: [32m/^(PASS|FAIL|ERROR)\s+\w+|Aborted\(/m[39m
    Received string:  [31m"$ mox-verilog --resource-guard=false --ir-llhd --timescale 1ps/1ps --single-unit --top adder -o /workspace/out/design.llhd.mlir /workspace/src/adder.svstdout $ python /workspace/src/test_adder.py[39m
    [31m$ mox-sim --resource-guard=false --mode interpret --max-time=1000000000 --top adder /workspace/out/design.llhd.mlir[39m
    [31m[mox-sim] Auto-enabling --skip-passes for module marked mox.sim.preprocessed[39m
    [31m[mox-sim] Stage: passes (prev: 1ms, total: 1ms)[39m
    [31m[mox-sim] Stage: init (prev: 9ms, total: 11ms)[39m
    [31m[mox-sim] Found 0 LLHD processes, 0 LLHD finals, 0 seq.initial blocks, and 0 hw.instance ops (out of 12 total ops) in module[39m
    [31m[mox-sim] Registered 3 LLHD signals and 0 LLHD processes/initial blocks[39m
    [31m[mox-sim] Receipt: INIT_COMPLETE_OK execution_failure=0 process_dispatches=0[39m
    [31m[mox-sim] Stage: run (prev: 230ms, total: 242ms)[39m
    [31m[mox-sim] Starting simulation[39m
    [31m[mox-sim] Simulation completed at time 0 fs[39m
    [31m[mox-sim] Simulation completed"[39m

    Call log:
    [2m  - Expect "toContainText" with timeout 5000ms[22m
    [2m  - waiting for getByTestId('runtime-logs')[22m
    [2m    9 × locator resolved to <div data-testid="runtime-logs" class="m-0 bg-logs-bg text-logs-text p-[0.6rem] overflow-auto font-mono text-[0.78rem]↵               flex-1 min-h-0">…</div>[22m
    [2m      - unexpected value "$ mox-verilog --resource-guard=false --ir-llhd --timescale 1ps/1ps --single-unit --top adder -o /workspace/out/design.llhd.mlir /workspace/src/adder.svstdout $ python /workspace/src/test_adder.py[22m
    [2m$ mox-sim --resource-guard=false --mode interpret --max-time=1000000000 --top adder /workspace/out/design.llhd.mlir[22m
    [2m[mox-sim] Auto-enabling --skip-passes for module marked mox.sim.preprocessed[22m
    [2m[mox-sim] Stage: passes (prev: 1ms, total: 1ms)[22m
    [2m[mox-sim] Stage: init (prev: 9ms, total: 11ms)[22m
    [2m[mox-sim] Found 0 LLHD processes, 0 LLHD finals, 0 seq.initial blocks, and 0 hw.instance ops (out of 12 total ops) in module[22m
    [2m[mox-sim] Registered 3 LLHD signals and 0 LLHD processes/initial blocks[22m
    [2m[mox-sim] Receipt: INIT_COMPLETE_OK execution_failure=0 process_dispatches=0[22m
    [2m[mox-sim] Stage: run (prev: 230ms, total: 242ms)[22m
    [2m[mox-sim] Starting simulation[22m
    [2m[mox-sim] Simulation completed at time 0 fs[22m
    [2m[mox-sim] Simulation completed"[22m


      12 |   await expect(logs).toContainText('$ mox-sim', { timeout: 60_000 });
      13 |   await expect(button).not.toHaveAttribute('aria-label', /^Cancel/, { timeout: 60_000 });
    > 14 |   await expect(logs).toContainText(/^(PASS|FAIL|ERROR)\s+\w+|Aborted\(/m);
         |                      ^
      15 | });
      16 |
        at /var/tmp/thomas-ahle/sv-tutorial/e2e/cocotb-run.spec.js:14:22

    attachment #1: screenshot (image/png) ──────────────────────────────────────────────────────────
    test-results/cocotb-run-cocotb-a-run-se-926cb-sult-or-the-simulator-error/test-failed-1.png
    ────────────────────────────────────────────────────────────────────────────────────────────────

    Error Context: test-results/cocotb-run-cocotb-a-run-se-926cb-sult-or-the-simulator-error/error-context.md

  2) e2e/cocotb.spec.js:25:1 › cocotb: Your First cocotb Test — solution passes all assertions ─────

    [31mTest timeout of 180000ms exceeded.[39m

    Error: [2mexpect([22m[31mlocator[39m[2m).[22mtoContainText[2m([22m[32mexpected[39m[2m)[22m failed

    Locator: getByTestId('runtime-logs')
    [32m- Expected substring  -  1[39m
    [31m+ Received string     + 12[39m

    [32m- PASS[39m
    [31m+ $ mox-verilog --resource-guard=false --ir-llhd --timescale 1ps/1ps --single-unit --top adder -o /workspace/out/design.llhd.mlir /workspace/src/adder.svstdout $ python /workspace/src/test_adder.py[39m
    [31m+ $ mox-sim --resource-guard=false --mode interpret --max-time=1000000000 --top adder /workspace/out/design.llhd.mlir[39m
    [31m+ [mox-sim] Auto-enabling --skip-passes for module marked mox.sim.preprocessed[39m
    [31m+ [mox-sim] Stage: passes (prev: 2ms, total: 2ms)[39m
    [31m+ [mox-sim] Stage: init (prev: 6ms, total: 9ms)[39m
    [31m+ [mox-sim] Found 1 LLHD processes, 0 LLHD finals, 0 seq.initial blocks, and 0 hw.instance ops (out of 44 total ops) in module[39m
    [31m+ [mox-sim] Registered 3 LLHD signals and 1 LLHD processes/initial blocks[39m
    [31m+ [mox-sim] Receipt: INIT_COMPLETE_OK execution_failure=0 process_dispatches=0[39m
    [31m+ [mox-sim] Stage: run (prev: 353ms, total: 362ms)[39m
    [31m+ [mox-sim] Starting simulation[39m
    [31m+ [mox-sim] Simulation completed at time 0 fs[39m
    [31m+ [mox-sim] Simulation completed[39m

    Call log:
    [2m  - Expect "toContainText" with timeout 180000ms[22m
    [2m  - waiting for getByTestId('runtime-logs')[22m
    [2m    2 × locator resolved to <div data-testid="runtime-logs" class="m-0 bg-logs-bg text-logs-text p-[0.6rem] overflow-auto font-mono text-[0.78rem]↵               flex-1 min-h-0">…</div>[22m
    [2m      - unexpected value "$ mox-verilog --resource-guard=false --ir-llhd --timescale 1ps/1ps --single-unit --top adder -o /workspace/out/design.llhd.mlir /workspace/src/adder.svstdout $ python /workspace/src/test_adder.py"[22m
    [2m    - locator resolved to <div data-testid="runtime-logs" class="m-0 bg-logs-bg text-logs-text p-[0.6rem] overflow-auto font-mono text-[0.78rem]↵               flex-1 min-h-0">…</div>[22m
    [2m    - unexpected value "$ mox-verilog --resource-guard=false --ir-llhd --timescale 1ps/1ps --single-unit --top adder -o /workspace/out/design.llhd.mlir /workspace/src/adder.svstdout $ python /workspace/src/test_adder.py[22m
    [2m$ mox-sim --resource-guard=false --mode interpret --max-time=1000000000 --top adder /workspace/out/design.llhd.mlir"[22m
    [2m    - locator resolved to <div data-testid="runtime-logs" class="m-0 bg-logs-bg text-logs-text p-[0.6rem] overflow-auto font-mono text-[0.78rem]↵               flex-1 min-h-0">…</div>[22m
    [2m    - unexpected value "$ mox-verilog --resource-guard=false --ir-llhd --timescale 1ps/1ps --single-unit --top adder -o /workspace/out/design.llhd.mlir /workspace/src/adder.svstdout $ python /workspace/src/test_adder.py[22m
    [2m$ mox-sim --resource-guard=false --mode interpret --max-time=1000000000 --top adder /workspace/out/design.llhd.mlir[22m
    [2m[mox-sim] Auto-enabling --skip-passes for module marked mox.sim.preprocessed[22m
    [2m[mox-sim] Stage: passes (prev: 2ms, total: 2ms)[22m
    [2m[mox-sim] Stage: init (prev: 6ms, total: 9ms)"[22m
    [2m    169 × locator resolved to <div data-testid="runtime-logs" class="m-0 bg-logs-bg text-logs-text p-[0.6rem] overflow-auto font-mono text-[0.78rem]↵               flex-1 min-h-0">…</div>[22m
    [2m        - unexpected value "$ mox-verilog --resource-guard=false --ir-llhd --timescale 1ps/1ps --single-unit --top adder -o /workspace/out/design.llhd.mlir /workspace/src/adder.svstdout $ python /workspace/src/test_adder.py[22m
    [2m$ mox-sim --resource-guard=false --mode interpret --max-time=1000000000 --top adder /workspace/out/design.llhd.mlir[22m
    [2m[mox-sim] Auto-enabling --skip-passes for module marked mox.sim.preprocessed[22m
    [2m[mox-sim] Stage: passes (prev: 2ms, total: 2ms)[22m
    [2m[mox-sim] Stage: init (prev: 6ms, total: 9ms)[22m
    [2m[mox-sim] Found 1 LLHD processes, 0 LLHD finals, 0 seq.initial blocks, and 0 hw.instance ops (out of 44 total ops) in module[22m
    [2m[mox-sim] Registered 3 LLHD signals and 1 LLHD processes/initial blocks[22m
    [2m[mox-sim] Receipt: INIT_COMPLETE_OK execution_failure=0 process_dispatches=0[22m
    [2m[mox-sim] Stage: run (prev: 353ms, total: 362ms)[22m
    [2m[mox-sim] Starting simulation[22m
    [2m[mox-sim] Simulation completed at time 0 fs[22m
    [2m[mox-sim] Simulation completed"[22m


      32 |   const logs = page.getByTestId('runtime-logs');
      33 |   await expect(logs).toContainText('$ python /workspace/src/test_adder.py', { timeout: 180_000 });
    > 34 |   await expect(logs).toContainText('PASS', { timeout: 180_000 });
         |                      ^
      35 |   await expect(logs).toContainText('[mox-sim] Simulation completed', { timeout: 180_000 });
      36 |   await expect(logs).not.toContainText('AssertionError');
      37 |   await expect(logs).not.toContainText("Failed to execute 'importScripts'");
        at /var/tmp/thomas-ahle/sv-tutorial/e2e/cocotb.spec.js:34:22

    attachment #1: screenshot (image/png) ──────────────────────────────────────────────────────────
    test-results/cocotb-cocotb-Your-First-c-05e18-ution-passes-all-assertions/test-failed-1.png
    ────────────────────────────────────────────────────────────────────────────────────────────────

    Error Context: test-results/cocotb-cocotb-Your-First-c-05e18-ution-passes-all-assertions/error-context.md

  3) e2e/cocotb.spec.js:41:1 › cocotb: Clock and Timing — solution passes all assertions ───────────

    [31mTest timeout of 180000ms exceeded.[39m

    Error: [2mexpect([22m[31mlocator[39m[2m).[22mtoContainText[2m([22m[32mexpected[39m[2m)[22m failed

    Locator: getByTestId('runtime-logs')
    [32m- Expected substring  -  1[39m
    [31m+ Received string     + 12[39m

    [32m- PASS[39m
    [31m+ $ mox-verilog --resource-guard=false --ir-llhd --timescale 1ps/1ps --single-unit --top counter -o /workspace/out/design.llhd.mlir /workspace/src/counter.svstdout $ python /workspace/src/test_counter.py[39m
    [31m+ $ mox-sim --resource-guard=false --mode interpret --max-time=1000000000 --top counter /workspace/out/design.llhd.mlir[39m
    [31m+ [mox-sim] Auto-enabling --skip-passes for module marked mox.sim.preprocessed[39m
    [31m+ [mox-sim] Stage: passes (prev: 2ms, total: 2ms)[39m
    [31m+ [mox-sim] Stage: init (prev: 8ms, total: 10ms)[39m
    [31m+ [mox-sim] Found 1 LLHD processes, 0 LLHD finals, 0 seq.initial blocks, and 0 hw.instance ops (out of 75 total ops) in module[39m
    [31m+ [mox-sim] Registered 3 LLHD signals and 1 LLHD processes/initial blocks[39m
    [31m+ [mox-sim] Receipt: INIT_COMPLETE_OK execution_failure=0 process_dispatches=0[39m
    [31m+ [mox-sim] Stage: run (prev: 271ms, total: 281ms)[39m
    [31m+ [mox-sim] Starting simulation[39m
    [31m+ [mox-sim] Simulation completed at time 0 fs[39m
    [31m+ [mox-sim] Simulation completed[39m

    Call log:
    [2m  - Expect "toContainText" with timeout 180000ms[22m
    [2m  - waiting for getByTestId('runtime-logs')[22m
    [2m    2 × locator resolved to <div data-testid="runtime-logs" class="m-0 bg-logs-bg text-logs-text p-[0.6rem] overflow-auto font-mono text-[0.78rem]↵               flex-1 min-h-0">…</div>[22m
    [2m      - unexpected value "$ mox-verilog --resource-guard=false --ir-llhd --timescale 1ps/1ps --single-unit --top counter -o /workspace/out/design.llhd.mlir /workspace/src/counter.svstdout $ python /workspace/src/test_counter.py[22m
    [2m$ mox-sim --resource-guard=false --mode interpret --max-time=1000000000 --top counter /workspace/out/design.llhd.mlir"[22m
    [2m    - locator resolved to <div data-testid="runtime-logs" class="m-0 bg-logs-bg text-logs-text p-[0.6rem] overflow-auto font-mono text-[0.78rem]↵               flex-1 min-h-0">…</div>[22m
    [2m    - unexpected value "$ mox-verilog --resource-guard=false --ir-llhd --timescale 1ps/1ps --single-unit --top counter -o /workspace/out/design.llhd.mlir /workspace/src/counter.svstdout $ python /workspace/src/test_counter.py[22m
    [2m$ mox-sim --resource-guard=false --mode interpret --max-time=1000000000 --top counter /workspace/out/design.llhd.mlir[22m
    [2m[mox-sim] Auto-enabling --skip-passes for module marked mox.sim.preprocessed[22m
    [2m[mox-sim] Stage: passes (prev: 2ms, total: 2ms)[22m
    [2m[mox-sim] Stage: init (prev: 8ms, total: 10ms)[22m
    [2m[mox-sim] Found 1 LLHD processes, 0 LLHD finals, 0 seq.initial blocks, and 0 hw.instance ops (out of 75 total ops) in module"[22m
    [2m    171 × locator resolved to <div data-testid="runtime-logs" class="m-0 bg-logs-bg text-logs-text p-[0.6rem] overflow-auto font-mono text-[0.78rem]↵               flex-1 min-h-0">…</div>[22m
    [2m        - unexpected value "$ mox-verilog --resource-guard=false --ir-llhd --timescale 1ps/1ps --single-unit --top counter -o /workspace/out/design.llhd.mlir /workspace/src/counter.svstdout $ python /workspace/src/test_counter.py[22m
    [2m$ mox-sim --resource-guard=false --mode interpret --max-time=1000000000 --top counter /workspace/out/design.llhd.mlir[22m
    [2m[mox-sim] Auto-enabling --skip-passes for module marked mox.sim.preprocessed[22m
    [2m[mox-sim] Stage: passes (prev: 2ms, total: 2ms)[22m
    [2m[mox-sim] Stage: init (prev: 8ms, total: 10ms)[22m
    [2m[mox-sim] Found 1 LLHD processes, 0 LLHD finals, 0 seq.initial blocks, and 0 hw.instance ops (out of 75 total ops) in module[22m
    [2m[mox-sim] Registered 3 LLHD signals and 1 LLHD processes/initial blocks[22m
    [2m[mox-sim] Receipt: INIT_COMPLETE_OK execution_failure=0 process_dispatches=0[22m
    [2m[mox-sim] Stage: run (prev: 271ms, total: 281ms)[22m
    [2m[mox-sim] Starting simulation[22m
    [2m[mox-sim] Simulation completed at time 0 fs[22m
    [2m[mox-sim] Simulation completed"[22m


      47 |   const logs = page.getByTestId('runtime-logs');
      48 |   await expect(logs).toContainText('$ python /workspace/src/test_counter.py', { timeout: 180_000 });
    > 49 |   await expect(logs).toContainText('PASS', { timeout: 180_000 });
         |                      ^
      50 |   await expect(logs).toContainText('[mox-sim] Simulation completed', { timeout: 180_000 });
      51 |   await expect(logs).not.toContainText('AssertionError');
      52 |   await expect(logs).not.toContainText("Failed to execute 'importScripts'");
        at /var/tmp/thomas-ahle/sv-tutorial/e2e/cocotb.spec.js:49:22

    attachment #1: screenshot (image/png) ──────────────────────────────────────────────────────────
    test-results/cocotb-cocotb-Clock-and-Ti-60da2-ution-passes-all-assertions/test-failed-1.png
    ────────────────────────────────────────────────────────────────────────────────────────────────

    Error Context: test-results/cocotb-cocotb-Clock-and-Ti-60da2-ution-passes-all-assertions/error-context.md

  4) e2e/diag-focus.spec.js:7:1 › diag: probe FocusItem vs id_of_name in current Surfer build ──────

    [31mTest timeout of 180000ms exceeded.[39m

    Error: locator.click: Test timeout of 180000ms exceeded.
    Call log:
    [2m  - waiting for getByTitle('Editor options')[22m


      21 |     }
      22 |   });
    > 23 |   await page.getByTitle('Editor options').click();
         |                                           ^
      24 |   await page.getByTestId('solve-button').click();
      25 |   await page.getByTestId('run-button').click();
      26 |   await expect(page.getByTestId('runtime-tab-waves')).toBeVisible({ timeout: 90_000 });
        at /var/tmp/thomas-ahle/sv-tutorial/e2e/diag-focus.spec.js:23:43

    attachment #1: screenshot (image/png) ──────────────────────────────────────────────────────────
    test-results/diag-focus-diag-probe-Focu-812b4-ame-in-current-Surfer-build/test-failed-1.png
    ────────────────────────────────────────────────────────────────────────────────────────────────

    Error Context: test-results/diag-focus-diag-probe-Focu-812b4-ame-in-current-Surfer-build/error-context.md

  5) e2e/formal.spec.js:37:1 › BMC: solution proves all properties within the bound ────────────────

    [31mTest timeout of 180000ms exceeded.[39m

    Error: locator.click: Test timeout of 180000ms exceeded.
    Call log:
    [2m  - waiting for getByTestId('options-button')[22m
    [2m    - locator resolved to <button title="Editor options" aria-label="Editor options" data-testid="options-button" class="flex items-center justify-center w-8 h-8 rounded-[7px] hover:bg-surface-2 transition-colors text-muted-foreground bg-surface-2">…</button>[22m
    [2m  - attempting click action[22m
    [2m    2 × waiting for element to be visible, enabled and stable[22m
    [2m      - element is visible, enabled and stable[22m
    [2m      - scrolling into view if needed[22m
    [2m      - done scrolling[22m
    [2m      - <div class="fixed inset-0 z-40"></div> intercepts pointer events[22m
    [2m    - retrying click action[22m
    [2m    - waiting 20ms[22m
    [2m    2 × waiting for element to be visible, enabled and stable[22m
    [2m      - element is visible, enabled and stable[22m
    [2m      - scrolling into view if needed[22m
    [2m      - done scrolling[22m
    [2m      - <div class="fixed inset-0 z-40"></div> intercepts pointer events[22m
    [2m    - retrying click action[22m
    [2m      - waiting 100ms[22m
    [2m    346 × waiting for element to be visible, enabled and stable[22m
    [2m        - element is visible, enabled and stable[22m
    [2m        - scrolling into view if needed[22m
    [2m        - done scrolling[22m
    [2m        - <div class="fixed inset-0 z-40"></div> intercepts pointer events[22m
    [2m      - retrying click action[22m
    [2m        - waiting 500ms[22m


      17 | /** Open the gear menu then click the solve/reset button inside it. */
      18 | async function clickSolve(page) {
    > 19 |   await page.getByTestId('options-button').click();
         |                                            ^
      20 |   await clickSolve(page);
      21 | }
      22 |
        at clickSolve (/var/tmp/thomas-ahle/sv-tutorial/e2e/formal.spec.js:19:44)
        at clickSolve (/var/tmp/thomas-ahle/sv-tutorial/e2e/formal.spec.js:20:9)
        at /var/tmp/thomas-ahle/sv-tutorial/e2e/formal.spec.js:40:3

    attachment #1: screenshot (image/png) ──────────────────────────────────────────────────────────
    test-results/formal-BMC-solution-proves-all-properties-within-the-bound/test-failed-1.png
    ────────────────────────────────────────────────────────────────────────────────────────────────

    Error Context: test-results/formal-BMC-solution-proves-all-properties-within-the-bound/error-context.md

  6) e2e/formal.spec.js:60:1 › assume property: solution proves property with constraint ───────────

    [31mTest timeout of 180000ms exceeded.[39m

    Error: locator.click: Test timeout of 180000ms exceeded.
    Call log:
    [2m  - waiting for getByTestId('options-button')[22m
    [2m    - locator resolved to <button title="Editor options" aria-label="Editor options" data-testid="options-button" class="flex items-center justify-center w-8 h-8 rounded-[7px] hover:bg-surface-2 transition-colors text-muted-foreground bg-surface-2">…</button>[22m
    [2m  - attempting click action[22m
    [2m    2 × waiting for element to be visible, enabled and stable[22m
    [2m      - element is visible, enabled and stable[22m
    [2m      - scrolling into view if needed[22m
    [2m      - done scrolling[22m
    [2m      - <div class="fixed inset-0 z-40"></div> intercepts pointer events[22m
    [2m    - retrying click action[22m
    [2m    - waiting 20ms[22m
    [2m    2 × waiting for element to be visible, enabled and stable[22m
    [2m      - element is visible, enabled and stable[22m
    [2m      - scrolling into view if needed[22m
    [2m      - done scrolling[22m
    [2m      - <div class="fixed inset-0 z-40"></div> intercepts pointer events[22m
    [2m    - retrying click action[22m
    [2m      - waiting 100ms[22m
    [2m    347 × waiting for element to be visible, enabled and stable[22m
    [2m        - element is visible, enabled and stable[22m
    [2m        - scrolling into view if needed[22m
    [2m        - done scrolling[22m
    [2m        - <div class="fixed inset-0 z-40"></div> intercepts pointer events[22m
    [2m      - retrying click action[22m
    [2m        - waiting 500ms[22m


      17 | /** Open the gear menu then click the solve/reset button inside it. */
      18 | async function clickSolve(page) {
    > 19 |   await page.getByTestId('options-button').click();
         |                                            ^
      20 |   await clickSolve(page);
      21 | }
      22 |
        at clickSolve (/var/tmp/thomas-ahle/sv-tutorial/e2e/formal.spec.js:19:44)
        at clickSolve (/var/tmp/thomas-ahle/sv-tutorial/e2e/formal.spec.js:20:9)
        at /var/tmp/thomas-ahle/sv-tutorial/e2e/formal.spec.js:63:3

    attachment #1: screenshot (image/png) ──────────────────────────────────────────────────────────
    test-results/formal-assume-property-sol-7a639-es-property-with-constraint/test-failed-1.png
    ────────────────────────────────────────────────────────────────────────────────────────────────

    Error Context: test-results/formal-assume-property-sol-7a639-es-property-with-constraint/error-context.md

  7) e2e/formal.spec.js:92:1 › LEC: fixed Impl is proved equivalent to Spec ────────────────────────

    [31mTest timeout of 180000ms exceeded.[39m

    Error: locator.click: Test timeout of 180000ms exceeded.
    Call log:
    [2m  - waiting for getByTestId('options-button')[22m
    [2m    - locator resolved to <button title="Editor options" aria-label="Editor options" data-testid="options-button" class="flex items-center justify-center w-8 h-8 rounded-[7px] hover:bg-surface-2 transition-colors text-muted-foreground bg-surface-2">…</button>[22m
    [2m  - attempting click action[22m
    [2m    2 × waiting for element to be visible, enabled and stable[22m
    [2m      - element is visible, enabled and stable[22m
    [2m      - scrolling into view if needed[22m
    [2m      - done scrolling[22m
    [2m      - <div class="fixed inset-0 z-40"></div> intercepts pointer events[22m
    [2m    - retrying click action[22m
    [2m    - waiting 20ms[22m
    [2m    2 × waiting for element to be visible, enabled and stable[22m
    [2m      - element is visible, enabled and stable[22m
    [2m      - scrolling into view if needed[22m
    [2m      - done scrolling[22m
    [2m      - <div class="fixed inset-0 z-40"></div> intercepts pointer events[22m
    [2m    - retrying click action[22m
    [2m      - waiting 100ms[22m
    [2m    347 × waiting for element to be visible, enabled and stable[22m
    [2m        - element is visible, enabled and stable[22m
    [2m        - scrolling into view if needed[22m
    [2m        - done scrolling[22m
    [2m        - <div class="fixed inset-0 z-40"></div> intercepts pointer events[22m
    [2m      - retrying click action[22m
    [2m        - waiting 500ms[22m


      17 | /** Open the gear menu then click the solve/reset button inside it. */
      18 | async function clickSolve(page) {
    > 19 |   await page.getByTestId('options-button').click();
         |                                            ^
      20 |   await clickSolve(page);
      21 | }
      22 |
        at clickSolve (/var/tmp/thomas-ahle/sv-tutorial/e2e/formal.spec.js:19:44)
        at clickSolve (/var/tmp/thomas-ahle/sv-tutorial/e2e/formal.spec.js:20:9)
        at /var/tmp/thomas-ahle/sv-tutorial/e2e/formal.spec.js:95:3

    attachment #1: screenshot (image/png) ──────────────────────────────────────────────────────────
    test-results/formal-LEC-fixed-Impl-is-proved-equivalent-to-Spec/test-failed-1.png
    ────────────────────────────────────────────────────────────────────────────────────────────────

    Error Context: test-results/formal-LEC-fixed-Impl-is-proved-equivalent-to-Spec/error-context.md

  8) e2e/ghpages.spec.js:49:1 › UVM: Driver lesson compiles and simulates ──────────────────────────

    Error: [2mexpect([22m[31mreceived[39m[2m).[22mtoContain[2m([22m[32mexpected[39m[2m) // indexOf[22m

    Expected substring: [32m"$ mox-sim"[39m
    Received string:    [31m"# bundled 3 roots into /workspace/__svt_uvm_bundle.sv for stable UVM compilation$ mox-verilog --resource-guard=false --ir-llhd --timescale 1ns/1ns --single-unit --uvm-path /mox/uvm-core -I /mox/uvm-core/src --top tb_top -o /workspace/out/design.llhd.mlir /workspace/__svt_uvm_bundle.svstdout LazyFiles on gzip forces download of the whole file when length is accessed[39m
    [31mLazyFiles on gzip forces download of the whole file when length is accessed[39m
    [31mLazyFiles on gzip forces download of the whole file when length is accessed[39m
    [31mLazyFiles on gzip forces download of the whole file when length is accessed[39m
    [31mLazyFiles on gzip forces download of the whole file when length is accessed[39m
    [31mLazyFiles on gzip forces download of the whole file when length is accessed[39m
    [31mLazyFiles on gzip forces download of the whole file when length is accessed[39m
    [31mLazyFiles on gzip forces download of the whole file when length is accessed[39m
    [31mLazyFiles on gzip forces download of the whole file when length is accessed[39m
    [31mLazyFiles on gzip forces download of the whole file when length is accessed[39m
    [31mLazyFiles on gzip forces download of the whole file when length is accessed[39m
    [31mLazyFiles on gzip forces download of the whole file when length is accessed[39m
    [31mLazyFiles on gzip forces download of the whole file when length is accessed[39m
    [31mLazyFiles on gzip forces download of the whole file when length is accessed[39m
    [31mLazyFiles on gzip forces download of the whole file when length is accessed[39m
    [31mLazyFiles on gzip forces download of the whole file when length is accessed[39m
    [31mLazyFiles on gzip forces download of the whole file when length is accessed[39m
    [31mLazyFiles on gzip forces download of the whole file when length is accessed[39m
    [31mLazyFiles on gzip forces download of the whole file when length is accessed[39m
    [31mLazyFiles on gzip forces download of the whole file when length is accessed[39m
    [31mLazyFiles on gzip forces download of the whole file when length is accessed[39m
    [31mLazyFiles on gzip forces download of the whole file when length is accessed[39m
    [31mLazyFiles on gzip forces download of the whole file when length is accessed[39m
    [31mLazyFiles on gzip forces download of the whole file when length is accessed[39m
    [31mLazyFiles on gzip forces download of the whole file when length is accessed[39m
    [31mLazyFiles on gzip forces download of the whole file when length is accessed[39m
    [31mLazyFiles on gzip forces download of the whole file when length is accessed[39m
    [31mLazyFiles on gzip forces download of the whole file when length is accessed[39m
    [31mLazyFiles on gzip forces download of the whole file when length is accessed[39m
    [31mLazyFiles on gzip forces download of the whole file when length is accessed[39m
    [31mLazyFiles on gzip forces download of the whole file when length is accessed[39m
    [31mLazyFiles on gzip forces download of the whole file when length is accessed[39m
    [31mLazyFiles on gzip forces download of the whole file when length is accessed[39m
    [31mLazyFiles on gzip forces download of the whole file when length is accessed[39m
    [31mLazyFiles on gzip forces download of the whole file when length is accessed[39m
    [31mLazyFiles on gzip forces download of the whole file when length is accessed[39m
    [31mLazyFiles on gzip forces download of the whole file when length is accessed[39m
    [31mLazyFiles on gzip forces download of the whole file when length is accessed[39m
    [31mLazyFiles on gzip forces download of the whole file when length is accessed[39m
    [31mLazyFiles on gzip forces download of the whole file when length is accessed[39m
    [31mLazyFiles on gzip forces download of the whole file when length is accessed[39m
    [31mLazyFiles on gzip forces download of the whole file when length is accessed[39m
    [31mLazyFiles on gzip forces download of the whole file when length is accessed[39m
    [31mLazyFiles on gzip forces download of the whole file when length is accessed[39m
    [31mLazyFiles on gzip forces download of the whole file when length is accessed[39m
    [31mLazyFiles on gzip forces download of the whole file when length is accessed[39m
    [31mLazyFiles on gzip forces download of the whole file when length is accessed[39m
    [31mLazyFiles on gzip forces download of the whole file when length is accessed[39m
    [31mLazyFiles on gzip forces download of the whole file when length is accessed[39m
    [31mLazyFiles on gzip forces download of the whole file when length is accessed[39m
    [31mLazyFiles on gzip forces download of the whole file when length is accessed[39m
    [31mLazyFiles on gzip forces download of the whole file when length is accessed[39m
    [31mLazyFiles on gzip forces download of the whole file when length is accessed[39m
    [31mLazyFiles on gzip forces download of the whole file when length is accessed[39m
    [31mLazyFiles on gzip forces download of the whole file when length is accessed[39m
    [31mLazyFiles on gzip forces download of the whole file when length is accessed[39m
    [31mLazyFiles on gzip forces download of the whole file when length is accessed[39m
    [31mLazyFiles on gzip forces download of the whole file when length is accessed[39m
    [31mLazyFiles on gzip forces download of the whole file when length is accessed[39m
    [31mLazyFiles on gzip forces download of the whole file when length is accessed[39m
    [31mLazyFiles on gzip forces download of the whole file when length is accessed[39m
    [31mLazyFiles on gzip forces download of the whole file when length is accessed[39m
    [31mLazyFiles on gzip forces download of the whole file when length is accessed[39m
    [31mLazyFiles on gzip forces download of the whole file when length is accessed[39m
    [31mLazyFiles on gzip forces download of the whole file when length is accessed[39m
    [31mLazyFiles on gzip forces download of the whole file when length is accessed[39m
    [31mLazyFiles on gzip forces download of the whole file when length is accessed[39m
    [31mLazyFiles on gzip forces download of the whole file when length is accessed[39m
    [31mLazyFiles on gzip forces download of the whole file when length is accessed[39m
    [31mLazyFiles on gzip forces download of the whole file when length is accessed[39m
    [31mLazyFiles on gzip forces download of the whole file when length is accessed[39m
    [31mLazyFiles on gzip forces download of the whole file when length is accessed[39m
    [31mLazyFiles on gzip forces download of the whole file when length is accessed[39m
    [31mLazyFiles on gzip forces download of the whole file when length is accessed[39m
    [31mLazyFiles on gzip forces download of the whole file when length is accessed[39m
    [31mLazyFiles on gzip forces download of the whole file when length is accessed[39m
    [31mLazyFiles on gzip forces download of the whole file when length is accessed[39m
    [31mLazyFiles on gzip forces download of the whole file when length is accessed[39m
    [31mLazyFiles on gzip forces download of the whole file when length is accessed[39m
    [31mLazyFiles on gzip forces download of the whole file when length is accessed[39m
    [31mLazyFiles on gzip forces download of the whole file when length is accessed[39m
    [31mLazyFiles on gzip forces download of the whole file when length is accessed[39m
    [31mLazyFiles on gzip forces download of the whole file when length is accessed[39m
    [31mLazyFiles on gzip forces download of the whole file when length is accessed[39m
    [31mLazyFiles on gzip forces download of the whole file when length is accessed[39m
    [31mLazyFiles on gzip forces download of the whole file when length is accessed[39m
    [31mLazyFiles on gzip forces download of the whole file when length is accessed[39m
    [31mLazyFiles on gzip forces download of the whole file when length is accessed[39m
    [31mLazyFiles on gzip forces download of the whole file when length is accessed[39m
    [31mLazyFiles on gzip forces download of the whole file when length is accessed[39m
    [31mLazyFiles on gzip forces download of the whole file when length is accessed[39m
    [31mLazyFiles on gzip forces download of the whole file when length is accessed[39m
    [31mLazyFiles on gzip forces download of the whole file when length is accessed[39m
    [31mLazyFiles on gzip forces download of the whole file when length is accessed[39m
    [31mLazyFiles on gzip forces download of the whole file when length is accessed[39m
    [31mLazyFiles on gzip forces download of the whole file when length is accessed[39m
    [31mLazyFiles on gzip forces download of the whole file when length is accessed[39m
    [31mLazyFiles on gzip forces download of the whole file when length is accessed[39m
    [31mLazyFiles on gzip forces download of the whole file when length is accessed[39m
    [31mLazyFiles on gzip forces download of the whole file when length is accessed[39m
    [31mLazyFiles on gzip forces download of the whole file when length is accessed[39m
    [31mLazyFiles on gzip forces download of the whole file when length is accessed[39m
    [31mLazyFiles on gzip forces download of the whole file when length is accessed[39m
    [31mLazyFiles on gzip forces download of the whole file when length is accessed[39m
    [31mLazyFiles on gzip forces download of the whole file when length is accessed[39m
    [31mLazyFiles on gzip forces download of the whole file when length is accessed[39m
    [31mLazyFiles on gzip forces download of the whole file when length is accessed[39m
    [31mLazyFiles on gzip forces download of the whole file when length is accessed[39m
    [31mLazyFiles on gzip forces download of the whole file when length is accessed[39m
    [31mLazyFiles on gzip forces download of the whole file when length is accessed[39m
    [31mLazyFiles on gzip forces download of the whole file when length is accessed[39m
    [31mLazyFiles on gzip forces download of the whole file when length is accessed[39m
    [31mLazyFiles on gzip forces download of the whole file when length is accessed[39m
    [31mLazyFiles on gzip forces download of the whole file when length is accessed[39m
    [31mLazyFiles on gzip forces download of the whole file when length is accessed[39m
    [31mLazyFiles on gzip forces download of the whole file when length is accessed[39m
    [31mLazyFiles on gzip forces download of the whole file when length is accessed[39m
    [31mLazyFiles on gzip forces download of the whole file when length is accessed[39m
    [31mLazyFiles on gzip forces download of the whole file when length is accessed[39m
    [31mLazyFiles on gzip forces download of the whole file when length is accessed[39m
    [31mLazyFiles on gzip forces download of the whole file when length is accessed[39m
    [31mLazyFiles on gzip forces download of the whole file when length is accessed[39m
    [31mLazyFiles on gzip forces download of the whole file when length is accessed[39m
    [31mLazyFiles on gzip forces download of the whole file when length is accessed[39m
    [31mLazyFiles on gzip forces download of the whole file when length is accessed[39m
    [31mLazyFiles on gzip forces download of the whole file when length is accessed[39m
    [31mLazyFiles on gzip forces download of the whole file when length is accessed[39m
    [31mLazyFiles on gzip forces download of the whole file when length is accessed[39m
    [31mLazyFiles on gzip forces download of the whole file when length is accessed[39m
    [31mLazyFiles on gzip forces download of the whole file when length is accessed[39m
    [31mLazyFiles on gzip forces download of the whole file when length is accessed[39m
    [31mLazyFiles on gzip forces download of the whole file when length is accessed[39m
    [31mLazyFiles on gzip forces download of the whole file when length is accessed[39m
    [31mLazyFiles on gzip forces download of the whole file when length is accessed[39m
    [31mLazyFiles on gzip forces download of the whole file when length is accessed[39m
    [31mLazyFiles on gzip forces download of the whole file when length is accessed[39m
    [31mLazyFiles on gzip forces download of the whole file when length is accessed[39m
    [31mLazyFiles on gzip forces download of the whole file when length is accessed[39m
    [31mLazyFiles on gzip forces download of the whole file when length is accessed[39m
    [31mLazyFiles on gzip forces download of the whole file when length is accessed[39m
    [31mLazyFiles on gzip forces download of the whole file when length is accessed[39m
    [31mLazyFiles on gzip forces download of the whole file when length is accessed[39m
    [31mLazyFiles on gzip forces download of the whole file when length is accessed[39m
    [31mLazyFiles on gzip forces download of the whole file when length is accessed[39m
    [31mLazyFiles on gzip forces download of the whole file when length is accessed[39m
    [31mLazyFiles on gzip forces download of the whole file when length is accessed[39m
    [31mLazyFiles on gzip forces download of the whole file when length is accessed[39m
    [31mLazyFiles on gzip forces download of the whole file when length is accessed[39m
    [31mLazyFiles on gzip forces download of the whole file when length is accessed[39m
    [31mLazyFiles on gzip forces download of the whole file when length is accessed[39m
    [31mLazyFiles on gzip forces download of the whole file when length is accessed[39m
    [31mLazyFiles on gzip forces download of the whole file when length is accessed[39m
    [31mLazyFiles on gzip forces download of the whole file when length is accessed[39m
    [31mLazyFiles on gzip forces download of the whole file when length is accessed[39m
    [31mLazyFiles on gzip forces download of the whole file when length is accessed[39m
    [31mLazyFiles on gzip forces download of the whole file when length is accessed[39m
    [31mLazyFiles on gzip forces download of the whole file when length is accessed[39m
    [31mLazyFiles on gzip forces download of the whole file when length is accessed[39m
    [31mLazyFiles on gzip forces download of the whole file when length is accessed[39m
    [31mLazyFiles on gzip forces download of the whole file when length is accessed[39m
    [31mLazyFiles on gzip forces download of the whole file when length is accessed[39m
    [31mLazyFiles on gzip forces download of the whole file when length is accessed[39m
    [31mLazyFiles on gzip forces download of the whole file when length is accessed[39m
    [31mLazyFiles on gzip forces download of the whole file when length is accessed[39m
    [31mLazyFiles on gzip forces download of the whole file when length is accessed[39m
    [31mLazyFiles on gzip forces download of the whole file when length is accessedstderr /mox/uvm-core/src/base/uvm_config_db_implementation.svh:375:26: warning: unknown character escape sequence [-Wunknown-escape-code][39m
    [31m            separator = \"\\.(\" ;[39m
    [31m                         ^[39m
    [31m/mox/uvm-core/src/uvm_pkg.sv:57:2: note: included from here[39m
    [31m `include \"base/uvm_base.svh\"[39m
    [31m ^[39m
    [31m/mox/uvm-core/src/base/uvm_base.svh:77:3: note: included from here[39m
    [31m  `include \"base/uvm_config_db_implementation.svh\"[39m
    [31m  ^[39m
    [31m/workspace/src/sram.sv:10:13: error: variable 'mem' driven by always_ff procedure[39m
    [31m    if (we) mem[addr] <= wdata;[39m
    [31m            ^# mox-verilog exit code: 1# lowered MLIR output was not produced"[39m

      32 |
      33 |   const text = await logs.textContent();
    > 34 |   expect(text).toContain('$ mox-sim');
         |                ^
      35 |   expect(text).not.toContain('# mox-verilog exit code: 1');
      36 |   expect(text).not.toContain('# mox-sim exit code: 1');
      37 |   expect(text).not.toContain('runtime unavailable');
        at expectCleanUvmRun (/var/tmp/thomas-ahle/sv-tutorial/e2e/ghpages.spec.js:34:16)
        at /var/tmp/thomas-ahle/sv-tutorial/e2e/ghpages.spec.js:53:3

    attachment #1: screenshot (image/png) ──────────────────────────────────────────────────────────
    test-results/ghpages-UVM-Driver-lesson-compiles-and-simulates/test-failed-1.png
    ────────────────────────────────────────────────────────────────────────────────────────────────

    Error Context: test-results/ghpages-UVM-Driver-lesson-compiles-and-simulates/error-context.md

  9) e2e/ghpages.spec.js:56:1 › UVM: Cross Coverage compiles with intersect syntax ─────────────────

    Error: [2mexpect([22m[31mreceived[39m[2m).[22mtoContain[2m([22m[32mexpected[39m[2m) // indexOf[22m

    Expected substring: [32m"$ mox-sim"[39m
    Received string:    [31m"# bundled 3 roots into /workspace/__svt_uvm_bundle.sv for stable UVM compilation$ mox-verilog --resource-guard=false --ir-llhd --timescale 1ns/1ns --single-unit --uvm-path /mox/uvm-core -I /mox/uvm-core/src --top tb_top -o /workspace/out/design.llhd.mlir /workspace/__svt_uvm_bundle.svstdout LazyFiles on gzip forces download of the whole file when length is accessed[39m
    [31mLazyFiles on gzip forces download of the whole file when length is accessed[39m
    [31mLazyFiles on gzip forces download of the whole file when length is accessed[39m
    [31mLazyFiles on gzip forces download of the whole file when length is accessed[39m
    [31mLazyFiles on gzip forces download of the whole file when length is accessed[39m
    [31mLazyFiles on gzip forces download of the whole file when length is accessed[39m
    [31mLazyFiles on gzip forces download of the whole file when length is accessed[39m
    [31mLazyFiles on gzip forces download of the whole file when length is accessed[39m
    [31mLazyFiles on gzip forces download of the whole file when length is accessed[39m
    [31mLazyFiles on gzip forces download of the whole file when length is accessed[39m
    [31mLazyFiles on gzip forces download of the whole file when length is accessed[39m
    [31mLazyFiles on gzip forces download of the whole file when length is accessed[39m
    [31mLazyFiles on gzip forces download of the whole file when length is accessed[39m
    [31mLazyFiles on gzip forces download of the whole file when length is accessed[39m
    [31mLazyFiles on gzip forces download of the whole file when length is accessed[39m
    [31mLazyFiles on gzip forces download of the whole file when length is accessed[39m
    [31mLazyFiles on gzip forces download of the whole file when length is accessed[39m
    [31mLazyFiles on gzip forces download of the whole file when length is accessed[39m
    [31mLazyFiles on gzip forces download of the whole file when length is accessed[39m
    [31mLazyFiles on gzip forces download of the whole file when length is accessed[39m
    [31mLazyFiles on gzip forces download of the whole file when length is accessed[39m
    [31mLazyFiles on gzip forces download of the whole file when length is accessed[39m
    [31mLazyFiles on gzip forces download of the whole file when length is accessed[39m
    [31mLazyFiles on gzip forces download of the whole file when length is accessed[39m
    [31mLazyFiles on gzip forces download of the whole file when length is accessed[39m
    [31mLazyFiles on gzip forces download of the whole file when length is accessed[39m
    [31mLazyFiles on gzip forces download of the whole file when length is accessed[39m
    [31mLazyFiles on gzip forces download of the whole file when length is accessed[39m
    [31mLazyFiles on gzip forces download of the whole file when length is accessed[39m
    [31mLazyFiles on gzip forces download of the whole file when length is accessed[39m
    [31mLazyFiles on gzip forces download of the whole file when length is accessed[39m
    [31mLazyFiles on gzip forces download of the whole file when length is accessed[39m
    [31mLazyFiles on gzip forces download of the whole file when length is accessed[39m
    [31mLazyFiles on gzip forces download of the whole file when length is accessed[39m
    [31mLazyFiles on gzip forces download of the whole file when length is accessed[39m
    [31mLazyFiles on gzip forces download of the whole file when length is accessed[39m
    [31mLazyFiles on gzip forces download of the whole file when length is accessed[39m
    [31mLazyFiles on gzip forces download of the whole file when length is accessed[39m
    [31mLazyFiles on gzip forces download of the whole file when length is accessed[39m
    [31mLazyFiles on gzip forces download of the whole file when length is accessed[39m
    [31mLazyFiles on gzip forces download of the whole file when length is accessed[39m
    [31mLazyFiles on gzip forces download of the whole file when length is accessed[39m
    [31mLazyFiles on gzip forces download of the whole file when length is accessed[39m
    [31mLazyFiles on gzip forces download of the whole file when length is accessed[39m
    [31mLazyFiles on gzip forces download of the whole file when length is accessed[39m
    [31mLazyFiles on gzip forces download of the whole file when length is accessed[39m
    [31mLazyFiles on gzip forces download of the whole file when length is accessed[39m
    [31mLazyFiles on gzip forces download of the whole file when length is accessed[39m
    [31mLazyFiles on gzip forces download of the whole file when length is accessed[39m
    [31mLazyFiles on gzip forces download of the whole file when length is accessed[39m
    [31mLazyFiles on gzip forces download of the whole file when length is accessed[39m
    [31mLazyFiles on gzip forces download of the whole file when length is accessed[39m
    [31mLazyFiles on gzip forces download of the whole file when length is accessed[39m
    [31mLazyFiles on gzip forces download of the whole file when length is accessed[39m
    [31mLazyFiles on gzip forces download of the whole file when length is accessed[39m
    [31mLazyFiles on gzip forces download of the whole file when length is accessed[39m
    [31mLazyFiles on gzip forces download of the whole file when length is accessed[39m
    [31mLazyFiles on gzip forces download of the whole file when length is accessed[39m
    [31mLazyFiles on gzip forces download of the whole file when length is accessed[39m
    [31mLazyFiles on gzip forces download of the whole file when length is accessed[39m
    [31mLazyFiles on gzip forces download of the whole file when length is accessed[39m
    [31mLazyFiles on gzip forces download of the whole file when length is accessed[39m
    [31mLazyFiles on gzip forces download of the whole file when length is accessed[39m
    [31mLazyFiles on gzip forces download of the whole file when length is accessed[39m
    [31mLazyFiles on gzip forces download of the whole file when length is accessed[39m
    [31mLazyFiles on gzip forces download of the whole file when length is accessed[39m
    [31mLazyFiles on gzip forces download of the whole file when length is accessed[39m
    [31mLazyFiles on gzip forces download of the whole file when length is accessed[39m
    [31mLazyFiles on gzip forces download of the whole file when length is accessed[39m
    [31mLazyFiles on gzip forces download of the whole file when length is accessed[39m
    [31mLazyFiles on gzip forces download of the whole file when length is accessed[39m
    [31mLazyFiles on gzip forces download of the whole file when length is accessed[39m
    [31mLazyFiles on gzip forces download of the whole file when length is accessed[39m
    [31mLazyFiles on gzip forces download of the whole file when length is accessed[39m
    [31mLazyFiles on gzip forces download of the whole file when length is accessed[39m
    [31mLazyFiles on gzip forces download of the whole file when length is accessed[39m
    [31mLazyFiles on gzip forces download of the whole file when length is accessed[39m
    [31mLazyFiles on gzip forces download of the whole file when length is accessed[39m
    [31mLazyFiles on gzip forces download of the whole file when length is accessed[39m
    [31mLazyFiles on gzip forces download of the whole file when length is accessed[39m
    [31mLazyFiles on gzip forces download of the whole file when length is accessed[39m
    [31mLazyFiles on gzip forces download of the whole file when length is accessed[39m
    [31mLazyFiles on gzip forces download of the whole file when length is accessed[39m
    [31mLazyFiles on gzip forces download of the whole file when length is accessed[39m
    [31mLazyFiles on gzip forces download of the whole file when length is accessed[39m
    [31mLazyFiles on gzip forces download of the whole file when length is accessed[39m
    [31mLazyFiles on gzip forces download of the whole file when length is accessed[39m
    [31mLazyFiles on gzip forces download of the whole file when length is accessed[39m
    [31mLazyFiles on gzip forces download of the whole file when length is accessed[39m
    [31mLazyFiles on gzip forces download of the whole file when length is accessed[39m
    [31mLazyFiles on gzip forces download of the whole file when length is accessed[39m
    [31mLazyFiles on gzip forces download of the whole file when length is accessed[39m
    [31mLazyFiles on gzip forces download of the whole file when length is accessed[39m
    [31mLazyFiles on gzip forces download of the whole file when length is accessed[39m
    [31mLazyFiles on gzip forces download of the whole file when length is accessed[39m
    [31mLazyFiles on gzip forces download of the whole file when length is accessed[39m
    [31mLazyFiles on gzip forces download of the whole file when length is accessed[39m
    [31mLazyFiles on gzip forces download of the whole file when length is accessed[39m
    [31mLazyFiles on gzip forces download of the whole file when length is accessed[39m
    [31mLazyFiles on gzip forces download of the whole file when length is accessed[39m
    [31mLazyFiles on gzip forces download of the whole file when length is accessed[39m
    [31mLazyFiles on gzip forces download of the whole file when length is accessed[39m
    [31mLazyFiles on gzip forces download of the whole file when length is accessed[39m
    [31mLazyFiles on gzip forces download of the whole file when length is accessed[39m
    [31mLazyFiles on gzip forces download of the whole file when length is accessed[39m
    [31mLazyFiles on gzip forces download of the whole file when length is accessed[39m
    [31mLazyFiles on gzip forces download of the whole file when length is accessed[39m
    [31mLazyFiles on gzip forces download of the whole file when length is accessed[39m
    [31mLazyFiles on gzip forces download of the whole file when length is accessed[39m
    [31mLazyFiles on gzip forces download of the whole file when length is accessed[39m
    [31mLazyFiles on gzip forces download of the whole file when length is accessed[39m
    [31mLazyFiles on gzip forces download of the whole file when length is accessed[39m
    [31mLazyFiles on gzip forces download of the whole file when length is accessed[39m
    [31mLazyFiles on gzip forces download of the whole file when length is accessed[39m
    [31mLazyFiles on gzip forces download of the whole file when length is accessed[39m
    [31mLazyFiles on gzip forces download of the whole file when length is accessed[39m
    [31mLazyFiles on gzip forces download of the whole file when length is accessed[39m
    [31mLazyFiles on gzip forces download of the whole file when length is accessed[39m
    [31mLazyFiles on gzip forces download of the whole file when length is accessed[39m
    [31mLazyFiles on gzip forces download of the whole file when length is accessed[39m
    [31mLazyFiles on gzip forces download of the whole file when length is accessed[39m
    [31mLazyFiles on gzip forces download of the whole file when length is accessed[39m
    [31mLazyFiles on gzip forces download of the whole file when length is accessed[39m
    [31mLazyFiles on gzip forces download of the whole file when length is accessed[39m
    [31mLazyFiles on gzip forces download of the whole file when length is accessed[39m
    [31mLazyFiles on gzip forces download of the whole file when length is accessed[39m
    [31mLazyFiles on gzip forces download of the whole file when length is accessed[39m
    [31mLazyFiles on gzip forces download of the whole file when length is accessed[39m
    [31mLazyFiles on gzip forces download of the whole file when length is accessed[39m
    [31mLazyFiles on gzip forces download of the whole file when length is accessed[39m
    [31mLazyFiles on gzip forces download of the whole file when length is accessed[39m
    [31mLazyFiles on gzip forces download of the whole file when length is accessed[39m
    [31mLazyFiles on gzip forces download of the whole file when length is accessed[39m
    [31mLazyFiles on gzip forces download of the whole file when length is accessed[39m
    [31mLazyFiles on gzip forces download of the whole file when length is accessed[39m
    [31mLazyFiles on gzip forces download of the whole file when length is accessed[39m
    [31mLazyFiles on gzip forces download of the whole file when length is accessed[39m
    [31mLazyFiles on gzip forces download of the whole file when length is accessed[39m
    [31mLazyFiles on gzip forces download of the whole file when length is accessed[39m
    [31mLazyFiles on gzip forces download of the whole file when length is accessed[39m
    [31mLazyFiles on gzip forces download of the whole file when length is accessed[39m
    [31mLazyFiles on gzip forces download of the whole file when length is accessed[39m
    [31mLazyFiles on gzip forces download of the whole file when length is accessed[39m
    [31mLazyFiles on gzip forces download of the whole file when length is accessed[39m
    [31mLazyFiles on gzip forces download of the whole file when length is accessed[39m
    [31mLazyFiles on gzip forces download of the whole file when length is accessed[39m
    [31mLazyFiles on gzip forces download of the whole file when length is accessed[39m
    [31mLazyFiles on gzip forces download of the whole file when length is accessed[39m
    [31mLazyFiles on gzip forces download of the whole file when length is accessed[39m
    [31mLazyFiles on gzip forces download of the whole file when length is accessed[39m
    [31mLazyFiles on gzip forces download of the whole file when length is accessed[39m
    [31mLazyFiles on gzip forces download of the whole file when length is accessed[39m
    [31mLazyFiles on gzip forces download of the whole file when length is accessed[39m
    [31mLazyFiles on gzip forces download of the whole file when length is accessed[39m
    [31mLazyFiles on gzip forces download of the whole file when length is accessed[39m
    [31mLazyFiles on gzip forces download of the whole file when length is accessed[39m
    [31mLazyFiles on gzip forces download of the whole file when length is accessed[39m
    [31mLazyFiles on gzip forces download of the whole file when length is accessed[39m
    [31mLazyFiles on gzip forces download of the whole file when length is accessed[39m
    [31mLazyFiles on gzip forces download of the whole file when length is accessed[39m
    [31mLazyFiles on gzip forces download of the whole file when length is accessed[39m
    [31mLazyFiles on gzip forces download of the whole file when length is accessed[39m
    [31mLazyFiles on gzip forces download of the whole file when length is accessed[39m
    [31mLazyFiles on gzip forces download of the whole file when length is accessed[39m
    [31mLazyFiles on gzip forces download of the whole file when length is accessed[39m
    [31mLazyFiles on gzip forces download of the whole file when length is accessedstderr /mox/uvm-core/src/base/uvm_config_db_implementation.svh:375:26: warning: unknown character escape sequence [-Wunknown-escape-code][39m
    [31m            separator = \"\\.(\" ;[39m
    [31m                         ^[39m
    [31m/mox/uvm-core/src/uvm_pkg.sv:57:2: note: included from here[39m
    [31m `include \"base/uvm_base.svh\"[39m
    [31m ^[39m
    [31m/mox/uvm-core/src/base/uvm_base.svh:77:3: note: included from here[39m
    [31m  `include \"base/uvm_config_db_implementation.svh\"[39m
    [31m  ^[39m
    [31m/workspace/src/sram.sv:10:13: error: variable 'mem' driven by always_ff procedure[39m
    [31m    if (we) mem[addr] <= wdata;[39m
    [31m            ^# mox-verilog exit code: 1# lowered MLIR output was not produced"[39m

      32 |
      33 |   const text = await logs.textContent();
    > 34 |   expect(text).toContain('$ mox-sim');
         |                ^
      35 |   expect(text).not.toContain('# mox-verilog exit code: 1');
      36 |   expect(text).not.toContain('# mox-sim exit code: 1');
      37 |   expect(text).not.toContain('runtime unavailable');
        at expectCleanUvmRun (/var/tmp/thomas-ahle/sv-tutorial/e2e/ghpages.spec.js:34:16)
        at /var/tmp/thomas-ahle/sv-tutorial/e2e/ghpages.spec.js:60:3

    attachment #1: screenshot (image/png) ──────────────────────────────────────────────────────────
    test-results/ghpages-UVM-Cross-Coverage-compiles-with-intersect-syntax/test-failed-1.png
    ────────────────────────────────────────────────────────────────────────────────────────────────

    Error Context: test-results/ghpages-UVM-Cross-Coverage-compiles-with-intersect-syntax/error-context.md

  10) e2e/lessons.spec.js:123:1 › immediate-assert: solution passes assertions ─────────────────────

    Error: [2mexpect([22m[31mreceived[39m[2m).[22mnot[2m.[22mtoContain[2m([22m[32mexpected[39m[2m) // indexOf[22m

    Expected substring: not [32m"exit code: 1"[39m
    Received string:        [31m"$ mox-verilog --resource-guard=false --ir-llhd --timescale 1ns/1ns --single-unit --top fifo_checker -o /workspace/out/design.mlir /workspace/src/fifo_checker.sv[39m
    [31m$ mox-bmc --resource-guard=false --assume-known-inputs -b 20 --module fifo_checker --emit-smtlib -o /workspace/out/check.smt2 /workspace/out/design.mlir[39m
    [31mstderr[39m
    [31m/workspace/out/design.mlir:147:7: error: failed to legalize operation 'ltl.not' that was explicitly marked illegal: %195 = \"ltl.not\"(%87) : (!smt.bv<1>) -> !ltl.property[39m
    [31m      verif.assert %value_51 label \"\" {mox.sim.vpi_extra_source_columns = [10 : i32], mox.sim.vpi_extra_source_lines = [7 : i32], mox.sva.has_action_block, mox.sva.has_fail_action_block, mox.vpi.source_column = 5 : i32, mox.vpi.source_line = 8 : i32} : i1[39m
    [31m      ^[39m
    [31m# mox-bmc [7mexit code: 1[27m[39m
    [31m# no SMT-LIB output produced"[39m

      129 |   const log = await runAndWait(page, 'verify-button');
      130 |   expect(log).toContain('$ mox-bmc');
    > 131 |   expect(log).not.toContain('exit code: 1');
          |                   ^
      132 | });
      133 |
      134 | test('sequence-basics: solution runs without errors', async ({ page }) => {
        at /var/tmp/thomas-ahle/sv-tutorial/e2e/lessons.spec.js:131:19

    attachment #1: screenshot (image/png) ──────────────────────────────────────────────────────────
    test-results/lessons-immediate-assert-solution-passes-assertions/test-failed-1.png
    ────────────────────────────────────────────────────────────────────────────────────────────────

    Error Context: test-results/lessons-immediate-assert-solution-passes-assertions/error-context.md

  11) e2e/live-smoke.spec.js:36:1 › [sim] Welcome — run button produces output, no compile error ───

    [31mTest timeout of 180000ms exceeded.[39m

    Error: locator.click: Test timeout of 180000ms exceeded.
    Call log:
    [2m  - waiting for getByRole('button', { name: 'Welcome' })[22m


      19 |   });
      20 |   await page.getByRole('button', { name: chapterName }).click();
    > 21 |   await page.getByRole('button', { name: lessonName }).click();
         |                                                        ^
      22 |   await expect(page.getByRole('heading', { level: 2, name: lessonName })).toBeVisible();
      23 | }
      24 |
        at goToLesson (/var/tmp/thomas-ahle/sv-tutorial/e2e/live-smoke.spec.js:21:56)
        at /var/tmp/thomas-ahle/sv-tutorial/e2e/live-smoke.spec.js:37:3

    attachment #1: screenshot (image/png) ──────────────────────────────────────────────────────────
    test-results/live-smoke--sim-Welcome-—--99233-ces-output-no-compile-error/test-failed-1.png
    ────────────────────────────────────────────────────────────────────────────────────────────────

    Error Context: test-results/live-smoke--sim-Welcome-—--99233-ces-output-no-compile-error/error-context.md

  12) e2e/live-smoke.spec.js:45:1 › [sim] Concurrent Assertions — runtime assertions chapter visible, assertionFail produced 

    Error: [2mexpect([22m[31mlocator[39m[2m).[22mtoContainText[2m([22m[32mexpected[39m[2m)[22m failed

    Locator: getByTestId('runtime-logs')
    Timeout: 90000ms
    [32m- Expected substring  -  1[39m
    [31m+ Received string     + 18[39m

    [32m- SVA assertion failed[39m
    [31m+ $ mox-run --timescale 1ns/1ns --single-unit --top tb --vcd /workspace/out/waves.vcd --trace-all /workspace/src/monitor.sv /workspace/src/tb.svstdout [mox-sim] Found 2 LLHD processes, 0 LLHD finals, 0 seq.initial blocks, and 1 hw.instance ops (out of 321 total ops) in module[39m
    [31m+ [mox-sim] Registered 6 LLHD signals and 3 LLHD processes/initial blocks[39m
    [31m+ [mox-sim] Starting simulation[39m
    [31m+ req was not followed by gnt within 3 cycles![39m
    [31m+ PASS[39m
    [31m+ [mox-sim] Simulation finished at time 145000000 fs[39m
    [31m+ [mox-sim] Wrote waveform to /workspace/out/waves.vcd[39m
    [31m+ [mox-sim] Simulation completed at time 145000000 fs[39m
    [31m+ [mox-sim] Simulation completedstderr [this.program] parse (1438ms, total: 1438ms)[39m
    [31m+ [this.program] lower (346ms, total: 1785ms)[39m
    [31m+ [this.program] simulate (56ms, total: 1841ms)[39m
    [31m+ [mox-sim] Auto-enabling --skip-passes for module marked mox.sim.preprocessed[39m
    [31m+ [mox-sim] Stage: passes (prev: 0ms, total: 0ms)[39m
    [31m+ [mox-sim] Stage: init (prev: 0ms, total: 0ms)[39m
    [31m+ [mox-sim] Stage: run (prev: 218ms, total: 218ms)[39m
    [31m+ [mox-sim] sim.terminate triggered in process ID 5 at loc("/workspace/src/tb.sv":37:5 to :13)[39m
    [31m+ [mox-sim] Simulation terminated at time 145000000 fs (success=true, verbose=true)[39m
    [31m+ [mox-sim] Main loop exit: shouldContinue()=false at time 145000000 fs, iter=30, deltas=1[39m

    Call log:
    [2m  - Expect "toContainText" with timeout 90000ms[22m
    [2m  - waiting for getByTestId('runtime-logs')[22m
    [2m    6 × locator resolved to <div data-testid="runtime-logs" class="m-0 bg-logs-bg text-logs-text p-[0.6rem] overflow-auto font-mono text-[0.78rem]↵               flex-1 min-h-0">…</div>[22m
    [2m      - unexpected value "$ mox-run --timescale 1ns/1ns --single-unit --top tb --vcd /workspace/out/waves.vcd --trace-all /workspace/src/monitor.sv /workspace/src/tb.sv"[22m
    [2m    - locator resolved to <div data-testid="runtime-logs" class="m-0 bg-logs-bg text-logs-text p-[0.6rem] overflow-auto font-mono text-[0.78rem]↵               flex-1 min-h-0">…</div>[22m
    [2m    - unexpected value "$ mox-run --timescale 1ns/1ns --single-unit --top tb --vcd /workspace/out/waves.vcd --trace-all /workspace/src/monitor.sv /workspace/src/tb.svstdout [mox-sim] Found 2 LLHD processes, 0 LLHD finals, 0 seq.initial blocks, and 1 hw.instance ops (out of 321 total ops) in module[22m
    [2m[mox-sim] Registered 6 LLHD signals and 3 LLHD processes/initial blocks[22m
    [2m[mox-sim] Starting simulation[22m
    [2mreq was not followed by gnt within 3 cycles!stderr [this.program] parse (1438ms, total: 1438ms)[22m
    [2m[this.program] lower (346ms, total: 1785ms)[22m
    [2m[this.program] simulate (56ms, total: 1841ms)[22m
    [2m[mox-sim] Auto-enabling --skip-passes for module marked mox.sim.preprocessed[22m
    [2m[mox-sim] Stage: passes (prev: 0ms, total: 0ms)[22m
    [2m[mox-sim] Stage: init (prev: 0ms, total: 0ms)[22m
    [2m[mox-sim] Stage: run (prev: 218ms, total: 218ms)"[22m
    [2m    86 × locator resolved to <div data-testid="runtime-logs" class="m-0 bg-logs-bg text-logs-text p-[0.6rem] overflow-auto font-mono text-[0.78rem]↵               flex-1 min-h-0">…</div>[22m
    [2m       - unexpected value "$ mox-run --timescale 1ns/1ns --single-unit --top tb --vcd /workspace/out/waves.vcd --trace-all /workspace/src/monitor.sv /workspace/src/tb.svstdout [mox-sim] Found 2 LLHD processes, 0 LLHD finals, 0 seq.initial blocks, and 1 hw.instance ops (out of 321 total ops) in module[22m
    [2m[mox-sim] Registered 6 LLHD signals and 3 LLHD processes/initial blocks[22m
    [2m[mox-sim] Starting simulation[22m
    [2mreq was not followed by gnt within 3 cycles![22m
    [2mPASS[22m
    [2m[mox-sim] Simulation finished at time 145000000 fs[22m
    [2m[mox-sim] Wrote waveform to /workspace/out/waves.vcd[22m
    [2m[mox-sim] Simulation completed at time 145000000 fs[22m
    [2m[mox-sim] Simulation completedstderr [this.program] parse (1438ms, total: 1438ms)[22m
    [2m[this.program] lower (346ms, total: 1785ms)[22m
    [2m[this.program] simulate (56ms, total: 1841ms)[22m
    [2m[mox-sim] Auto-enabling --skip-passes for module marked mox.sim.preprocessed[22m
    [2m[mox-sim] Stage: passes (prev: 0ms, total: 0ms)[22m
    [2m[mox-sim] Stage: init (prev: 0ms, total: 0ms)[22m
    [2m[mox-sim] Stage: run (prev: 218ms, total: 218ms)[22m
    [2m[mox-sim] sim.terminate triggered in process ID 5 at loc("/workspace/src/tb.sv":37:5 to :13)[22m
    [2m[mox-sim] Simulation terminated at time 145000000 fs (success=true, verbose=true)[22m
    [2m[mox-sim] Main loop exit: shouldContinue()=false at time 145000000 fs, iter=30, deltas=1"[22m


      50 |   const logs = page.getByTestId('runtime-logs');
      51 |   await expect(logs).not.toContainText('# mox-verilog exit code: 1', { timeout: COMPILE_TIMEOUT });
    > 52 |   await expect(logs).toContainText('SVA assertion failed', { timeout: COMPILE_TIMEOUT });
         |                      ^
      53 | });
      54 |
      55 | test('[bmc] Immediate Assertions — verify runs z3', async ({ page }) => {
        at /var/tmp/thomas-ahle/sv-tutorial/e2e/live-smoke.spec.js:52:22

    attachment #1: screenshot (image/png) ──────────────────────────────────────────────────────────
    test-results/live-smoke--sim-Concurrent-72667-ible-assertionFail-produced/test-failed-1.png
    ────────────────────────────────────────────────────────────────────────────────────────────────

    Error Context: test-results/live-smoke--sim-Concurrent-72667-ible-assertionFail-produced/error-context.md

  13) e2e/live-smoke.spec.js:77:1 › [lec] Logical Equivalence Checking — z3 proves unsat ───────────

    Error: [2mexpect([22m[31mlocator[39m[2m).[22mtoContainText[2m([22m[32mexpected[39m[2m)[22m failed

    Locator: getByTestId('runtime-logs')
    Expected substring: [32m"[7m[z3] [27munsat"[39m
    Received string:    [31m"[7m$ mox-verilog --resource-guard=false --ir-hw --single-unit -o /workspace/out/design.mlir /workspace/src/top.sv$ mox-lec --resource-guard=false --assume-known-inputs -c1 Spec -c2 Impl --emit-smtlib -o /workspace/out/check.smt2 /workspace/out/design.mlir$ z3 /workspace/out/check.smt2[27munsat"[39m
    Timeout: 120000ms

    Call log:
    [2m  - Expect "toContainText" with timeout 120000ms[22m
    [2m  - waiting for getByTestId('runtime-logs')[22m
    [2m    4 × locator resolved to <div data-testid="runtime-logs" class="m-0 bg-logs-bg text-logs-text p-[0.6rem] overflow-auto font-mono text-[0.78rem]↵               flex-1 min-h-0">…</div>[22m
    [2m      - unexpected value "$ mox-verilog --resource-guard=false --ir-hw --single-unit -o /workspace/out/design.mlir /workspace/src/top.sv"[22m
    [2m    - locator resolved to <div data-testid="runtime-logs" class="m-0 bg-logs-bg text-logs-text p-[0.6rem] overflow-auto font-mono text-[0.78rem]↵               flex-1 min-h-0">…</div>[22m
    [2m    - unexpected value "$ mox-verilog --resource-guard=false --ir-hw --single-unit -o /workspace/out/design.mlir /workspace/src/top.sv$ mox-lec --resource-guard=false --assume-known-inputs -c1 Spec -c2 Impl --emit-smtlib -o /workspace/out/check.smt2 /workspace/out/design.mlir"[22m
    [2m    118 × locator resolved to <div data-testid="runtime-logs" class="m-0 bg-logs-bg text-logs-text p-[0.6rem] overflow-auto font-mono text-[0.78rem]↵               flex-1 min-h-0">…</div>[22m
    [2m        - unexpected value "$ mox-verilog --resource-guard=false --ir-hw --single-unit -o /workspace/out/design.mlir /workspace/src/top.sv$ mox-lec --resource-guard=false --assume-known-inputs -c1 Spec -c2 Impl --emit-smtlib -o /workspace/out/check.smt2 /workspace/out/design.mlir$ z3 /workspace/out/check.smt2unsat"[22m


      83 |   await expect(logs).not.toContainText('# mox-verilog exit code: 1', { timeout: COMPILE_TIMEOUT });
      84 |   await expect(logs).not.toContainText('# mox-lec exit code: 1', { timeout: COMPILE_TIMEOUT });
    > 85 |   await expect(logs).toContainText('[z3] unsat', { timeout: Z3_TIMEOUT });
         |                      ^
      86 | });
      87 |
        at /var/tmp/thomas-ahle/sv-tutorial/e2e/live-smoke.spec.js:85:22

    attachment #1: screenshot (image/png) ──────────────────────────────────────────────────────────
    test-results/live-smoke--lec-Logical-Eq-1100a--Checking-—-z3-proves-unsat/test-failed-1.png
    ────────────────────────────────────────────────────────────────────────────────────────────────

    Error Context: test-results/live-smoke--lec-Logical-Eq-1100a--Checking-—-z3-proves-unsat/error-context.md

  14) e2e/offline-cocotb.spec.js:17:3 › offline cocotb runtime › downloads offline bundle and runs cocotb fully offline 

    Error: [2mexpect([22m[31mlocator[39m[2m).[22mtoContainText[2m([22m[32mexpected[39m[2m)[22m failed

    Locator: getByTestId('runtime-logs')
    Timeout: 240000ms
    [32m- Expected substring  -  1[39m
    [31m+ Received string     + 12[39m

    [32m- PASS  adder_test[39m
    [31m+ $ mox-verilog --resource-guard=false --ir-llhd --timescale 1ps/1ps --single-unit --top adder -o /workspace/out/design.llhd.mlir /workspace/src/adder.svstdout $ python /workspace/src/test_adder.py[39m
    [31m+ $ mox-sim --resource-guard=false --mode interpret --max-time=1000000000 --top adder /workspace/out/design.llhd.mlir[39m
    [31m+ [mox-sim] Auto-enabling --skip-passes for module marked mox.sim.preprocessed[39m
    [31m+ [mox-sim] Stage: passes (prev: 0ms, total: 0ms)[39m
    [31m+ [mox-sim] Stage: init (prev: 4ms, total: 5ms)[39m
    [31m+ [mox-sim] Found 1 LLHD processes, 0 LLHD finals, 0 seq.initial blocks, and 0 hw.instance ops (out of 44 total ops) in module[39m
    [31m+ [mox-sim] Registered 3 LLHD signals and 1 LLHD processes/initial blocks[39m
    [31m+ [mox-sim] Receipt: INIT_COMPLETE_OK execution_failure=0 process_dispatches=0[39m
    [31m+ [mox-sim] Stage: run (prev: 258ms, total: 264ms)[39m
    [31m+ [mox-sim] Starting simulation[39m
    [31m+ [mox-sim] Simulation completed at time 0 fs[39m
    [31m+ [mox-sim] Simulation completed[39m

    Call log:
    [2m  - Expect "toContainText" with timeout 240000ms[22m
    [2m  - waiting for getByTestId('runtime-logs')[22m
    [2m    3 × locator resolved to <div data-testid="runtime-logs" class="m-0 bg-logs-bg text-logs-text p-[0.6rem] overflow-auto font-mono text-[0.78rem]↵               flex-1 min-h-0">…</div>[22m
    [2m      - unexpected value "$ mox-verilog --resource-guard=false --ir-llhd --timescale 1ps/1ps --single-unit --top adder -o /workspace/out/design.llhd.mlir /workspace/src/adder.svstdout $ python /workspace/src/test_adder.py[22m
    [2m$ mox-sim --resource-guard=false --mode interpret --max-time=1000000000 --top adder /workspace/out/design.llhd.mlir"[22m
    [2m    - locator resolved to <div data-testid="runtime-logs" class="m-0 bg-logs-bg text-logs-text p-[0.6rem] overflow-auto font-mono text-[0.78rem]↵               flex-1 min-h-0">…</div>[22m
    [2m    - unexpected value "$ mox-verilog --resource-guard=false --ir-llhd --timescale 1ps/1ps --single-unit --top adder -o /workspace/out/design.llhd.mlir /workspace/src/adder.svstdout $ python /workspace/src/test_adder.py[22m
    [2m$ mox-sim --resource-guard=false --mode interpret --max-time=1000000000 --top adder /workspace/out/design.llhd.mlir[22m
    [2m[mox-sim] Auto-enabling --skip-passes for module marked mox.sim.preprocessed[22m
    [2m[mox-sim] Stage: passes (prev: 0ms, total: 0ms)[22m
    [2m[mox-sim] Stage: init (prev: 4ms, total: 5ms)[22m
    [2m[mox-sim] Found 1 LLHD processes, 0 LLHD finals, 0 seq.initial blocks, and 0 hw.instance ops (out of 44 total ops) in module[22m
    [2m[mox-sim] Registered 3 LLHD signals and 1 LLHD processes/initial blocks"[22m
    [2m    239 × locator resolved to <div data-testid="runtime-logs" class="m-0 bg-logs-bg text-logs-text p-[0.6rem] overflow-auto font-mono text-[0.78rem]↵               flex-1 min-h-0">…</div>[22m
    [2m        - unexpected value "$ mox-verilog --resource-guard=false --ir-llhd --timescale 1ps/1ps --single-unit --top adder -o /workspace/out/design.llhd.mlir /workspace/src/adder.svstdout $ python /workspace/src/test_adder.py[22m
    [2m$ mox-sim --resource-guard=false --mode interpret --max-time=1000000000 --top adder /workspace/out/design.llhd.mlir[22m
    [2m[mox-sim] Auto-enabling --skip-passes for module marked mox.sim.preprocessed[22m
    [2m[mox-sim] Stage: passes (prev: 0ms, total: 0ms)[22m
    [2m[mox-sim] Stage: init (prev: 4ms, total: 5ms)[22m
    [2m[mox-sim] Found 1 LLHD processes, 0 LLHD finals, 0 seq.initial blocks, and 0 hw.instance ops (out of 44 total ops) in module[22m
    [2m[mox-sim] Registered 3 LLHD signals and 1 LLHD processes/initial blocks[22m
    [2m[mox-sim] Receipt: INIT_COMPLETE_OK execution_failure=0 process_dispatches=0[22m
    [2m[mox-sim] Stage: run (prev: 258ms, total: 264ms)[22m
    [2m[mox-sim] Starting simulation[22m
    [2m[mox-sim] Simulation completed at time 0 fs[22m
    [2m[mox-sim] Simulation completed"[22m


      53 |     await expect(logs).toContainText('$ python /workspace/src/test_adder.py', { timeout: 240_000 });
      54 |     await expect(logs).toContainText('$ mox-sim', { timeout: 240_000 });
    > 55 |     await expect(logs).toContainText('PASS  adder_test', { timeout: 240_000 });
         |                        ^
      56 |     await expect(logs).not.toContainText("Failed to execute 'importScripts'");
      57 |     await expect(logs).not.toContainText('is invalid');
      58 |   });
        at /var/tmp/thomas-ahle/sv-tutorial/e2e/offline-cocotb.spec.js:55:24

    attachment #1: screenshot (image/png) ──────────────────────────────────────────────────────────
    test-results/offline-cocotb-offline-coc-7d2ba-d-runs-cocotb-fully-offline/test-failed-1.png
    ────────────────────────────────────────────────────────────────────────────────────────────────

    Error Context: test-results/offline-cocotb-offline-coc-7d2ba-d-runs-cocotb-fully-offline/error-context.md

  15) e2e/qa-all-lessons.spec.js:65:5 › [15] covergroup and coverpoint › run ───────────────────────

    Error: [2mexpect([22m[31mreceived[39m[2m).[22mnot[2m.[22mtoMatch[2m([22m[32mexpected[39m[2m)[22m

    Expected pattern: not [32m/exit code: [1-9]|Aborted\(|runtime unavailable/[39m
    Received string:      [31m"$ mox-run --timescale 1ns/1ns --single-unit --coverage-report --top cov_intro --vcd /workspace/out/waves.vcd --trace-all /workspace/src/cov_intro.sv /workspace/src/sram.sv[39m
    [31m# mox-run is not available in this toolchain build; using mox-verilog + mox-sim[39m
    [31m$ mox-verilog --resource-guard=false --ir-llhd --timescale 1ns/1ns --single-unit --top cov_intro -o /workspace/out/design.llhd.mlir /workspace/src/cov_intro.sv /workspace/src/sram.sv[39m
    [31m$ mox-sim --resource-guard=false --coverage-report --mode interpret --top cov_intro --vcd /workspace/out/waves.vcd --trace-all /workspace/out/design.llhd.mlir[39m
    [31mstdout[39m
    [31m[mox-sim] Found 4 LLHD processes, 0 LLHD finals, 0 seq.initial blocks, and 1 hw.instance ops (out of 462 total ops) in module[39m
    [31m[mox-sim] Registered 7 LLHD signals and 5 LLHD processes/initial blocks[39m
    [31m[mox-sim] Receipt: INIT_COMPLETE_OK execution_failure=0 process_dispatches=0[39m
    [31m[mox-sim] Starting simulation[39m
    [31m[mox-sim] Wrote waveform to /workspace/out/waves.vcd[39m
    [31m[mox-sim] Simulation completed at time 5000000 fs[39m
    [31m[39m
    [31m=================================================[39m
    [31m          Coverage Report[39m
    [31m=================================================[39m
    [31m[39m
    [31mCovergroup: sram_cg[39m
    [31m  Overall coverage: 28.12%[39m
    [31m  Coverpoints: 2[39m
    [31m    - cp_addr: 1 hits, 6.25% coverage [range: 0..0, 1 unique values][39m
    [31m    - cp_we: 1 hits, 50.00% coverage [range: 0..0, 1 unique values][39m
    [31m[39m
    [31m=================================================[39m
    [31m[mox-sim] Simulation finished with exit code 1[39m
    [31mstderr[39m
    [31m[mox-sim] Auto-enabling --skip-passes for module marked mox.sim.preprocessed[39m
    [31m[mox-sim] Stage: passes (prev: 1ms, total: 1ms)[39m
    [31m[mox-sim] Stage: init (prev: 10ms, total: 11ms)[39m
    [31m[mox-sim] Stage: run (prev: 308ms, total: 320ms)[39m
    [31m/workspace/out/design.llhd.mlir:223:7: error: unlinked external/DPI call: callee=__mox_sim_register_host_allocation abi=llvm.call.scalar-abi-dlsym result-policy=hard-fail[39m
    [31m      llvm.call @__mox_sim_register_host_allocation(%99, %109) : (!llvm.ptr, i64) -> ()[39m
    [31m      ^[39m
    [31m/workspace/out/design.llhd.mlir:223:7: note: see current operation: \"llvm.call\"(%397, %407) <{CConv = #llvm.cconv<ccc>, TailCallKind = #llvm.tailcallkind<none>, callee = @__mox_sim_register_host_allocation, fastmathFlags = #llvm.fastmath<none>, op_bundle_sizes = array<i32>, operandSegmentSizes = array<i32: 2, 0>}> : (!llvm.ptr, i64) -> ()[39m
    [31mmox-sim: interpretOperation failed for process 2[39m
    [31m  Operation: llvm.call[39m
    [31m  Location: loc(\"/workspace/out/design.llhd.mlir\":223:7)[39m
    [31m[mox-sim] Main loop exit: interpreter execution failure[39m
    [31m# mox-sim [7mexit code: 1[27m"[39m

      77 |         expect(log).not.toMatch(COCOTB_FAILURE_RE);
      78 |       } else {
    > 79 |         expect(log).not.toMatch(FAILURE_RE);
         |                         ^
      80 |         if (lesson.printsPass) expect(log).toMatch(/\bPASS\b/);
      81 |       }
      82 |     });
        at /var/tmp/thomas-ahle/sv-tutorial/e2e/qa-all-lessons.spec.js:79:25

    attachment #1: screenshot (image/png) ──────────────────────────────────────────────────────────
    test-results/qa-all-lessons--15-covergroup-and-coverpoint-›-run/test-failed-1.png
    ────────────────────────────────────────────────────────────────────────────────────────────────

    Error Context: test-results/qa-all-lessons--15-covergroup-and-coverpoint-›-run/error-context.md

  16) e2e/qa-all-lessons.spec.js:65:5 › [16] Bins and ignore_bins › run ────────────────────────────

    Error: [2mexpect([22m[31mreceived[39m[2m).[22mnot[2m.[22mtoMatch[2m([22m[32mexpected[39m[2m)[22m

    Expected pattern: not [32m/exit code: [1-9]|Aborted\(|runtime unavailable/[39m
    Received string:      [31m"$ mox-run --timescale 1ns/1ns --single-unit --coverage-report --top cov_bins --vcd /workspace/out/waves.vcd --trace-all /workspace/src/cov_bins.sv /workspace/src/sram.sv[39m
    [31m# mox-run is not available in this toolchain build; using mox-verilog + mox-sim[39m
    [31m$ mox-verilog --resource-guard=false --ir-llhd --timescale 1ns/1ns --single-unit --top cov_bins -o /workspace/out/design.llhd.mlir /workspace/src/cov_bins.sv /workspace/src/sram.sv[39m
    [31m$ mox-sim --resource-guard=false --coverage-report --mode interpret --top cov_bins --vcd /workspace/out/waves.vcd --trace-all /workspace/out/design.llhd.mlir[39m
    [31mstdout[39m
    [31m[mox-sim] Found 4 LLHD processes, 0 LLHD finals, 0 seq.initial blocks, and 1 hw.instance ops (out of 462 total ops) in module[39m
    [31m[mox-sim] Registered 7 LLHD signals and 5 LLHD processes/initial blocks[39m
    [31m[mox-sim] Receipt: INIT_COMPLETE_OK execution_failure=0 process_dispatches=0[39m
    [31m[mox-sim] Starting simulation[39m
    [31m[mox-sim] Wrote waveform to /workspace/out/waves.vcd[39m
    [31m[mox-sim] Simulation completed at time 5000000 fs[39m
    [31m[39m
    [31m=================================================[39m
    [31m          Coverage Report[39m
    [31m=================================================[39m
    [31m[39m
    [31mCovergroup: sram_cg[39m
    [31m  Overall coverage: 50.00%[39m
    [31m  Coverpoints: 2[39m
    [31m    - cp_addr: 1 hits, 50.00% coverage [range: 0..0, 1 unique values][39m
    [31m    - cp_we: 1 hits, 50.00% coverage [range: 0..0, 1 unique values][39m
    [31m[39m
    [31m=================================================[39m
    [31m[mox-sim] Simulation finished with exit code 1[39m
    [31mstderr[39m
    [31m[mox-sim] Auto-enabling --skip-passes for module marked mox.sim.preprocessed[39m
    [31m[mox-sim] Stage: passes (prev: 3ms, total: 3ms)[39m
    [31m[mox-sim] Stage: init (prev: 10ms, total: 13ms)[39m
    [31m[mox-sim] Stage: run (prev: 263ms, total: 277ms)[39m
    [31m/workspace/out/design.llhd.mlir:265:7: error: unlinked external/DPI call: callee=__mox_sim_register_host_allocation abi=llvm.call.scalar-abi-dlsym result-policy=hard-fail[39m
    [31m      llvm.call @__mox_sim_register_host_allocation(%99, %109) : (!llvm.ptr, i64) -> ()[39m
    [31m      ^[39m
    [31m/workspace/out/design.llhd.mlir:265:7: note: see current operation: \"llvm.call\"(%397, %407) <{CConv = #llvm.cconv<ccc>, TailCallKind = #llvm.tailcallkind<none>, callee = @__mox_sim_register_host_allocation, fastmathFlags = #llvm.fastmath<none>, op_bundle_sizes = array<i32>, operandSegmentSizes = array<i32: 2, 0>}> : (!llvm.ptr, i64) -> ()[39m
    [31mmox-sim: interpretOperation failed for process 2[39m
    [31m  Operation: llvm.call[39m
    [31m  Location: loc(\"/workspace/out/design.llhd.mlir\":265:7)[39m
    [31m[mox-sim] Main loop exit: interpreter execution failure[39m
    [31m# mox-sim [7mexit code: 1[27m"[39m

      77 |         expect(log).not.toMatch(COCOTB_FAILURE_RE);
      78 |       } else {
    > 79 |         expect(log).not.toMatch(FAILURE_RE);
         |                         ^
      80 |         if (lesson.printsPass) expect(log).toMatch(/\bPASS\b/);
      81 |       }
      82 |     });
        at /var/tmp/thomas-ahle/sv-tutorial/e2e/qa-all-lessons.spec.js:79:25

    attachment #1: screenshot (image/png) ──────────────────────────────────────────────────────────
    test-results/qa-all-lessons--16-Bins-and-ignore-bins-›-run/test-failed-1.png
    ────────────────────────────────────────────────────────────────────────────────────────────────

    Error Context: test-results/qa-all-lessons--16-Bins-and-ignore-bins-›-run/error-context.md

  17) e2e/qa-all-lessons.spec.js:65:5 › [17] Cross coverage › run ──────────────────────────────────

    Error: [2mexpect([22m[31mreceived[39m[2m).[22mnot[2m.[22mtoMatch[2m([22m[32mexpected[39m[2m)[22m

    Expected pattern: not [32m/exit code: [1-9]|Aborted\(|runtime unavailable/[39m
    Received string:      [31m"$ mox-run --timescale 1ns/1ns --single-unit --coverage-report --top cov_cross --vcd /workspace/out/waves.vcd --trace-all /workspace/src/cov_cross.sv /workspace/src/sram.sv[39m
    [31m# mox-run is not available in this toolchain build; using mox-verilog + mox-sim[39m
    [31m$ mox-verilog --resource-guard=false --ir-llhd --timescale 1ns/1ns --single-unit --top cov_cross -o /workspace/out/design.llhd.mlir /workspace/src/cov_cross.sv /workspace/src/sram.sv[39m
    [31mstderr[39m
    [31m[7mAborted([27mAssertion failed: getRuntimeTypeSizeInBytes(filterStructTy) == kMooreCrossBinsofFilterBytes && \"lowered MooreCrossBinsofFilter size must match the C ABI\", at: ../lib/Conversion/MooreToCore/MooreToCoreCoverage.cpp,73,assertMooreCrossBinsofFilterStructABI)[39m
    [31m# runtime unavailable: RuntimeError: Aborted(Assertion failed: getRuntimeTypeSizeInBytes(filterStructTy) == kMooreCrossBinsofFilterBytes && \"lowered MooreCrossBinsofFilter size must match the C ABI\", at: ../lib/Conversion/MooreToCore/MooreToCoreCoverage.cpp,73,assertMooreCrossBinsofFilterStructABI). Build with -sASSERTIONS for more info.[39m
    [31m    at abort (eval at loadEmscriptenTool (blob:http://127.0.0.1:4173/5b53ede3-de7b-48dd-809d-f2e838a36be7:250:14), <anonymous>:1:3414)[39m
    [31m    at ___assert_fail (eval at loadEmscriptenTool (blob:http://127.0.0.1:4173/5b53ede3-de7b-48dd-809d-f2e838a36be7:250:14), <anonymous>:1:7301)[39m
    [31m    at http://127.0.0.1:4173/mox/mox-verilog.wasm:wasm-function[43565]:0x1c6a339[39m
    [31m    at http://127.0.0.1:4173/mox/mox-verilog.wasm:wasm-function[43563]:0x1c5d3ef[39m
    [31m    at http://127.0.0.1:4173/mox/mox-verilog.wasm:wasm-function[43566]:0x1c6a550[39m
    [31m    at http://127.0.0.1:4173/mox/mox-verilog.wasm:wasm-function[26224]:0x1587ad6[39m
    [31m    at http://127.0.0.1:4173/mox/mox-verilog.wasm:wasm-function[16477]:0xe4d7fe[39m
    [31m    at http://127.0.0.1:4173/mox/mox-verilog.wasm:wasm-function[16478]:0xe4e47b[39m
    [31m    at http://127.0.0.1:4173/mox/mox-verilog.wasm:wasm-function[7508]:0x61387d[39m
    [31m    at http://127.0.0.1:4173/mox/mox-verilog.wasm:wasm-function[16521]:0xe5e3b9 :: Aborted(Assertion failed: getRuntimeTypeSizeInBytes(filterStructTy) == kMooreCrossBinsofFilterBytes && \"lowered MooreCrossBinsofFilter size must match the C ABI\", at: ../lib/Conversion/MooreToCore/MooreToCoreCoverage.cpp,73,assertMooreCrossBinsofFilterStructABI)[39m
    [31m# mox-verilog js: /mox/mox-verilog.js[39m
    [31m# mox-verilog wasm: /mox/mox-verilog.wasm[39m
    [31m# mox-sim js: /mox/mox-sim.js[39m
    [31m# mox-sim wasm: /mox/mox-sim.wasm[39m
    [31m# run scripts/setup-mox.sh and npm run sync:mox to refresh artifacts"[39m

      77 |         expect(log).not.toMatch(COCOTB_FAILURE_RE);
      78 |       } else {
    > 79 |         expect(log).not.toMatch(FAILURE_RE);
         |                         ^
      80 |         if (lesson.printsPass) expect(log).toMatch(/\bPASS\b/);
      81 |       }
      82 |     });
        at /var/tmp/thomas-ahle/sv-tutorial/e2e/qa-all-lessons.spec.js:79:25

    attachment #1: screenshot (image/png) ──────────────────────────────────────────────────────────
    test-results/qa-all-lessons--17-Cross-coverage-›-run/test-failed-1.png
    ────────────────────────────────────────────────────────────────────────────────────────────────

    Error Context: test-results/qa-all-lessons--17-Cross-coverage-›-run/error-context.md

  18) e2e/qa-all-lessons.spec.js:65:5 › [19] Dynamic Arrays and Queues › run ───────────────────────

    Error: [2mexpect([22m[31mreceived[39m[2m).[22mnot[2m.[22mtoMatch[2m([22m[32mexpected[39m[2m)[22m

    Expected pattern: not [32m/exit code: [1-9]|Aborted\(|runtime unavailable/[39m
    Received string:      [31m"$ mox-run --timescale 1ns/1ns --single-unit --top addr_buf_tb --vcd /workspace/out/waves.vcd --trace-all /workspace/src/addr_buf.sv[39m
    [31m# mox-run is not available in this toolchain build; using mox-verilog + mox-sim[39m
    [31m$ mox-verilog --resource-guard=false --ir-llhd --timescale 1ns/1ns --single-unit --top addr_buf_tb -o /workspace/out/design.llhd.mlir /workspace/src/addr_buf.sv[39m
    [31m$ mox-sim --resource-guard=false --mode interpret --top addr_buf_tb --vcd /workspace/out/waves.vcd --trace-all /workspace/out/design.llhd.mlir[39m
    [31mstdout[39m
    [31m[mox-sim] Found 1 LLHD processes, 0 LLHD finals, 0 seq.initial blocks, and 0 hw.instance ops (out of 394 total ops) in module[39m
    [31m[mox-sim] Registered 0 LLHD signals and 1 LLHD processes/initial blocks[39m
    [31m[mox-sim] Receipt: INIT_COMPLETE_OK execution_failure=0 process_dispatches=0[39m
    [31m[mox-sim] Starting simulation[39m
    [31m[mox-sim] Wrote waveform to /workspace/out/waves.vcd[39m
    [31m[mox-sim] Simulation completed at time 0 fs[39m
    [31m[mox-sim] Simulation finished with exit code 1[39m
    [31mstderr[39m
    [31m[mox-sim] Auto-enabling --skip-passes for module marked mox.sim.preprocessed[39m
    [31m[mox-sim] Stage: passes (prev: 2ms, total: 2ms)[39m
    [31m[mox-sim] Stage: init (prev: 6ms, total: 9ms)[39m
    [31m[mox-sim] Stage: run (prev: 183ms, total: 193ms)[39m
    [31m/workspace/out/design.llhd.mlir:69:7: error: unlinked external/DPI call: callee=__mox_sv_open_array_copy_or_register_bounds abi=llvm.call.scalar-abi-dlsym result-policy=hard-fail[39m
    [31m      llvm.call @__mox_sv_open_array_copy_or_register_bounds(%39, %33, %34, %40) : (!llvm.ptr, !llvm.ptr, i64, i32) -> ()[39m
    [31m      ^[39m
    [31m/workspace/out/design.llhd.mlir:69:7: note: see current operation: \"llvm.call\"(%45, %39, %40, %46) <{CConv = #llvm.cconv<ccc>, TailCallKind = #llvm.tailcallkind<none>, callee = @__mox_sv_open_array_copy_or_register_bounds, fastmathFlags = #llvm.fastmath<none>, op_bundle_sizes = array<i32>, operandSegmentSizes = array<i32: 4, 0>}> : (!llvm.ptr, !llvm.ptr, i64, i32) -> ()[39m
    [31mmox-sim: interpretOperation failed for process 1[39m
    [31m  Operation: llvm.call[39m
    [31m  Location: loc(\"/workspace/out/design.llhd.mlir\":69:7)[39m
    [31m[mox-sim] Main loop exit: interpreter execution failure[39m
    [31m# mox-sim [7mexit code: 1[27m"[39m

      77 |         expect(log).not.toMatch(COCOTB_FAILURE_RE);
      78 |       } else {
    > 79 |         expect(log).not.toMatch(FAILURE_RE);
         |                         ^
      80 |         if (lesson.printsPass) expect(log).toMatch(/\bPASS\b/);
      81 |       }
      82 |     });
        at /var/tmp/thomas-ahle/sv-tutorial/e2e/qa-all-lessons.spec.js:79:25

    attachment #1: screenshot (image/png) ──────────────────────────────────────────────────────────
    test-results/qa-all-lessons--19-Dynamic-Arrays-and-Queues-›-run/test-failed-1.png
    ────────────────────────────────────────────────────────────────────────────────────────────────

    Error Context: test-results/qa-all-lessons--19-Dynamic-Arrays-and-Queues-›-run/error-context.md

  19) e2e/qa-all-lessons.spec.js:65:5 › [22] Macro Formal Continuations › run ──────────────────────

    Error: [2mexpect([22m[31mreceived[39m[2m).[22mnot[2m.[22mtoMatch[2m([22m[32mexpected[39m[2m)[22m

    Expected pattern: not [32m/exit code: [1-9]|Aborted\(|runtime unavailable/[39m
    Received string:      [31m"$ mox-run --timescale 1ns/1ns --single-unit --top tb --vcd /workspace/out/waves.vcd --trace-all /workspace/src/macro_formal.sv[39m
    [31m# mox-run is not available in this toolchain build; using mox-verilog + mox-sim[39m
    [31m$ mox-verilog --resource-guard=false --ir-llhd --timescale 1ns/1ns --single-unit --top tb -o /workspace/out/design.llhd.mlir /workspace/src/macro_formal.sv[39m
    [31mstderr[39m
    [31m/workspace/src/macro_formal.sv:7:3: error: unexpected whitespace after escape character[39m
    [31mmodule tb;[39m
    [31m  ^[39m
    [31m/workspace/src/macro_formal.sv:2:40: note: expanded from macro 'DECLARE_SUM'[39m
    [31m/workspace/src/macro_formal.sv:7:3: error: expected identifier[39m
    [31mmodule tb;[39m
    [31m  ^[39m
    [31m/workspace/src/macro_formal.sv:2:38: note: expanded from macro 'DECLARE_SUM'[39m
    [31m/workspace/src/macro_formal.sv:7:3: error: use of undeclared identifier 'a'[39m
    [31mmodule tb;[39m
    [31m  ^[39m
    [31m/workspace/src/macro_formal.sv:10:9: error: too few arguments for 'sum4'; expected 2 but 0 were provided[39m
    [31m  initial begin[39m
    [31m        ^[39m
    [31m/workspace/src/macro_formal.sv:11:54: error: too few arguments for 'sum4'; expected 2 but 0 were provided[39m
    [31m# mox-verilog [7mexit code: 1[27m[39m
    [31m# lowered MLIR output was not produced"[39m

      77 |         expect(log).not.toMatch(COCOTB_FAILURE_RE);
      78 |       } else {
    > 79 |         expect(log).not.toMatch(FAILURE_RE);
         |                         ^
      80 |         if (lesson.printsPass) expect(log).toMatch(/\bPASS\b/);
      81 |       }
      82 |     });
        at /var/tmp/thomas-ahle/sv-tutorial/e2e/qa-all-lessons.spec.js:79:25

    attachment #1: screenshot (image/png) ──────────────────────────────────────────────────────────
    test-results/qa-all-lessons--22-Macro-Formal-Continuations-›-run/test-failed-1.png
    ────────────────────────────────────────────────────────────────────────────────────────────────

    Error Context: test-results/qa-all-lessons--22-Macro-Formal-Continuations-›-run/error-context.md

  20) e2e/qa-all-lessons.spec.js:65:5 › [23] Packed-Struct Field References › run ──────────────────

    Error: [2mexpect([22m[31mreceived[39m[2m).[22mtoMatch[2m([22m[32mexpected[39m[2m)[22m

    Expected pattern: [32m/\bPASS\b/[39m
    Received string:  [31m"$ mox-run --timescale 1ns/1ns --single-unit --top field_driver --vcd /workspace/out/waves.vcd --trace-all /workspace/src/struct_field.sv[39m
    [31m# mox-run is not available in this toolchain build; using mox-verilog + mox-sim[39m
    [31m$ mox-verilog --resource-guard=false --ir-llhd --timescale 1ns/1ns --single-unit --top field_driver -o /workspace/out/design.llhd.mlir /workspace/src/struct_field.sv[39m
    [31m$ mox-sim --resource-guard=false --mode interpret --top field_driver --vcd /workspace/out/waves.vcd --trace-all /workspace/out/design.llhd.mlir[39m
    [31mstdout[39m
    [31m[mox-sim] Found 1 LLHD processes, 0 LLHD finals, 0 seq.initial blocks, and 0 hw.instance ops (out of 11 total ops) in module[39m
    [31m[mox-sim] Registered 2 LLHD signals and 1 LLHD processes/initial blocks[39m
    [31m[mox-sim] Receipt: INIT_COMPLETE_OK execution_failure=0 process_dispatches=0[39m
    [31m[mox-sim] Starting simulation[39m
    [31m[mox-sim] Wrote waveform to /workspace/out/waves.vcd[39m
    [31m[mox-sim] Simulation completed at time 0 fs[39m
    [31m[mox-sim] Simulation completed[39m
    [31mstderr[39m
    [31m[mox-sim] Auto-enabling --skip-passes for module marked mox.sim.preprocessed[39m
    [31m[mox-sim] Stage: passes (prev: 0ms, total: 0ms)[39m
    [31m[mox-sim] Stage: init (prev: 4ms, total: 5ms)[39m
    [31m[mox-sim] Stage: run (prev: 137ms, total: 143ms)"[39m

      78 |       } else {
      79 |         expect(log).not.toMatch(FAILURE_RE);
    > 80 |         if (lesson.printsPass) expect(log).toMatch(/\bPASS\b/);
         |                                            ^
      81 |       }
      82 |     });
      83 |   }
        at /var/tmp/thomas-ahle/sv-tutorial/e2e/qa-all-lessons.spec.js:80:44

    attachment #1: screenshot (image/png) ──────────────────────────────────────────────────────────
    test-results/qa-all-lessons--23-Packed-Struct-Field-References-›-run/test-failed-1.png
    ────────────────────────────────────────────────────────────────────────────────────────────────

    Error Context: test-results/qa-all-lessons--23-Packed-Struct-Field-References-›-run/error-context.md

  21) e2e/qa-all-lessons.spec.js:65:5 › [25] Nested Child Input Propagation › run ──────────────────

    Error: [2mexpect([22m[31mreceived[39m[2m).[22mtoMatch[2m([22m[32mexpected[39m[2m)[22m

    Expected pattern: [32m/\bPASS\b/[39m
    Received string:  [31m"$ mox-run --timescale 1ns/1ns --single-unit --top sink --vcd /workspace/out/waves.vcd --trace-all /workspace/src/nested_child_input.sv[39m
    [31m# mox-run is not available in this toolchain build; using mox-verilog + mox-sim[39m
    [31m$ mox-verilog --resource-guard=false --ir-llhd --timescale 1ns/1ns --single-unit --top sink -o /workspace/out/design.llhd.mlir /workspace/src/nested_child_input.sv[39m
    [31m$ mox-sim --resource-guard=false --mode interpret --top sink --vcd /workspace/out/waves.vcd --trace-all /workspace/out/design.llhd.mlir[39m
    [31mstdout[39m
    [31m[mox-sim] Found 2 LLHD processes, 0 LLHD finals, 0 seq.initial blocks, and 0 hw.instance ops (out of 60 total ops) in module[39m
    [31m[mox-sim] Registered 3 LLHD signals and 2 LLHD processes/initial blocks[39m
    [31m[mox-sim] Receipt: INIT_COMPLETE_OK execution_failure=0 process_dispatches=0[39m
    [31m[mox-sim] Starting simulation[39m
    [31m[mox-sim] Wrote waveform to /workspace/out/waves.vcd[39m
    [31m[mox-sim] Simulation completed at time 0 fs[39m
    [31m[mox-sim] Simulation completed[39m
    [31mstderr[39m
    [31m[mox-sim] Auto-enabling --skip-passes for module marked mox.sim.preprocessed[39m
    [31m[mox-sim] Stage: passes (prev: 1ms, total: 1ms)[39m
    [31m[mox-sim] Stage: init (prev: 5ms, total: 6ms)[39m
    [31m[mox-sim] Stage: run (prev: 242ms, total: 248ms)"[39m

      78 |       } else {
      79 |         expect(log).not.toMatch(FAILURE_RE);
    > 80 |         if (lesson.printsPass) expect(log).toMatch(/\bPASS\b/);
         |                                            ^
      81 |       }
      82 |     });
      83 |   }
        at /var/tmp/thomas-ahle/sv-tutorial/e2e/qa-all-lessons.spec.js:80:44

    attachment #1: screenshot (image/png) ──────────────────────────────────────────────────────────
    test-results/qa-all-lessons--25-Nested-Child-Input-Propagation-›-run/test-failed-1.png
    ────────────────────────────────────────────────────────────────────────────────────────────────

    Error Context: test-results/qa-all-lessons--25-Nested-Child-Input-Propagation-›-run/error-context.md

  22) e2e/qa-all-lessons.spec.js:86:5 › [32] Immediate Assertions › verify ─────────────────────────

    Error: [2mexpect([22m[31mreceived[39m[2m).[22mnot[2m.[22mtoMatch[2m([22m[32mexpected[39m[2m)[22m

    Expected pattern: not [32m/exit code: [1-9]|Aborted\(|runtime unavailable/[39m
    Received string:      [31m"$ mox-verilog --resource-guard=false --ir-llhd --timescale 1ns/1ns --single-unit --top fifo_checker -o /workspace/out/design.mlir /workspace/src/fifo_checker.sv[39m
    [31m$ mox-bmc --resource-guard=false --assume-known-inputs -b 20 --module fifo_checker --emit-smtlib -o /workspace/out/check.smt2 /workspace/out/design.mlir[39m
    [31mstderr[39m
    [31m/workspace/out/design.mlir:147:7: error: failed to legalize operation 'ltl.not' that was explicitly marked illegal: %195 = \"ltl.not\"(%87) : (!smt.bv<1>) -> !ltl.property[39m
    [31m      verif.assert %value_51 label \"\" {mox.sim.vpi_extra_source_columns = [10 : i32], mox.sim.vpi_extra_source_lines = [7 : i32], mox.sva.has_action_block, mox.sva.has_fail_action_block, mox.vpi.source_column = 5 : i32, mox.vpi.source_line = 8 : i32} : i1[39m
    [31m      ^[39m
    [31m# mox-bmc [7mexit code: 1[27m[39m
    [31m# no SMT-LIB output produced"[39m

      88 |       test.fail(!!known, known);
      89 |       await openSolved(page, lesson);
    > 90 |       expect(await runAndWait(page, 'verify-button')).not.toMatch(FAILURE_RE);
         |                                                           ^
      91 |     });
      92 |   }
      93 | }
        at /var/tmp/thomas-ahle/sv-tutorial/e2e/qa-all-lessons.spec.js:90:59

    attachment #1: screenshot (image/png) ──────────────────────────────────────────────────────────
    test-results/qa-all-lessons--32-Immediate-Assertions-›-verify/test-failed-1.png
    ────────────────────────────────────────────────────────────────────────────────────────────────

    Error Context: test-results/qa-all-lessons--32-Immediate-Assertions-›-verify/error-context.md

  23) e2e/qa-all-lessons.spec.js:86:5 › [54] Recursive Properties › verify ─────────────────────────

    Error: [2mexpect([22m[31mreceived[39m[2m).[22mnot[2m.[22mtoMatch[2m([22m[32mexpected[39m[2m)[22m

    Expected pattern: not [32m/exit code: [1-9]|Aborted\(|runtime unavailable/[39m
    Received string:      [31m"$ mox-verilog --resource-guard=false --ir-llhd --timescale 1ns/1ns --single-unit --top lock_check -o /workspace/out/design.mlir /workspace/src/lock_check.sv[39m
    [31m$ mox-bmc --resource-guard=false --assume-known-inputs -b 20 --module lock_check --emit-smtlib -o /workspace/out/check.smt2 /workspace/out/design.mlir[39m
    [31mstderr[39m
    [31m/workspace/out/design.mlir:306:5: error: failed to legalize operation 'ltl.not' that was explicitly marked illegal: %124 = \"ltl.not\"(%121) : (!smt.bv<1>) -> !ltl.property[39m
    [31m    verif.clocked_assert %147 if %157, posedge %152 label \"no_simul_a\" {mox.sva.action.id = 2 : i64, mox.sva.has_action_block, mox.sva.instance.decl_scope = \"lock_check\", mox.sva.instance.kind = \"property\", mox.sva.instance.name = \"p_no_simultaneous\", mox.sva.instance.symbol = \"lock_check.p_no_simultaneous\", mox.vpi.source_column = 3 : i32, mox.vpi.source_line = 24 : i32} : i1[39m
    [31m    ^[39m
    [31m# mox-bmc [7mexit code: 1[27m[39m
    [31m# no SMT-LIB output produced"[39m

      88 |       test.fail(!!known, known);
      89 |       await openSolved(page, lesson);
    > 90 |       expect(await runAndWait(page, 'verify-button')).not.toMatch(FAILURE_RE);
         |                                                           ^
      91 |     });
      92 |   }
      93 | }
        at /var/tmp/thomas-ahle/sv-tutorial/e2e/qa-all-lessons.spec.js:90:59

    attachment #1: screenshot (image/png) ──────────────────────────────────────────────────────────
    test-results/qa-all-lessons--54-Recursive-Properties-›-verify/test-failed-1.png
    ────────────────────────────────────────────────────────────────────────────────────────────────

    Error Context: test-results/qa-all-lessons--54-Recursive-Properties-›-verify/error-context.md

  24) e2e/qa-all-lessons.spec.js:86:5 › [55] assume property › verify ──────────────────────────────

    Error: [2mexpect([22m[31mreceived[39m[2m).[22mnot[2m.[22mtoMatch[2m([22m[32mexpected[39m[2m)[22m

    Expected pattern: not [32m/exit code: [1-9]|Aborted\(|runtime unavailable/[39m
    Received string:      [31m"$ mox-verilog --resource-guard=false --ir-llhd --timescale 1ns/1ns --single-unit --top top -o /workspace/out/design.mlir /workspace/src/top.sv[39m
    [31m$ mox-bmc --resource-guard=false --assume-known-inputs -b 20 --module top --emit-smtlib -o /workspace/out/check.smt2 /workspace/out/design.mlir[39m
    [31mstderr[39m
    [31m/workspace/out/design.mlir:209:5: error: failed to legalize operation 'ltl.not' that was explicitly marked illegal: %154 = \"ltl.not\"(%60) : (!smt.bv<1>) -> !ltl.property[39m
    [31m    verif.clocked_assert %40 if %50, posedge %45 label \"no_invalid\" {mox.sva.action.id = 0 : i64, mox.sva.has_action_block, mox.vpi.source_column = 3 : i32, mox.vpi.source_line = 17 : i32} : i1[39m
    [31m    ^[39m
    [31m# mox-bmc [7mexit code: 1[27m[39m
    [31m# no SMT-LIB output produced"[39m

      88 |       test.fail(!!known, known);
      89 |       await openSolved(page, lesson);
    > 90 |       expect(await runAndWait(page, 'verify-button')).not.toMatch(FAILURE_RE);
         |                                                           ^
      91 |     });
      92 |   }
      93 | }
        at /var/tmp/thomas-ahle/sv-tutorial/e2e/qa-all-lessons.spec.js:90:59

    attachment #1: screenshot (image/png) ──────────────────────────────────────────────────────────
    test-results/qa-all-lessons--55-assume-property-›-verify/test-failed-1.png
    ────────────────────────────────────────────────────────────────────────────────────────────────

    Error Context: test-results/qa-all-lessons--55-assume-property-›-verify/error-context.md

  25) e2e/qa-ghpages.spec.js:208:1 › SV: welcome lesson compiles and prints Hello output ───────────

    Error: [2mexpect([22m[31mlocator[39m[2m).[22mtoContainText[2m([22m[32mexpected[39m[2m)[22m failed

    Locator: getByTestId('runtime-logs')
    Timeout: 45000ms
    [32m- Expected substring  -  1[39m
    [31m+ Received string     + 11[39m

    [32m- $ mox-[7mverilog[27m[39m
    [31m+ $ mox-[7mrun --timescale 1ns/1ns --single-unit --top top --vcd /workspace/out/waves.vcd --trace-all /workspace/src/top.svstdout [mox-sim] Found 0 LLHD processes, 0 LLHD finals, 0 seq.initial blocks, and 0 hw.instance ops (out of 2 total ops) in module[27m[39m
    [31m+ [mox-sim] Starting simulation[39m
    [31m+ [mox-sim] Wrote waveform to /workspace/out/waves.vcd[39m
    [31m+ [mox-sim] Simulation completed at time 0 fs[39m
    [31m+ [mox-sim] Simulation completedstderr [this.program] parse (921ms, total: 921ms)[39m
    [31m+ [this.program] lower (129ms, total: 1051ms)[39m
    [31m+ [this.program] simulate (14ms, total: 1066ms)[39m
    [31m+ [mox-sim] Auto-enabling --skip-passes for module marked mox.sim.preprocessed[39m
    [31m+ [mox-sim] Stage: passes (prev: 0ms, total: 0ms)[39m
    [31m+ [mox-sim] Stage: init (prev: 0ms, total: 0ms)[39m
    [31m+ [mox-sim] Stage: run (prev: 3ms, total: 3ms)[39m

    Call log:
    [2m  - Expect "toContainText" with timeout 45000ms[22m
    [2m  - waiting for getByTestId('runtime-logs')[22m
    [2m    7 × locator resolved to <div data-testid="runtime-logs" class="m-0 bg-logs-bg text-logs-text p-[0.6rem] overflow-auto font-mono text-[0.78rem]↵               flex-1 min-h-0">…</div>[22m
    [2m      - unexpected value "$ mox-run --timescale 1ns/1ns --single-unit --top top --vcd /workspace/out/waves.vcd --trace-all /workspace/src/top.sv"[22m
    [2m    42 × locator resolved to <div data-testid="runtime-logs" class="m-0 bg-logs-bg text-logs-text p-[0.6rem] overflow-auto font-mono text-[0.78rem]↵               flex-1 min-h-0">…</div>[22m
    [2m       - unexpected value "$ mox-run --timescale 1ns/1ns --single-unit --top top --vcd /workspace/out/waves.vcd --trace-all /workspace/src/top.svstdout [mox-sim] Found 0 LLHD processes, 0 LLHD finals, 0 seq.initial blocks, and 0 hw.instance ops (out of 2 total ops) in module[22m
    [2m[mox-sim] Starting simulation[22m
    [2m[mox-sim] Wrote waveform to /workspace/out/waves.vcd[22m
    [2m[mox-sim] Simulation completed at time 0 fs[22m
    [2m[mox-sim] Simulation completedstderr [this.program] parse (921ms, total: 921ms)[22m
    [2m[this.program] lower (129ms, total: 1051ms)[22m
    [2m[this.program] simulate (14ms, total: 1066ms)[22m
    [2m[mox-sim] Auto-enabling --skip-passes for module marked mox.sim.preprocessed[22m
    [2m[mox-sim] Stage: passes (prev: 0ms, total: 0ms)[22m
    [2m[mox-sim] Stage: init (prev: 0ms, total: 0ms)[22m
    [2m[mox-sim] Stage: run (prev: 3ms, total: 3ms)"[22m


      210 |   await page.getByTestId('run-button').click();
      211 |   const logs = page.getByTestId('runtime-logs');
    > 212 |   await expect(logs).toContainText('$ mox-verilog', { timeout: 45_000 });
          |                      ^
      213 |   await waitForRunDone(page);
      214 |   const text = await logs.textContent();
      215 |   expect(text).not.toContain('exit code: 1');
        at /var/tmp/thomas-ahle/sv-tutorial/e2e/qa-ghpages.spec.js:212:22

    attachment #1: screenshot (image/png) ──────────────────────────────────────────────────────────
    test-results/qa-ghpages-SV-welcome-less-623af-les-and-prints-Hello-output/test-failed-1.png
    ────────────────────────────────────────────────────────────────────────────────────────────────

    Error Context: test-results/qa-ghpages-SV-welcome-less-623af-les-and-prints-Hello-output/error-context.md

  26) e2e/qa-ghpages.spec.js:219:1 › SV: always-ff solution compiles and simulates cleanly ─────────

    Error: [2mexpect([22m[31mlocator[39m[2m).[22mtoContainText[2m([22m[32mexpected[39m[2m)[22m failed

    Locator: getByTestId('runtime-logs')
    Timeout: 45000ms
    [32m- Expected substring  -  1[39m
    [31m+ Received string     + 20[39m

    [32m- $ mox-[7mverilog[27m[39m
    [31m+ $ mox-[7mrun --timescale 1ns/1ns --single-unit --top tb --vcd /workspace/out/waves.vcd --trace-all /workspace/src/sram_core.sv /workspace/src/tb.svstdout [mox-sim] Found 3 LLHD processes, 0 LLHD finals, 0 seq.initial blocks, and 1 hw.instance ops (out of 300 total ops) in module[27m[39m
    [31m+ [mox-sim] Registered 13 LLHD signals and 4 LLHD processes/initial blocks[39m
    [31m+ [mox-sim] Starting simulation[39m
    [31m+ PASS  mem[2] = 42[39m
    [31m+ PASS  mem[7] = 99[39m
    [31m+ PASS  mem[0] = 13[39m
    [31m+ PASS[39m
    [31m+ [mox-sim] Simulation finished at time 56000000 fs[39m
    [31m+ [mox-sim] Wrote waveform to /workspace/out/waves.vcd[39m
    [31m+ [mox-sim] Simulation completed at time 56000000 fs[39m
    [31m+ [mox-sim] Simulation completedstderr [this.program] parse (1679ms, total: 1679ms)[39m
    [31m+ [this.program] lower (577ms, total: 2256ms)[39m
    [31m+ [this.program] simulate (66ms, total: 2322ms)[39m
    [31m+ [mox-sim] Auto-enabling --skip-passes for module marked mox.sim.preprocessed[39m
    [31m+ [mox-sim] Stage: passes (prev: 1ms, total: 1ms)[39m
    [31m+ [mox-sim] Stage: init (prev: 0ms, total: 1ms)[39m
    [31m+ [mox-sim] Stage: run (prev: 279ms, total: 281ms)[39m
    [31m+ [mox-sim] sim.terminate triggered in process ID 4 at loc("/workspace/src/tb.sv":59:5 to :13)[39m
    [31m+ [mox-sim] Simulation terminated at time 56000000 fs (success=true, verbose=true)[39m
    [31m+ [mox-sim] Main loop exit: shouldContinue()=false at time 56000000 fs, iter=18, deltas=1[39m

    Call log:
    [2m  - Expect "toContainText" with timeout 45000ms[22m
    [2m  - waiting for getByTestId('runtime-logs')[22m
    [2m    6 × locator resolved to <div data-testid="runtime-logs" class="m-0 bg-logs-bg text-logs-text p-[0.6rem] overflow-auto font-mono text-[0.78rem]↵               flex-1 min-h-0">…</div>[22m
    [2m      - unexpected value "$ mox-run --timescale 1ns/1ns --single-unit --top tb --vcd /workspace/out/waves.vcd --trace-all /workspace/src/sram_core.sv /workspace/src/tb.sv"[22m
    [2m    - locator resolved to <div data-testid="runtime-logs" class="m-0 bg-logs-bg text-logs-text p-[0.6rem] overflow-auto font-mono text-[0.78rem]↵               flex-1 min-h-0">…</div>[22m
    [2m    - unexpected value "$ mox-run --timescale 1ns/1ns --single-unit --top tb --vcd /workspace/out/waves.vcd --trace-all /workspace/src/sram_core.sv /workspace/src/tb.svstderr [this.program] parse (1679ms, total: 1679ms)"[22m
    [2m    41 × locator resolved to <div data-testid="runtime-logs" class="m-0 bg-logs-bg text-logs-text p-[0.6rem] overflow-auto font-mono text-[0.78rem]↵               flex-1 min-h-0">…</div>[22m
    [2m       - unexpected value "$ mox-run --timescale 1ns/1ns --single-unit --top tb --vcd /workspace/out/waves.vcd --trace-all /workspace/src/sram_core.sv /workspace/src/tb.svstdout [mox-sim] Found 3 LLHD processes, 0 LLHD finals, 0 seq.initial blocks, and 1 hw.instance ops (out of 300 total ops) in module[22m
    [2m[mox-sim] Registered 13 LLHD signals and 4 LLHD processes/initial blocks[22m
    [2m[mox-sim] Starting simulation[22m
    [2mPASS  mem[2] = 42[22m
    [2mPASS  mem[7] = 99[22m
    [2mPASS  mem[0] = 13[22m
    [2mPASS[22m
    [2m[mox-sim] Simulation finished at time 56000000 fs[22m
    [2m[mox-sim] Wrote waveform to /workspace/out/waves.vcd[22m
    [2m[mox-sim] Simulation completed at time 56000000 fs[22m
    [2m[mox-sim] Simulation completedstderr [this.program] parse (1679ms, total: 1679ms)[22m
    [2m[this.program] lower (577ms, total: 2256ms)[22m
    [2m[this.program] simulate (66ms, total: 2322ms)[22m
    [2m[mox-sim] Auto-enabling --skip-passes for module marked mox.sim.preprocessed[22m
    [2m[mox-sim] Stage: passes (prev: 1ms, total: 1ms)[22m
    [2m[mox-sim] Stage: init (prev: 0ms, total: 1ms)[22m
    [2m[mox-sim] Stage: run (prev: 279ms, total: 281ms)[22m
    [2m[mox-sim] sim.terminate triggered in process ID 4 at loc("/workspace/src/tb.sv":59:5 to :13)[22m
    [2m[mox-sim] Simulation terminated at time 56000000 fs (success=true, verbose=true)[22m
    [2m[mox-sim] Main loop exit: shouldContinue()=false at time 56000000 fs, iter=18, deltas=1"[22m


      222 |   await page.getByTestId('run-button').click();
      223 |   const logs = page.getByTestId('runtime-logs');
    > 224 |   await expect(logs).toContainText('$ mox-verilog', { timeout: 45_000 });
          |                      ^
      225 |   await waitForRunDone(page, { timeout: 120_000 });
      226 |   const text = await logs.textContent();
      227 |   expect(text).not.toContain('# mox-verilog exit code: 1');
        at /var/tmp/thomas-ahle/sv-tutorial/e2e/qa-ghpages.spec.js:224:22

    attachment #1: screenshot (image/png) ──────────────────────────────────────────────────────────
    test-results/qa-ghpages-SV-always-ff-so-bd3cf-piles-and-simulates-cleanly/test-failed-1.png
    ────────────────────────────────────────────────────────────────────────────────────────────────

    Error Context: test-results/qa-ghpages-SV-always-ff-so-bd3cf-piles-and-simulates-cleanly/error-context.md

  27) e2e/qa-ghpages.spec.js:232:1 › SV: starter code with TODO shows simulation failures ──────────

    Error: [2mexpect([22m[31mlocator[39m[2m).[22mtoContainText[2m([22m[32mexpected[39m[2m)[22m failed

    Locator: getByTestId('runtime-logs')
    Timeout: 45000ms
    [32m- Expected substring  -  1[39m
    [31m+ Received string     + 19[39m

    [32m- $ mox-[7mverilog[27m[39m
    [31m+ $ mox-[7mrun --timescale 1ns/1ns --single-unit --top tb --vcd /workspace/out/waves.vcd --trace-all /workspace/src/sram_core.sv /workspace/src/tb.svstdout [mox-sim] Found 3 LLHD processes, 0 LLHD finals, 0 seq.initial blocks, and 1 hw.instance ops (out of 300 total ops) in module[27m[39m
    [31m+ [mox-sim] Registered 13 LLHD signals and 4 LLHD processes/initial blocks[39m
    [31m+ [mox-sim] Starting simulation[39m
    [31m+ FAIL  mem[2] = 0  (expected 42)[39m
    [31m+ FAIL  mem[7] = 0  (expected 99)[39m
    [31m+ FAIL  mem[0] = 0  (expected 13)[39m
    [31m+ [mox-sim] Simulation finished at time 56000000 fs[39m
    [31m+ [mox-sim] Wrote waveform to /workspace/out/waves.vcd[39m
    [31m+ [mox-sim] Simulation completed at time 56000000 fs[39m
    [31m+ [mox-sim] Simulation completedstderr [this.program] parse (1428ms, total: 1428ms)[39m
    [31m+ [this.program] lower (467ms, total: 1895ms)[39m
    [31m+ [this.program] simulate (39ms, total: 1935ms)[39m
    [31m+ [mox-sim] Auto-enabling --skip-passes for module marked mox.sim.preprocessed[39m
    [31m+ [mox-sim] Stage: passes (prev: 0ms, total: 0ms)[39m
    [31m+ [mox-sim] Stage: init (prev: 0ms, total: 0ms)[39m
    [31m+ [mox-sim] Stage: run (prev: 225ms, total: 225ms)[39m
    [31m+ [mox-sim] sim.terminate triggered in process ID 4 at loc("/workspace/src/tb.sv":59:5 to :13)[39m
    [31m+ [mox-sim] Simulation terminated at time 56000000 fs (success=true, verbose=true)[39m
    [31m+ [mox-sim] Main loop exit: shouldContinue()=false at time 56000000 fs, iter=18, deltas=1[39m

    Call log:
    [2m  - Expect "toContainText" with timeout 45000ms[22m
    [2m  - waiting for getByTestId('runtime-logs')[22m
    [2m    6 × locator resolved to <div data-testid="runtime-logs" class="m-0 bg-logs-bg text-logs-text p-[0.6rem] overflow-auto font-mono text-[0.78rem]↵               flex-1 min-h-0">…</div>[22m
    [2m      - unexpected value "$ mox-run --timescale 1ns/1ns --single-unit --top tb --vcd /workspace/out/waves.vcd --trace-all /workspace/src/sram_core.sv /workspace/src/tb.sv"[22m
    [2m    - locator resolved to <div data-testid="runtime-logs" class="m-0 bg-logs-bg text-logs-text p-[0.6rem] overflow-auto font-mono text-[0.78rem]↵               flex-1 min-h-0">…</div>[22m
    [2m    - unexpected value "$ mox-run --timescale 1ns/1ns --single-unit --top tb --vcd /workspace/out/waves.vcd --trace-all /workspace/src/sram_core.sv /workspace/src/tb.svstdout [mox-sim] Found 3 LLHD processes, 0 LLHD finals, 0 seq.initial blocks, and 1 hw.instance ops (out of 300 total ops) in module[22m
    [2m[mox-sim] Registered 13 LLHD signals and 4 LLHD processes/initial blocks[22m
    [2m[mox-sim] Starting simulationstderr [this.program] parse (1428ms, total: 1428ms)[22m
    [2m[this.program] lower (467ms, total: 1895ms)[22m
    [2m[this.program] simulate (39ms, total: 1935ms)[22m
    [2m[mox-sim] Auto-enabling --skip-passes for module marked mox.sim.preprocessed[22m
    [2m[mox-sim] Stage: passes (prev: 0ms, total: 0ms)[22m
    [2m[mox-sim] Stage: init (prev: 0ms, total: 0ms)[22m
    [2m[mox-sim] Stage: run (prev: 225ms, total: 225ms)"[22m
    [2m    42 × locator resolved to <div data-testid="runtime-logs" class="m-0 bg-logs-bg text-logs-text p-[0.6rem] overflow-auto font-mono text-[0.78rem]↵               flex-1 min-h-0">…</div>[22m
    [2m       - unexpected value "$ mox-run --timescale 1ns/1ns --single-unit --top tb --vcd /workspace/out/waves.vcd --trace-all /workspace/src/sram_core.sv /workspace/src/tb.svstdout [mox-sim] Found 3 LLHD processes, 0 LLHD finals, 0 seq.initial blocks, and 1 hw.instance ops (out of 300 total ops) in module[22m
    [2m[mox-sim] Registered 13 LLHD signals and 4 LLHD processes/initial blocks[22m
    [2m[mox-sim] Starting simulation[22m
    [2mFAIL  mem[2] = 0  (expected 42)[22m
    [2mFAIL  mem[7] = 0  (expected 99)[22m
    [2mFAIL  mem[0] = 0  (expected 13)[22m
    [2m[mox-sim] Simulation finished at time 56000000 fs[22m
    [2m[mox-sim] Wrote waveform to /workspace/out/waves.vcd[22m
    [2m[mox-sim] Simulation completed at time 56000000 fs[22m
    [2m[mox-sim] Simulation completedstderr [this.program] parse (1428ms, total: 1428ms)[22m
    [2m[this.program] lower (467ms, total: 1895ms)[22m
    [2m[this.program] simulate (39ms, total: 1935ms)[22m
    [2m[mox-sim] Auto-enabling --skip-passes for module marked mox.sim.preprocessed[22m
    [2m[mox-sim] Stage: passes (prev: 0ms, total: 0ms)[22m
    [2m[mox-sim] Stage: init (prev: 0ms, total: 0ms)[22m
    [2m[mox-sim] Stage: run (prev: 225ms, total: 225ms)[22m
    [2m[mox-sim] sim.terminate triggered in process ID 4 at loc("/workspace/src/tb.sv":59:5 to :13)[22m
    [2m[mox-sim] Simulation terminated at time 56000000 fs (success=true, verbose=true)[22m
    [2m[mox-sim] Main loop exit: shouldContinue()=false at time 56000000 fs, iter=18, deltas=1"[22m


      236 |   await page.getByTestId('run-button').click();
      237 |   const logs = page.getByTestId('runtime-logs');
    > 238 |   await expect(logs).toContainText('$ mox-verilog', { timeout: 45_000 });
          |                      ^
      239 |   await waitForRunDone(page, { timeout: 120_000 });
      240 |   const text = await logs.textContent();
      241 |   expect(text).toContain('FAIL');
        at /var/tmp/thomas-ahle/sv-tutorial/e2e/qa-ghpages.spec.js:238:22

    attachment #1: screenshot (image/png) ──────────────────────────────────────────────────────────
    test-results/qa-ghpages-SV-starter-code-b1d47-O-shows-simulation-failures/test-failed-1.png
    ────────────────────────────────────────────────────────────────────────────────────────────────

    Error Context: test-results/qa-ghpages-SV-starter-code-b1d47-O-shows-simulation-failures/error-context.md

  28) e2e/qa-ghpages.spec.js:244:1 › Ctrl+Enter triggers run ───────────────────────────────────────

    Error: [2mexpect([22m[31mlocator[39m[2m).[22mtoContainText[2m([22m[32mexpected[39m[2m)[22m failed

    Locator: getByTestId('runtime-logs')
    Timeout: 45000ms
    [32m- Expected substring  -  1[39m
    [31m+ Received string     + 11[39m

    [32m- $ mox-[7mverilog[27m[39m
    [31m+ $ mox-[7mrun --timescale 1ns/1ns --single-unit --top top --vcd /workspace/out/waves.vcd --trace-all /workspace/src/top.svstdout [mox-sim] Found 0 LLHD processes, 0 LLHD finals, 0 seq.initial blocks, and 0 hw.instance ops (out of 2 total ops) in module[27m[39m
    [31m+ [mox-sim] Starting simulation[39m
    [31m+ [mox-sim] Wrote waveform to /workspace/out/waves.vcd[39m
    [31m+ [mox-sim] Simulation completed at time 0 fs[39m
    [31m+ [mox-sim] Simulation completedstderr [this.program] parse (736ms, total: 736ms)[39m
    [31m+ [this.program] lower (84ms, total: 820ms)[39m
    [31m+ [this.program] simulate (9ms, total: 829ms)[39m
    [31m+ [mox-sim] Auto-enabling --skip-passes for module marked mox.sim.preprocessed[39m
    [31m+ [mox-sim] Stage: passes (prev: 0ms, total: 0ms)[39m
    [31m+ [mox-sim] Stage: init (prev: 0ms, total: 0ms)[39m
    [31m+ [mox-sim] Stage: run (prev: 2ms, total: 2ms)[39m

    Call log:
    [2m  - Expect "toContainText" with timeout 45000ms[22m
    [2m  - waiting for getByTestId('runtime-logs')[22m
    [2m    5 × locator resolved to <div data-testid="runtime-logs" class="m-0 bg-logs-bg text-logs-text p-[0.6rem] overflow-auto font-mono text-[0.78rem]↵               flex-1 min-h-0">…</div>[22m
    [2m      - unexpected value "$ mox-run --timescale 1ns/1ns --single-unit --top top --vcd /workspace/out/waves.vcd --trace-all /workspace/src/top.sv"[22m
    [2m    44 × locator resolved to <div data-testid="runtime-logs" class="m-0 bg-logs-bg text-logs-text p-[0.6rem] overflow-auto font-mono text-[0.78rem]↵               flex-1 min-h-0">…</div>[22m
    [2m       - unexpected value "$ mox-run --timescale 1ns/1ns --single-unit --top top --vcd /workspace/out/waves.vcd --trace-all /workspace/src/top.svstdout [mox-sim] Found 0 LLHD processes, 0 LLHD finals, 0 seq.initial blocks, and 0 hw.instance ops (out of 2 total ops) in module[22m
    [2m[mox-sim] Starting simulation[22m
    [2m[mox-sim] Wrote waveform to /workspace/out/waves.vcd[22m
    [2m[mox-sim] Simulation completed at time 0 fs[22m
    [2m[mox-sim] Simulation completedstderr [this.program] parse (736ms, total: 736ms)[22m
    [2m[this.program] lower (84ms, total: 820ms)[22m
    [2m[this.program] simulate (9ms, total: 829ms)[22m
    [2m[mox-sim] Auto-enabling --skip-passes for module marked mox.sim.preprocessed[22m
    [2m[mox-sim] Stage: passes (prev: 0ms, total: 0ms)[22m
    [2m[mox-sim] Stage: init (prev: 0ms, total: 0ms)[22m
    [2m[mox-sim] Stage: run (prev: 2ms, total: 2ms)"[22m


      246 |   await page.keyboard.press('Control+Enter');
      247 |   const logs = page.getByTestId('runtime-logs');
    > 248 |   await expect(logs).toContainText('$ mox-verilog', { timeout: 45_000 });
          |                      ^
      249 | });
      250 |
      251 | test('SVA: concurrent simulation lesson runs cleanly', async ({ page }) => {
        at /var/tmp/thomas-ahle/sv-tutorial/e2e/qa-ghpages.spec.js:248:22

    attachment #1: screenshot (image/png) ──────────────────────────────────────────────────────────
    test-results/qa-ghpages-Ctrl-Enter-triggers-run/test-failed-1.png
    ────────────────────────────────────────────────────────────────────────────────────────────────

    Error Context: test-results/qa-ghpages-Ctrl-Enter-triggers-run/error-context.md

  29) e2e/qa-ghpages.spec.js:251:1 › SVA: concurrent simulation lesson runs cleanly ────────────────

    Error: [2mexpect([22m[31mlocator[39m[2m).[22mtoContainText[2m([22m[32mexpected[39m[2m)[22m failed

    Locator: getByTestId('runtime-logs')
    Timeout: 45000ms
    [32m- Expected substring  -  1[39m
    [31m+ Received string     + 18[39m

    [32m- $ mox-[7mverilog[27m[39m
    [31m+ $ mox-[7mrun --timescale 1ns/1ns --single-unit --top tb --vcd /workspace/out/waves.vcd --trace-all /workspace/src/monitor.sv /workspace/src/tb.svstdout [mox-sim] Found 2 LLHD processes, 0 LLHD finals, 0 seq.initial blocks, and 1 hw.instance ops (out of 321 total ops) in module[27m[39m
    [31m+ [mox-sim] Registered 6 LLHD signals and 3 LLHD processes/initial blocks[39m
    [31m+ [mox-sim] Starting simulation[39m
    [31m+ req was not followed by gnt within 3 cycles![39m
    [31m+ PASS[39m
    [31m+ [mox-sim] Simulation finished at time 145000000 fs[39m
    [31m+ [mox-sim] Wrote waveform to /workspace/out/waves.vcd[39m
    [31m+ [mox-sim] Simulation completed at time 145000000 fs[39m
    [31m+ [mox-sim] Simulation completedstderr [this.program] parse (1154ms, total: 1154ms)[39m
    [31m+ [this.program] lower (350ms, total: 1504ms)[39m
    [31m+ [this.program] simulate (52ms, total: 1557ms)[39m
    [31m+ [mox-sim] Auto-enabling --skip-passes for module marked mox.sim.preprocessed[39m
    [31m+ [mox-sim] Stage: passes (prev: 0ms, total: 0ms)[39m
    [31m+ [mox-sim] Stage: init (prev: 0ms, total: 1ms)[39m
    [31m+ [mox-sim] Stage: run (prev: 233ms, total: 234ms)[39m
    [31m+ [mox-sim] sim.terminate triggered in process ID 5 at loc("/workspace/src/tb.sv":37:5 to :13)[39m
    [31m+ [mox-sim] Simulation terminated at time 145000000 fs (success=true, verbose=true)[39m
    [31m+ [mox-sim] Main loop exit: shouldContinue()=false at time 145000000 fs, iter=30, deltas=1[39m

    Call log:
    [2m  - Expect "toContainText" with timeout 45000ms[22m
    [2m  - waiting for getByTestId('runtime-logs')[22m
    [2m    5 × locator resolved to <div data-testid="runtime-logs" class="m-0 bg-logs-bg text-logs-text p-[0.6rem] overflow-auto font-mono text-[0.78rem]↵               flex-1 min-h-0">…</div>[22m
    [2m      - unexpected value "$ mox-run --timescale 1ns/1ns --single-unit --top tb --vcd /workspace/out/waves.vcd --trace-all /workspace/src/monitor.sv /workspace/src/tb.sv"[22m
    [2m    - locator resolved to <div data-testid="runtime-logs" class="m-0 bg-logs-bg text-logs-text p-[0.6rem] overflow-auto font-mono text-[0.78rem]↵               flex-1 min-h-0">…</div>[22m
    [2m    - unexpected value "$ mox-run --timescale 1ns/1ns --single-unit --top tb --vcd /workspace/out/waves.vcd --trace-all /workspace/src/monitor.sv /workspace/src/tb.svstderr [this.program] parse (1154ms, total: 1154ms)"[22m
    [2m    42 × locator resolved to <div data-testid="runtime-logs" class="m-0 bg-logs-bg text-logs-text p-[0.6rem] overflow-auto font-mono text-[0.78rem]↵               flex-1 min-h-0">…</div>[22m
    [2m       - unexpected value "$ mox-run --timescale 1ns/1ns --single-unit --top tb --vcd /workspace/out/waves.vcd --trace-all /workspace/src/monitor.sv /workspace/src/tb.svstdout [mox-sim] Found 2 LLHD processes, 0 LLHD finals, 0 seq.initial blocks, and 1 hw.instance ops (out of 321 total ops) in module[22m
    [2m[mox-sim] Registered 6 LLHD signals and 3 LLHD processes/initial blocks[22m
    [2m[mox-sim] Starting simulation[22m
    [2mreq was not followed by gnt within 3 cycles![22m
    [2mPASS[22m
    [2m[mox-sim] Simulation finished at time 145000000 fs[22m
    [2m[mox-sim] Wrote waveform to /workspace/out/waves.vcd[22m
    [2m[mox-sim] Simulation completed at time 145000000 fs[22m
    [2m[mox-sim] Simulation completedstderr [this.program] parse (1154ms, total: 1154ms)[22m
    [2m[this.program] lower (350ms, total: 1504ms)[22m
    [2m[this.program] simulate (52ms, total: 1557ms)[22m
    [2m[mox-sim] Auto-enabling --skip-passes for module marked mox.sim.preprocessed[22m
    [2m[mox-sim] Stage: passes (prev: 0ms, total: 0ms)[22m
    [2m[mox-sim] Stage: init (prev: 0ms, total: 1ms)[22m
    [2m[mox-sim] Stage: run (prev: 233ms, total: 234ms)[22m
    [2m[mox-sim] sim.terminate triggered in process ID 5 at loc("/workspace/src/tb.sv":37:5 to :13)[22m
    [2m[mox-sim] Simulation terminated at time 145000000 fs (success=true, verbose=true)[22m
    [2m[mox-sim] Main loop exit: shouldContinue()=false at time 145000000 fs, iter=30, deltas=1"[22m


      254 |   await page.getByTestId('run-button').click();
      255 |   const logs = page.getByTestId('runtime-logs');
    > 256 |   await expect(logs).toContainText('$ mox-verilog', { timeout: 45_000 });
          |                      ^
      257 |   await waitForRunDone(page);
      258 |   const text = await logs.textContent();
      259 |   expect(text).not.toContain('runtime unavailable');
        at /var/tmp/thomas-ahle/sv-tutorial/e2e/qa-ghpages.spec.js:256:22

    attachment #1: screenshot (image/png) ──────────────────────────────────────────────────────────
    test-results/qa-ghpages-SVA-concurrent-simulation-lesson-runs-cleanly/test-failed-1.png
    ────────────────────────────────────────────────────────────────────────────────────────────────

    Error Context: test-results/qa-ghpages-SVA-concurrent-simulation-lesson-runs-cleanly/error-context.md

  30) e2e/qa-ghpages.spec.js:262:1 › UVM: driver lesson compiles and simulates ─────────────────────

    Error: [2mexpect([22m[31mreceived[39m[2m).[22mnot[2m.[22mtoContain[2m([22m[32mexpected[39m[2m) // indexOf[22m

    Expected substring: not [32m"# mox-verilog exit code: 1"[39m
    Received string:        [31m"# bundled 3 roots into /workspace/__svt_uvm_bundle.sv for stable UVM compilation$ mox-verilog --resource-guard=false --ir-llhd --timescale 1ns/1ns --single-unit --uvm-path /mox/uvm-core -I /mox/uvm-core/src --top tb_top -o /workspace/out/design.llhd.mlir /workspace/__svt_uvm_bundle.svstdout LazyFiles on gzip forces download of the whole file when length is accessed[39m
    [31mLazyFiles on gzip forces download of the whole file when length is accessed[39m
    [31mLazyFiles on gzip forces download of the whole file when length is accessed[39m
    [31mLazyFiles on gzip forces download of the whole file when length is accessed[39m
    [31mLazyFiles on gzip forces download of the whole file when length is accessed[39m
    [31mLazyFiles on gzip forces download of the whole file when length is accessed[39m
    [31mLazyFiles on gzip forces download of the whole file when length is accessed[39m
    [31mLazyFiles on gzip forces download of the whole file when length is accessed[39m
    [31mLazyFiles on gzip forces download of the whole file when length is accessed[39m
    [31mLazyFiles on gzip forces download of the whole file when length is accessed[39m
    [31mLazyFiles on gzip forces download of the whole file when length is accessed[39m
    [31mLazyFiles on gzip forces download of the whole file when length is accessed[39m
    [31mLazyFiles on gzip forces download of the whole file when length is accessed[39m
    [31mLazyFiles on gzip forces download of the whole file when length is accessed[39m
    [31mLazyFiles on gzip forces download of the whole file when length is accessed[39m
    [31mLazyFiles on gzip forces download of the whole file when length is accessed[39m
    [31mLazyFiles on gzip forces download of the whole file when length is accessed[39m
    [31mLazyFiles on gzip forces download of the whole file when length is accessed[39m
    [31mLazyFiles on gzip forces download of the whole file when length is accessed[39m
    [31mLazyFiles on gzip forces download of the whole file when length is accessed[39m
    [31mLazyFiles on gzip forces download of the whole file when length is accessed[39m
    [31mLazyFiles on gzip forces download of the whole file when length is accessed[39m
    [31mLazyFiles on gzip forces download of the whole file when length is accessed[39m
    [31mLazyFiles on gzip forces download of the whole file when length is accessed[39m
    [31mLazyFiles on gzip forces download of the whole file when length is accessed[39m
    [31mLazyFiles on gzip forces download of the whole file when length is accessed[39m
    [31mLazyFiles on gzip forces download of the whole file when length is accessed[39m
    [31mLazyFiles on gzip forces download of the whole file when length is accessed[39m
    [31mLazyFiles on gzip forces download of the whole file when length is accessed[39m
    [31mLazyFiles on gzip forces download of the whole file when length is accessed[39m
    [31mLazyFiles on gzip forces download of the whole file when length is accessed[39m
    [31mLazyFiles on gzip forces download of the whole file when length is accessed[39m
    [31mLazyFiles on gzip forces download of the whole file when length is accessed[39m
    [31mLazyFiles on gzip forces download of the whole file when length is accessed[39m
    [31mLazyFiles on gzip forces download of the whole file when length is accessed[39m
    [31mLazyFiles on gzip forces download of the whole file when length is accessed[39m
    [31mLazyFiles on gzip forces download of the whole file when length is accessed[39m
    [31mLazyFiles on gzip forces download of the whole file when length is accessed[39m
    [31mLazyFiles on gzip forces download of the whole file when length is accessed[39m
    [31mLazyFiles on gzip forces download of the whole file when length is accessed[39m
    [31mLazyFiles on gzip forces download of the whole file when length is accessed[39m
    [31mLazyFiles on gzip forces download of the whole file when length is accessed[39m
    [31mLazyFiles on gzip forces download of the whole file when length is accessed[39m
    [31mLazyFiles on gzip forces download of the whole file when length is accessed[39m
    [31mLazyFiles on gzip forces download of the whole file when length is accessed[39m
    [31mLazyFiles on gzip forces download of the whole file when length is accessed[39m
    [31mLazyFiles on gzip forces download of the whole file when length is accessed[39m
    [31mLazyFiles on gzip forces download of the whole file when length is accessed[39m
    [31mLazyFiles on gzip forces download of the whole file when length is accessed[39m
    [31mLazyFiles on gzip forces download of the whole file when length is accessed[39m
    [31mLazyFiles on gzip forces download of the whole file when length is accessed[39m
    [31mLazyFiles on gzip forces download of the whole file when length is accessed[39m
    [31mLazyFiles on gzip forces download of the whole file when length is accessed[39m
    [31mLazyFiles on gzip forces download of the whole file when length is accessed[39m
    [31mLazyFiles on gzip forces download of the whole file when length is accessed[39m
    [31mLazyFiles on gzip forces download of the whole file when length is accessed[39m
    [31mLazyFiles on gzip forces download of the whole file when length is accessed[39m
    [31mLazyFiles on gzip forces download of the whole file when length is accessed[39m
    [31mLazyFiles on gzip forces download of the whole file when length is accessed[39m
    [31mLazyFiles on gzip forces download of the whole file when length is accessed[39m
    [31mLazyFiles on gzip forces download of the whole file when length is accessed[39m
    [31mLazyFiles on gzip forces download of the whole file when length is accessed[39m
    [31mLazyFiles on gzip forces download of the whole file when length is accessed[39m
    [31mLazyFiles on gzip forces download of the whole file when length is accessed[39m
    [31mLazyFiles on gzip forces download of the whole file when length is accessed[39m
    [31mLazyFiles on gzip forces download of the whole file when length is accessed[39m
    [31mLazyFiles on gzip forces download of the whole file when length is accessed[39m
    [31mLazyFiles on gzip forces download of the whole file when length is accessed[39m
    [31mLazyFiles on gzip forces download of the whole file when length is accessed[39m
    [31mLazyFiles on gzip forces download of the whole file when length is accessed[39m
    [31mLazyFiles on gzip forces download of the whole file when length is accessed[39m
    [31mLazyFiles on gzip forces download of the whole file when length is accessed[39m
    [31mLazyFiles on gzip forces download of the whole file when length is accessed[39m
    [31mLazyFiles on gzip forces download of the whole file when length is accessed[39m
    [31mLazyFiles on gzip forces download of the whole file when length is accessed[39m
    [31mLazyFiles on gzip forces download of the whole file when length is accessed[39m
    [31mLazyFiles on gzip forces download of the whole file when length is accessed[39m
    [31mLazyFiles on gzip forces download of the whole file when length is accessed[39m
    [31mLazyFiles on gzip forces download of the whole file when length is accessed[39m
    [31mLazyFiles on gzip forces download of the whole file when length is accessed[39m
    [31mLazyFiles on gzip forces download of the whole file when length is accessed[39m
    [31mLazyFiles on gzip forces download of the whole file when length is accessed[39m
    [31mLazyFiles on gzip forces download of the whole file when length is accessed[39m
    [31mLazyFiles on gzip forces download of the whole file when length is accessed[39m
    [31mLazyFiles on gzip forces download of the whole file when length is accessed[39m
    [31mLazyFiles on gzip forces download of the whole file when length is accessed[39m
    [31mLazyFiles on gzip forces download of the whole file when length is accessed[39m
    [31mLazyFiles on gzip forces download of the whole file when length is accessed[39m
    [31mLazyFiles on gzip forces download of the whole file when length is accessed[39m
    [31mLazyFiles on gzip forces download of the whole file when length is accessed[39m
    [31mLazyFiles on gzip forces download of the whole file when length is accessed[39m
    [31mLazyFiles on gzip forces download of the whole file when length is accessed[39m
    [31mLazyFiles on gzip forces download of the whole file when length is accessed[39m
    [31mLazyFiles on gzip forces download of the whole file when length is accessed[39m
    [31mLazyFiles on gzip forces download of the whole file when length is accessed[39m
    [31mLazyFiles on gzip forces download of the whole file when length is accessed[39m
    [31mLazyFiles on gzip forces download of the whole file when length is accessed[39m
    [31mLazyFiles on gzip forces download of the whole file when length is accessed[39m
    [31mLazyFiles on gzip forces download of the whole file when length is accessed[39m
    [31mLazyFiles on gzip forces download of the whole file when length is accessed[39m
    [31mLazyFiles on gzip forces download of the whole file when length is accessed[39m
    [31mLazyFiles on gzip forces download of the whole file when length is accessed[39m
    [31mLazyFiles on gzip forces download of the whole file when length is accessed[39m
    [31mLazyFiles on gzip forces download of the whole file when length is accessed[39m
    [31mLazyFiles on gzip forces download of the whole file when length is accessed[39m
    [31mLazyFiles on gzip forces download of the whole file when length is accessed[39m
    [31mLazyFiles on gzip forces download of the whole file when length is accessed[39m
    [31mLazyFiles on gzip forces download of the whole file when length is accessed[39m
    [31mLazyFiles on gzip forces download of the whole file when length is accessed[39m
    [31mLazyFiles on gzip forces download of the whole file when length is accessed[39m
    [31mLazyFiles on gzip forces download of the whole file when length is accessed[39m
    [31mLazyFiles on gzip forces download of the whole file when length is accessed[39m
    [31mLazyFiles on gzip forces download of the whole file when length is accessed[39m
    [31mLazyFiles on gzip forces download of the whole file when length is accessed[39m
    [31mLazyFiles on gzip forces download of the whole file when length is accessed[39m
    [31mLazyFiles on gzip forces download of the whole file when length is accessed[39m
    [31mLazyFiles on gzip forces download of the whole file when length is accessed[39m
    [31mLazyFiles on gzip forces download of the whole file when length is accessed[39m
    [31mLazyFiles on gzip forces download of the whole file when length is accessed[39m
    [31mLazyFiles on gzip forces download of the whole file when length is accessed[39m
    [31mLazyFiles on gzip forces download of the whole file when length is accessed[39m
    [31mLazyFiles on gzip forces download of the whole file when length is accessed[39m
    [31mLazyFiles on gzip forces download of the whole file when length is accessed[39m
    [31mLazyFiles on gzip forces download of the whole file when length is accessed[39m
    [31mLazyFiles on gzip forces download of the whole file when length is accessed[39m
    [31mLazyFiles on gzip forces download of the whole file when length is accessed[39m
    [31mLazyFiles on gzip forces download of the whole file when length is accessed[39m
    [31mLazyFiles on gzip forces download of the whole file when length is accessed[39m
    [31mLazyFiles on gzip forces download of the whole file when length is accessed[39m
    [31mLazyFiles on gzip forces download of the whole file when length is accessed[39m
    [31mLazyFiles on gzip forces download of the whole file when length is accessed[39m
    [31mLazyFiles on gzip forces download of the whole file when length is accessed[39m
    [31mLazyFiles on gzip forces download of the whole file when length is accessed[39m
    [31mLazyFiles on gzip forces download of the whole file when length is accessed[39m
    [31mLazyFiles on gzip forces download of the whole file when length is accessed[39m
    [31mLazyFiles on gzip forces download of the whole file when length is accessed[39m
    [31mLazyFiles on gzip forces download of the whole file when length is accessed[39m
    [31mLazyFiles on gzip forces download of the whole file when length is accessed[39m
    [31mLazyFiles on gzip forces download of the whole file when length is accessed[39m
    [31mLazyFiles on gzip forces download of the whole file when length is accessed[39m
    [31mLazyFiles on gzip forces download of the whole file when length is accessed[39m
    [31mLazyFiles on gzip forces download of the whole file when length is accessed[39m
    [31mLazyFiles on gzip forces download of the whole file when length is accessed[39m
    [31mLazyFiles on gzip forces download of the whole file when length is accessed[39m
    [31mLazyFiles on gzip forces download of the whole file when length is accessed[39m
    [31mLazyFiles on gzip forces download of the whole file when length is accessed[39m
    [31mLazyFiles on gzip forces download of the whole file when length is accessed[39m
    [31mLazyFiles on gzip forces download of the whole file when length is accessed[39m
    [31mLazyFiles on gzip forces download of the whole file when length is accessed[39m
    [31mLazyFiles on gzip forces download of the whole file when length is accessed[39m
    [31mLazyFiles on gzip forces download of the whole file when length is accessed[39m
    [31mLazyFiles on gzip forces download of the whole file when length is accessed[39m
    [31mLazyFiles on gzip forces download of the whole file when length is accessed[39m
    [31mLazyFiles on gzip forces download of the whole file when length is accessed[39m
    [31mLazyFiles on gzip forces download of the whole file when length is accessed[39m
    [31mLazyFiles on gzip forces download of the whole file when length is accessed[39m
    [31mLazyFiles on gzip forces download of the whole file when length is accessed[39m
    [31mLazyFiles on gzip forces download of the whole file when length is accessed[39m
    [31mLazyFiles on gzip forces download of the whole file when length is accessed[39m
    [31mLazyFiles on gzip forces download of the whole file when length is accessed[39m
    [31mLazyFiles on gzip forces download of the whole file when length is accessed[39m
    [31mLazyFiles on gzip forces download of the whole file when length is accessed[39m
    [31mLazyFiles on gzip forces download of the whole file when length is accessed[39m
    [31mLazyFiles on gzip forces download of the whole file when length is accessed[39m
    [31mLazyFiles on gzip forces download of the whole file when length is accessed[39m
    [31mLazyFiles on gzip forces download of the whole file when length is accessedstderr /mox/uvm-core/src/base/uvm_config_db_implementation.svh:375:26: warning: unknown character escape sequence [-Wunknown-escape-code][39m
    [31m            separator = \"\\.(\" ;[39m
    [31m                         ^[39m
    [31m/mox/uvm-core/src/uvm_pkg.sv:57:2: note: included from here[39m
    [31m `include \"base/uvm_base.svh\"[39m
    [31m ^[39m
    [31m/mox/uvm-core/src/base/uvm_base.svh:77:3: note: included from here[39m
    [31m  `include \"base/uvm_config_db_implementation.svh\"[39m
    [31m  ^[39m
    [31m/workspace/src/sram.sv:10:13: error: variable 'mem' driven by always_ff procedure[39m
    [31m    if (we) mem[addr] <= wdata;[39m
    [31m            ^[7m# mox-verilog exit code: 1[27m# lowered MLIR output was not produced"[39m

      271 |   ).toMatch(/\$ mox-sim|runtime unavailable|# mox-verilog exit code: 1/);
      272 |   const text = await logs.textContent();
    > 273 |   expect(text).not.toContain('# mox-verilog exit code: 1');
          |                    ^
      274 |   expect(text).not.toContain('runtime unavailable');
      275 | });
      276 |
        at /var/tmp/thomas-ahle/sv-tutorial/e2e/qa-ghpages.spec.js:273:20

    attachment #1: screenshot (image/png) ──────────────────────────────────────────────────────────
    test-results/qa-ghpages-UVM-driver-lesson-compiles-and-simulates/test-failed-1.png
    ────────────────────────────────────────────────────────────────────────────────────────────────

    Error Context: test-results/qa-ghpages-UVM-driver-lesson-compiles-and-simulates/error-context.md

  31) e2e/qa-ghpages.spec.js:299:1 › dfn term card near bottom does not clip off-screen ────────────

    Error: [2mexpect([22m[31mreceived[39m[2m).[22mtoBeLessThanOrEqual[2m([22m[32mexpected[39m[2m)[22m

    Expected: <= [32m721[39m
    Received:    [31m725.0625[39m

      312 |     if (box) {
      313 |       const viewportHeight = page.viewportSize()?.height ?? 720;
    > 314 |       expect(box.y + box.height).toBeLessThanOrEqual(viewportHeight + 1);
          |                                  ^
      315 |     }
      316 |   }
      317 | });
        at /var/tmp/thomas-ahle/sv-tutorial/e2e/qa-ghpages.spec.js:314:34

    attachment #1: screenshot (image/png) ──────────────────────────────────────────────────────────
    test-results/qa-ghpages-dfn-term-card-n-44274-om-does-not-clip-off-screen/test-failed-1.png
    ────────────────────────────────────────────────────────────────────────────────────────────────

    Error Context: test-results/qa-ghpages-dfn-term-card-n-44274-om-does-not-clip-off-screen/error-context.md

  32) e2e/qa-ghpages.spec.js:321:1 › vim mode: toggles on and off without breaking editor ──────────

    Error: [2mexpect([22m[31mlocator[39m[2m).[22mtoContainText[2m([22m[32mexpected[39m[2m)[22m failed

    Locator: getByTestId('runtime-logs')
    Timeout: 45000ms
    [32m- Expected substring  -  1[39m
    [31m+ Received string     + 11[39m

    [32m- $ mox-[7mverilog[27m[39m
    [31m+ $ mox-[7mrun --timescale 1ns/1ns --single-unit --top top --vcd /workspace/out/waves.vcd --trace-all /workspace/src/top.svstdout [mox-sim] Found 0 LLHD processes, 0 LLHD finals, 0 seq.initial blocks, and 0 hw.instance ops (out of 2 total ops) in module[27m[39m
    [31m+ [mox-sim] Starting simulation[39m
    [31m+ [mox-sim] Wrote waveform to /workspace/out/waves.vcd[39m
    [31m+ [mox-sim] Simulation completed at time 0 fs[39m
    [31m+ [mox-sim] Simulation completedstderr [this.program] parse (949ms, total: 949ms)[39m
    [31m+ [this.program] lower (84ms, total: 1034ms)[39m
    [31m+ [this.program] simulate (7ms, total: 1041ms)[39m
    [31m+ [mox-sim] Auto-enabling --skip-passes for module marked mox.sim.preprocessed[39m
    [31m+ [mox-sim] Stage: passes (prev: 0ms, total: 0ms)[39m
    [31m+ [mox-sim] Stage: init (prev: 0ms, total: 0ms)[39m
    [31m+ [mox-sim] Stage: run (prev: 2ms, total: 2ms)[39m

    Call log:
    [2m  - Expect "toContainText" with timeout 45000ms[22m
    [2m  - waiting for getByTestId('runtime-logs')[22m
    [2m    5 × locator resolved to <div data-testid="runtime-logs" class="m-0 bg-logs-bg text-logs-text p-[0.6rem] overflow-auto font-mono text-[0.78rem]↵               flex-1 min-h-0">…</div>[22m
    [2m      - unexpected value "$ mox-run --timescale 1ns/1ns --single-unit --top top --vcd /workspace/out/waves.vcd --trace-all /workspace/src/top.sv"[22m
    [2m    43 × locator resolved to <div data-testid="runtime-logs" class="m-0 bg-logs-bg text-logs-text p-[0.6rem] overflow-auto font-mono text-[0.78rem]↵               flex-1 min-h-0">…</div>[22m
    [2m       - unexpected value "$ mox-run --timescale 1ns/1ns --single-unit --top top --vcd /workspace/out/waves.vcd --trace-all /workspace/src/top.svstdout [mox-sim] Found 0 LLHD processes, 0 LLHD finals, 0 seq.initial blocks, and 0 hw.instance ops (out of 2 total ops) in module[22m
    [2m[mox-sim] Starting simulation[22m
    [2m[mox-sim] Wrote waveform to /workspace/out/waves.vcd[22m
    [2m[mox-sim] Simulation completed at time 0 fs[22m
    [2m[mox-sim] Simulation completedstderr [this.program] parse (949ms, total: 949ms)[22m
    [2m[this.program] lower (84ms, total: 1034ms)[22m
    [2m[this.program] simulate (7ms, total: 1041ms)[22m
    [2m[mox-sim] Auto-enabling --skip-passes for module marked mox.sim.preprocessed[22m
    [2m[mox-sim] Stage: passes (prev: 0ms, total: 0ms)[22m
    [2m[mox-sim] Stage: init (prev: 0ms, total: 0ms)[22m
    [2m[mox-sim] Stage: run (prev: 2ms, total: 2ms)"[22m


      335 |   // Run still works
      336 |   await page.getByTestId('run-button').click();
    > 337 |   await expect(page.getByTestId('runtime-logs')).toContainText('$ mox-verilog', { timeout: 45_000 });
          |                                                  ^
      338 | });
      339 |
      340 | test('dark mode: toggle changes color scheme', async ({ page }) => {
        at /var/tmp/thomas-ahle/sv-tutorial/e2e/qa-ghpages.spec.js:337:50

    attachment #1: screenshot (image/png) ──────────────────────────────────────────────────────────
    test-results/qa-ghpages-vim-mode-toggle-0cf42-off-without-breaking-editor/test-failed-1.png
    ────────────────────────────────────────────────────────────────────────────────────────────────

    Error Context: test-results/qa-ghpages-vim-mode-toggle-0cf42-off-without-breaking-editor/error-context.md

  33) e2e/solutions-live.spec.js:54:3 › [sim] Welcome ──────────────────────────────────────────────

    [31mTest timeout of 180000ms exceeded.[39m

    Error: locator.click: Test timeout of 180000ms exceeded.
    Call log:
    [2m  - waiting for locator('button[data-active]').filter({ hasText: 'Welcome' })[22m


      24 |   }
      25 |
    > 26 |   await lessonBtn.click();
         |                   ^
      27 |   await expect(page.getByRole('heading', { level: 2, name: lessonName })).toBeVisible();
      28 | }
      29 |
        at goToLesson (/var/tmp/thomas-ahle/sv-tutorial/e2e/solutions-live.spec.js:26:19)
        at /var/tmp/thomas-ahle/sv-tutorial/e2e/solutions-live.spec.js:55:5

    attachment #1: screenshot (image/png) ──────────────────────────────────────────────────────────
    test-results/solutions-live--sim-Welcome/test-failed-1.png
    ────────────────────────────────────────────────────────────────────────────────────────────────

    Error Context: test-results/solutions-live--sim-Welcome/error-context.md

  34) e2e/solutions-live.spec.js:54:3 › [sim] Concurrent Assertions in Simulation ──────────────────

    Error: [2mexpect([22m[31mlocator[39m[2m).[22mtoContainText[2m([22m[32mexpected[39m[2m)[22m failed

    Locator: getByTestId('runtime-logs')
    Timeout: 90000ms
    [32m- Expected substring  -  1[39m
    [31m+ Received string     + 18[39m

    [32m- SVA assertion failed[39m
    [31m+ $ mox-run --timescale 1ns/1ns --single-unit --top tb --vcd /workspace/out/waves.vcd --trace-all /workspace/src/monitor.sv /workspace/src/tb.svstdout [mox-sim] Found 2 LLHD processes, 0 LLHD finals, 0 seq.initial blocks, and 1 hw.instance ops (out of 321 total ops) in module[39m
    [31m+ [mox-sim] Registered 6 LLHD signals and 3 LLHD processes/initial blocks[39m
    [31m+ [mox-sim] Starting simulation[39m
    [31m+ req was not followed by gnt within 3 cycles![39m
    [31m+ PASS[39m
    [31m+ [mox-sim] Simulation finished at time 145000000 fs[39m
    [31m+ [mox-sim] Wrote waveform to /workspace/out/waves.vcd[39m
    [31m+ [mox-sim] Simulation completed at time 145000000 fs[39m
    [31m+ [mox-sim] Simulation completedstderr [this.program] parse (1245ms, total: 1245ms)[39m
    [31m+ [this.program] lower (380ms, total: 1626ms)[39m
    [31m+ [this.program] simulate (61ms, total: 1687ms)[39m
    [31m+ [mox-sim] Auto-enabling --skip-passes for module marked mox.sim.preprocessed[39m
    [31m+ [mox-sim] Stage: passes (prev: 0ms, total: 0ms)[39m
    [31m+ [mox-sim] Stage: init (prev: 0ms, total: 1ms)[39m
    [31m+ [mox-sim] Stage: run (prev: 246ms, total: 247ms)[39m
    [31m+ [mox-sim] sim.terminate triggered in process ID 5 at loc("/workspace/src/tb.sv":37:5 to :13)[39m
    [31m+ [mox-sim] Simulation terminated at time 145000000 fs (success=true, verbose=true)[39m
    [31m+ [mox-sim] Main loop exit: shouldContinue()=false at time 145000000 fs, iter=30, deltas=1[39m

    Call log:
    [2m  - Expect "toContainText" with timeout 90000ms[22m
    [2m  - waiting for getByTestId('runtime-logs')[22m
    [2m    5 × locator resolved to <div data-testid="runtime-logs" class="m-0 bg-logs-bg text-logs-text p-[0.6rem] overflow-auto font-mono text-[0.78rem]↵               flex-1 min-h-0">…</div>[22m
    [2m      - unexpected value "$ mox-run --timescale 1ns/1ns --single-unit --top tb --vcd /workspace/out/waves.vcd --trace-all /workspace/src/monitor.sv /workspace/src/tb.sv"[22m
    [2m    - locator resolved to <div data-testid="runtime-logs" class="m-0 bg-logs-bg text-logs-text p-[0.6rem] overflow-auto font-mono text-[0.78rem]↵               flex-1 min-h-0">…</div>[22m
    [2m    - unexpected value "$ mox-run --timescale 1ns/1ns --single-unit --top tb --vcd /workspace/out/waves.vcd --trace-all /workspace/src/monitor.sv /workspace/src/tb.svstderr [this.program] parse (1245ms, total: 1245ms)"[22m
    [2m    87 × locator resolved to <div data-testid="runtime-logs" class="m-0 bg-logs-bg text-logs-text p-[0.6rem] overflow-auto font-mono text-[0.78rem]↵               flex-1 min-h-0">…</div>[22m
    [2m       - unexpected value "$ mox-run --timescale 1ns/1ns --single-unit --top tb --vcd /workspace/out/waves.vcd --trace-all /workspace/src/monitor.sv /workspace/src/tb.svstdout [mox-sim] Found 2 LLHD processes, 0 LLHD finals, 0 seq.initial blocks, and 1 hw.instance ops (out of 321 total ops) in module[22m
    [2m[mox-sim] Registered 6 LLHD signals and 3 LLHD processes/initial blocks[22m
    [2m[mox-sim] Starting simulation[22m
    [2mreq was not followed by gnt within 3 cycles![22m
    [2mPASS[22m
    [2m[mox-sim] Simulation finished at time 145000000 fs[22m
    [2m[mox-sim] Wrote waveform to /workspace/out/waves.vcd[22m
    [2m[mox-sim] Simulation completed at time 145000000 fs[22m
    [2m[mox-sim] Simulation completedstderr [this.program] parse (1245ms, total: 1245ms)[22m
    [2m[this.program] lower (380ms, total: 1626ms)[22m
    [2m[this.program] simulate (61ms, total: 1687ms)[22m
    [2m[mox-sim] Auto-enabling --skip-passes for module marked mox.sim.preprocessed[22m
    [2m[mox-sim] Stage: passes (prev: 0ms, total: 0ms)[22m
    [2m[mox-sim] Stage: init (prev: 0ms, total: 1ms)[22m
    [2m[mox-sim] Stage: run (prev: 246ms, total: 247ms)[22m
    [2m[mox-sim] sim.terminate triggered in process ID 5 at loc("/workspace/src/tb.sv":37:5 to :13)[22m
    [2m[mox-sim] Simulation terminated at time 145000000 fs (success=true, verbose=true)[22m
    [2m[mox-sim] Main loop exit: shouldContinue()=false at time 145000000 fs, iter=30, deltas=1"[22m


      86 |       await assertNoCompileError(logs);
      87 |       if (lesson.expectAssertionFail) {
    > 88 |         await expect(logs).toContainText('SVA assertion failed', { timeout: COMPILE_TIMEOUT });
         |                            ^
      89 |       }
      90 |     }
      91 |   });
        at /var/tmp/thomas-ahle/sv-tutorial/e2e/solutions-live.spec.js:88:28

    attachment #1: screenshot (image/png) ──────────────────────────────────────────────────────────
    test-results/solutions-live--sim-Concurrent-Assertions-in-Simulation/test-failed-1.png
    ────────────────────────────────────────────────────────────────────────────────────────────────

    Error Context: test-results/solutions-live--sim-Concurrent-Assertions-in-Simulation/error-context.md

  35) e2e/solutions-live.spec.js:54:3 › [lec] Logical Equivalence Checking ─────────────────────────

    Error: [2mexpect([22m[31mlocator[39m[2m).[22mtoContainText[2m([22m[32mexpected[39m[2m)[22m failed

    Locator: getByTestId('runtime-logs')
    Expected substring: [32m"[7m[z3] [27munsat"[39m
    Received string:    [31m"[7m$ mox-verilog --resource-guard=false --ir-hw --single-unit -o /workspace/out/design.mlir /workspace/src/top.sv$ mox-lec --resource-guard=false --assume-known-inputs -c1 Spec -c2 Impl --emit-smtlib -o /workspace/out/check.smt2 /workspace/out/design.mlir$ z3 /workspace/out/check.smt2[27munsat"[39m
    Timeout: 120000ms

    Call log:
    [2m  - Expect "toContainText" with timeout 120000ms[22m
    [2m  - waiting for getByTestId('runtime-logs')[22m
    [2m    4 × locator resolved to <div data-testid="runtime-logs" class="m-0 bg-logs-bg text-logs-text p-[0.6rem] overflow-auto font-mono text-[0.78rem]↵               flex-1 min-h-0">…</div>[22m
    [2m      - unexpected value "$ mox-verilog --resource-guard=false --ir-hw --single-unit -o /workspace/out/design.mlir /workspace/src/top.sv"[22m
    [2m    - locator resolved to <div data-testid="runtime-logs" class="m-0 bg-logs-bg text-logs-text p-[0.6rem] overflow-auto font-mono text-[0.78rem]↵               flex-1 min-h-0">…</div>[22m
    [2m    - unexpected value "$ mox-verilog --resource-guard=false --ir-hw --single-unit -o /workspace/out/design.mlir /workspace/src/top.sv$ mox-lec --resource-guard=false --assume-known-inputs -c1 Spec -c2 Impl --emit-smtlib -o /workspace/out/check.smt2 /workspace/out/design.mlir"[22m
    [2m    118 × locator resolved to <div data-testid="runtime-logs" class="m-0 bg-logs-bg text-logs-text p-[0.6rem] overflow-auto font-mono text-[0.78rem]↵               flex-1 min-h-0">…</div>[22m
    [2m        - unexpected value "$ mox-verilog --resource-guard=false --ir-hw --single-unit -o /workspace/out/design.mlir /workspace/src/top.sv$ mox-lec --resource-guard=false --assume-known-inputs -c1 Spec -c2 Impl --emit-smtlib -o /workspace/out/check.smt2 /workspace/out/design.mlir$ z3 /workspace/out/check.smt2unsat"[22m


      64 |       await assertNoCompileError(logs);
      65 |       await expect(logs).not.toContainText('# mox-lec exit code: 1', { timeout: COMPILE_TIMEOUT });
    > 66 |       await expect(logs).toContainText('[z3] unsat', { timeout: Z3_TIMEOUT });
         |                          ^
      67 |
      68 |     } else if (lesson.runner === 'bmc' || lesson.runner === 'both') {
      69 |       await page.getByTestId('verify-button').click();
        at /var/tmp/thomas-ahle/sv-tutorial/e2e/solutions-live.spec.js:66:26

    attachment #1: screenshot (image/png) ──────────────────────────────────────────────────────────
    test-results/solutions-live--lec-Logical-Equivalence-Checking/test-failed-1.png
    ────────────────────────────────────────────────────────────────────────────────────────────────

    Error Context: test-results/solutions-live--lec-Logical-Equivalence-Checking/error-context.md

  36) e2e/solutions.spec.js:154:3 › [sim] Priority Encoder ─────────────────────────────────────────

    [31mTest timeout of 180000ms exceeded.[39m

    Error: locator.click: Test timeout of 180000ms exceeded.
    Call log:
    [2m  - waiting for locator('button:not([data-active])').filter({ hasText: 'Combinational Logic' })[22m


      55 |   // collisions between chapter and lesson button text.
      56 |   if ((await lessonBtn.count()) === 0) {
    > 57 |     await page.locator('button:not([data-active])').filter({ hasText: chapterName }).click();
         |                                                                                      ^
      58 |   }
      59 |
      60 |   await lessonBtn.click();
        at goToLesson (/var/tmp/thomas-ahle/sv-tutorial/e2e/solutions.spec.js:57:86)
        at /var/tmp/thomas-ahle/sv-tutorial/e2e/solutions.spec.js:155:5

    attachment #1: screenshot (image/png) ──────────────────────────────────────────────────────────
    test-results/solutions--sim-Priority-Encoder/test-failed-1.png
    ────────────────────────────────────────────────────────────────────────────────────────────────

    Error Context: test-results/solutions--sim-Priority-Encoder/error-context.md

  37) e2e/solutions.spec.js:154:3 › [sim] Parameters and localparam ────────────────────────────────

    [31mTest timeout of 180000ms exceeded.[39m

    Error: locator.click: Test timeout of 180000ms exceeded.
    Call log:
    [2m  - waiting for locator('button:not([data-active])').filter({ hasText: 'Parameterized Modules' })[22m


      55 |   // collisions between chapter and lesson button text.
      56 |   if ((await lessonBtn.count()) === 0) {
    > 57 |     await page.locator('button:not([data-active])').filter({ hasText: chapterName }).click();
         |                                                                                      ^
      58 |   }
      59 |
      60 |   await lessonBtn.click();
        at goToLesson (/var/tmp/thomas-ahle/sv-tutorial/e2e/solutions.spec.js:57:86)
        at /var/tmp/thomas-ahle/sv-tutorial/e2e/solutions.spec.js:155:5

    attachment #1: screenshot (image/png) ──────────────────────────────────────────────────────────
    test-results/solutions--sim-Parameters-and-localparam/test-failed-1.png
    ────────────────────────────────────────────────────────────────────────────────────────────────

    Error Context: test-results/solutions--sim-Parameters-and-localparam/error-context.md

  38) e2e/solutions.spec.js:154:3 › [sim] Interfaces and modport ───────────────────────────────────

    [31mTest timeout of 180000ms exceeded.[39m

    Error: locator.click: Test timeout of 180000ms exceeded.
    Call log:
    [2m  - waiting for locator('button[data-active]').filter({ hasText: 'Interfaces and modport' })[22m


      58 |   }
      59 |
    > 60 |   await lessonBtn.click();
         |                   ^
      61 |   await expect(page.getByRole('heading', { level: 2, name: lessonName })).toBeVisible();
      62 | }
      63 |
        at goToLesson (/var/tmp/thomas-ahle/sv-tutorial/e2e/solutions.spec.js:60:19)
        at /var/tmp/thomas-ahle/sv-tutorial/e2e/solutions.spec.js:155:5

    attachment #1: screenshot (image/png) ──────────────────────────────────────────────────────────
    test-results/solutions--sim-Interfaces-and-modport/test-failed-1.png
    ────────────────────────────────────────────────────────────────────────────────────────────────

    Error Context: test-results/solutions--sim-Interfaces-and-modport/error-context.md

  39) e2e/solutions.spec.js:154:3 › [sim] Tasks and Functions ──────────────────────────────────────

    [31mTest timeout of 180000ms exceeded.[39m

    Error: locator.click: Test timeout of 180000ms exceeded.
    Call log:
    [2m  - waiting for locator('button[data-active]').filter({ hasText: 'Tasks and Functions' })[22m


      58 |   }
      59 |
    > 60 |   await lessonBtn.click();
         |                   ^
      61 |   await expect(page.getByRole('heading', { level: 2, name: lessonName })).toBeVisible();
      62 | }
      63 |
        at goToLesson (/var/tmp/thomas-ahle/sv-tutorial/e2e/solutions.spec.js:60:19)
        at /var/tmp/thomas-ahle/sv-tutorial/e2e/solutions.spec.js:155:5

    attachment #1: screenshot (image/png) ──────────────────────────────────────────────────────────
    test-results/solutions--sim-Tasks-and-Functions/test-failed-1.png
    ────────────────────────────────────────────────────────────────────────────────────────────────

    Error Context: test-results/solutions--sim-Tasks-and-Functions/error-context.md

  40) e2e/solutions.spec.js:154:3 › [bmc] Immediate Assertions ─────────────────────────────────────

    Error: [2mexpect([22m[31mlocator[39m[2m).[22mtoContainText[2m([22m[32mexpected[39m[2m)[22m failed

    Locator: getByTestId('runtime-logs')
    Timeout: 120000ms
    [32m- Expected substring  - 1[39m
    [31m+ Received string     + 3[39m

    [32m- [z3][39m
    [31m+ $ mox-verilog --resource-guard=false --ir-llhd --timescale 1ns/1ns --single-unit --top fifo_checker -o /workspace/out/design.mlir /workspace/src/fifo_checker.sv$ mox-bmc --resource-guard=false --assume-known-inputs -b 20 --module fifo_checker --emit-smtlib -o /workspace/out/check.smt2 /workspace/out/design.mlirstderr /workspace/out/design.mlir:147:7: error: failed to legalize operation 'ltl.not' that was explicitly marked illegal: %195 = "ltl.not"(%87) : (!smt.bv<1>) -> !ltl.property[39m
    [31m+       verif.assert %value_51 label "" {mox.sim.vpi_extra_source_columns = [10 : i32], mox.sim.vpi_extra_source_lines = [7 : i32], mox.sva.has_action_block, mox.sva.has_fail_action_block, mox.vpi.source_column = 5 : i32, mox.vpi.source_line = 8 : i32} : i1[39m
    [31m+       ^# mox-bmc exit code: 1# no SMT-LIB output produced[39m

    Call log:
    [2m  - Expect "toContainText" with timeout 120000ms[22m
    [2m  - waiting for getByTestId('runtime-logs')[22m
    [2m    8 × locator resolved to <div data-testid="runtime-logs" class="m-0 bg-logs-bg text-logs-text p-[0.6rem] overflow-auto font-mono text-[0.78rem]↵               flex-1 min-h-0">…</div>[22m
    [2m      - unexpected value "$ mox-verilog --resource-guard=false --ir-llhd --timescale 1ns/1ns --single-unit --top fifo_checker -o /workspace/out/design.mlir /workspace/src/fifo_checker.sv"[22m
    [2m    115 × locator resolved to <div data-testid="runtime-logs" class="m-0 bg-logs-bg text-logs-text p-[0.6rem] overflow-auto font-mono text-[0.78rem]↵               flex-1 min-h-0">…</div>[22m
    [2m        - unexpected value "$ mox-verilog --resource-guard=false --ir-llhd --timescale 1ns/1ns --single-unit --top fifo_checker -o /workspace/out/design.mlir /workspace/src/fifo_checker.sv$ mox-bmc --resource-guard=false --assume-known-inputs -b 20 --module fifo_checker --emit-smtlib -o /workspace/out/check.smt2 /workspace/out/design.mlirstderr /workspace/out/design.mlir:147:7: error: failed to legalize operation 'ltl.not' that was explicitly marked illegal: %195 = "ltl.not"(%87) : (!smt.bv<1>) -> !ltl.property[22m
    [2m      verif.assert %value_51 label "" {mox.sim.vpi_extra_source_columns = [10 : i32], mox.sim.vpi_extra_source_lines = [7 : i32], mox.sva.has_action_block, mox.sva.has_fail_action_block, mox.vpi.source_column = 5 : i32, mox.vpi.source_line = 8 : i32} : i1[22m
    [2m      ^# mox-bmc exit code: 1# no SMT-LIB output produced"[22m


      171 |       await assertNoCompileError(logs);
      172 |       await expect(logs).not.toContainText('# mox-bmc exit code: 1', { timeout: COMPILE_TIMEOUT });
    > 173 |       await expect(logs).toContainText('[z3]', { timeout: Z3_TIMEOUT });
          |                          ^
      174 |       if (lesson.expectUnsat) {
      175 |         await expect(logs).toContainText('[z3] unsat', { timeout: Z3_TIMEOUT });
      176 |         await expect(logs).not.toContainText('[z3] sat');
        at /var/tmp/thomas-ahle/sv-tutorial/e2e/solutions.spec.js:173:26

    attachment #1: screenshot (image/png) ──────────────────────────────────────────────────────────
    test-results/solutions--bmc-Immediate-Assertions/test-failed-1.png
    ────────────────────────────────────────────────────────────────────────────────────────────────

    Error Context: test-results/solutions--bmc-Immediate-Assertions/error-context.md

  41) e2e/solutions.spec.js:154:3 › [bmc] Sequences and Properties ─────────────────────────────────

    Error: [2mexpect([22m[31mlocator[39m[2m).[22mtoContainText[2m([22m[32mexpected[39m[2m)[22m failed

    Locator: getByTestId('runtime-logs')
    Timeout: 120000ms
    [32m- Expected substring  - 1[39m
    [31m+ Received string     + 3[39m

    [32m- [z3][39m
    [31m+ $ mox-verilog --resource-guard=false --ir-llhd --timescale 1ns/1ns --single-unit --top grant_check -o /workspace/out/design.mlir /workspace/src/grant_check.sv$ mox-bmc --resource-guard=false --assume-known-inputs -b 20 --module grant_check --emit-smtlib -o /workspace/out/check.smt2 /workspace/out/design.mlirstderr /workspace/out/design.mlir:18:5: error: 'llhd.process' op cannot be handed off from llhd-structuralize-processes to llhd-eliminate-processes; residual zero-result block contains an unsupported op before its terminator; residual summary: blocks=8, backedges=6, waits=1, branch_kinds=[cf.br, cf.cond_br], op_kinds=[llhd.prb, comb.add, llhd.drv, hw.constant, comb.icmp][39m
    [31m+     llhd.process attributes {mox.reactive_process, mox.sva.action.id = 0 : i64, mox.vpi.source_line = 11 : i32} {[39m
    [31m+     ^# mox-bmc exit code: 1# no SMT-LIB output produced[39m

    Call log:
    [2m  - Expect "toContainText" with timeout 120000ms[22m
    [2m  - waiting for getByTestId('runtime-logs')[22m
    [2m    7 × locator resolved to <div data-testid="runtime-logs" class="m-0 bg-logs-bg text-logs-text p-[0.6rem] overflow-auto font-mono text-[0.78rem]↵               flex-1 min-h-0">…</div>[22m
    [2m      - unexpected value "$ mox-verilog --resource-guard=false --ir-llhd --timescale 1ns/1ns --single-unit --top grant_check -o /workspace/out/design.mlir /workspace/src/grant_check.sv"[22m
    [2m    116 × locator resolved to <div data-testid="runtime-logs" class="m-0 bg-logs-bg text-logs-text p-[0.6rem] overflow-auto font-mono text-[0.78rem]↵               flex-1 min-h-0">…</div>[22m
    [2m        - unexpected value "$ mox-verilog --resource-guard=false --ir-llhd --timescale 1ns/1ns --single-unit --top grant_check -o /workspace/out/design.mlir /workspace/src/grant_check.sv$ mox-bmc --resource-guard=false --assume-known-inputs -b 20 --module grant_check --emit-smtlib -o /workspace/out/check.smt2 /workspace/out/design.mlirstderr /workspace/out/design.mlir:18:5: error: 'llhd.process' op cannot be handed off from llhd-structuralize-processes to llhd-eliminate-processes; residual zero-result block contains an unsupported op before its terminator; residual summary: blocks=8, backedges=6, waits=1, branch_kinds=[cf.br, cf.cond_br], op_kinds=[llhd.prb, comb.add, llhd.drv, hw.constant, comb.icmp][22m
    [2m    llhd.process attributes {mox.reactive_process, mox.sva.action.id = 0 : i64, mox.vpi.source_line = 11 : i32} {[22m
    [2m    ^# mox-bmc exit code: 1# no SMT-LIB output produced"[22m


      171 |       await assertNoCompileError(logs);
      172 |       await expect(logs).not.toContainText('# mox-bmc exit code: 1', { timeout: COMPILE_TIMEOUT });
    > 173 |       await expect(logs).toContainText('[z3]', { timeout: Z3_TIMEOUT });
          |                          ^
      174 |       if (lesson.expectUnsat) {
      175 |         await expect(logs).toContainText('[z3] unsat', { timeout: Z3_TIMEOUT });
      176 |         await expect(logs).not.toContainText('[z3] sat');
        at /var/tmp/thomas-ahle/sv-tutorial/e2e/solutions.spec.js:173:26

    attachment #1: screenshot (image/png) ──────────────────────────────────────────────────────────
    test-results/solutions--bmc-Sequences-and-Properties/test-failed-1.png
    ────────────────────────────────────────────────────────────────────────────────────────────────

    Error Context: test-results/solutions--bmc-Sequences-and-Properties/error-context.md

  42) e2e/solutions.spec.js:154:3 › [bmc] Recursive Properties ─────────────────────────────────────

    Error: [2mexpect([22m[31mlocator[39m[2m).[22mtoContainText[2m([22m[32mexpected[39m[2m)[22m failed

    Locator: getByTestId('runtime-logs')
    Timeout: 120000ms
    [32m- Expected substring  - 1[39m
    [31m+ Received string     + 3[39m

    [32m- [z3][39m
    [31m+ $ mox-verilog --resource-guard=false --ir-llhd --timescale 1ns/1ns --single-unit --top lock_check -o /workspace/out/design.mlir /workspace/src/lock_check.sv$ mox-bmc --resource-guard=false --assume-known-inputs -b 20 --module lock_check --emit-smtlib -o /workspace/out/check.smt2 /workspace/out/design.mlirstderr /workspace/out/design.mlir:306:5: error: failed to legalize operation 'ltl.not' that was explicitly marked illegal: %124 = "ltl.not"(%121) : (!smt.bv<1>) -> !ltl.property[39m
    [31m+     verif.clocked_assert %147 if %157, posedge %152 label "no_simul_a" {mox.sva.action.id = 2 : i64, mox.sva.has_action_block, mox.sva.instance.decl_scope = "lock_check", mox.sva.instance.kind = "property", mox.sva.instance.name = "p_no_simultaneous", mox.sva.instance.symbol = "lock_check.p_no_simultaneous", mox.vpi.source_column = 3 : i32, mox.vpi.source_line = 24 : i32} : i1[39m
    [31m+     ^# mox-bmc exit code: 1# no SMT-LIB output produced[39m

    Call log:
    [2m  - Expect "toContainText" with timeout 120000ms[22m
    [2m  - waiting for getByTestId('runtime-logs')[22m
    [2m    7 × locator resolved to <div data-testid="runtime-logs" class="m-0 bg-logs-bg text-logs-text p-[0.6rem] overflow-auto font-mono text-[0.78rem]↵               flex-1 min-h-0">…</div>[22m
    [2m      - unexpected value "$ mox-verilog --resource-guard=false --ir-llhd --timescale 1ns/1ns --single-unit --top lock_check -o /workspace/out/design.mlir /workspace/src/lock_check.sv"[22m
    [2m    116 × locator resolved to <div data-testid="runtime-logs" class="m-0 bg-logs-bg text-logs-text p-[0.6rem] overflow-auto font-mono text-[0.78rem]↵               flex-1 min-h-0">…</div>[22m
    [2m        - unexpected value "$ mox-verilog --resource-guard=false --ir-llhd --timescale 1ns/1ns --single-unit --top lock_check -o /workspace/out/design.mlir /workspace/src/lock_check.sv$ mox-bmc --resource-guard=false --assume-known-inputs -b 20 --module lock_check --emit-smtlib -o /workspace/out/check.smt2 /workspace/out/design.mlirstderr /workspace/out/design.mlir:306:5: error: failed to legalize operation 'ltl.not' that was explicitly marked illegal: %124 = "ltl.not"(%121) : (!smt.bv<1>) -> !ltl.property[22m
    [2m    verif.clocked_assert %147 if %157, posedge %152 label "no_simul_a" {mox.sva.action.id = 2 : i64, mox.sva.has_action_block, mox.sva.instance.decl_scope = "lock_check", mox.sva.instance.kind = "property", mox.sva.instance.name = "p_no_simultaneous", mox.sva.instance.symbol = "lock_check.p_no_simultaneous", mox.vpi.source_column = 3 : i32, mox.vpi.source_line = 24 : i32} : i1[22m
    [2m    ^# mox-bmc exit code: 1# no SMT-LIB output produced"[22m


      171 |       await assertNoCompileError(logs);
      172 |       await expect(logs).not.toContainText('# mox-bmc exit code: 1', { timeout: COMPILE_TIMEOUT });
    > 173 |       await expect(logs).toContainText('[z3]', { timeout: Z3_TIMEOUT });
          |                          ^
      174 |       if (lesson.expectUnsat) {
      175 |         await expect(logs).toContainText('[z3] unsat', { timeout: Z3_TIMEOUT });
      176 |         await expect(logs).not.toContainText('[z3] sat');
        at /var/tmp/thomas-ahle/sv-tutorial/e2e/solutions.spec.js:173:26

    attachment #1: screenshot (image/png) ──────────────────────────────────────────────────────────
    test-results/solutions--bmc-Recursive-Properties/test-failed-1.png
    ────────────────────────────────────────────────────────────────────────────────────────────────

    Error Context: test-results/solutions--bmc-Recursive-Properties/error-context.md

  43) e2e/solutions.spec.js:154:3 › [both] assume property ─────────────────────────────────────────

    Error: [2mexpect([22m[31mlocator[39m[2m).[22mtoContainText[2m([22m[32mexpected[39m[2m)[22m failed

    Locator: getByTestId('runtime-logs')
    Timeout: 120000ms
    [32m- Expected substring  - 1[39m
    [31m+ Received string     + 3[39m

    [32m- [z3][39m
    [31m+ $ mox-verilog --resource-guard=false --ir-llhd --timescale 1ns/1ns --single-unit --top top -o /workspace/out/design.mlir /workspace/src/top.sv$ mox-bmc --resource-guard=false --assume-known-inputs -b 20 --module top --emit-smtlib -o /workspace/out/check.smt2 /workspace/out/design.mlirstderr /workspace/out/design.mlir:209:5: error: failed to legalize operation 'ltl.not' that was explicitly marked illegal: %154 = "ltl.not"(%60) : (!smt.bv<1>) -> !ltl.property[39m
    [31m+     verif.clocked_assert %40 if %50, posedge %45 label "no_invalid" {mox.sva.action.id = 0 : i64, mox.sva.has_action_block, mox.vpi.source_column = 3 : i32, mox.vpi.source_line = 17 : i32} : i1[39m
    [31m+     ^# mox-bmc exit code: 1# no SMT-LIB output produced[39m

    Call log:
    [2m  - Expect "toContainText" with timeout 120000ms[22m
    [2m  - waiting for getByTestId('runtime-logs')[22m
    [2m    7 × locator resolved to <div data-testid="runtime-logs" class="m-0 bg-logs-bg text-logs-text p-[0.6rem] overflow-auto font-mono text-[0.78rem]↵               flex-1 min-h-0">…</div>[22m
    [2m      - unexpected value "$ mox-verilog --resource-guard=false --ir-llhd --timescale 1ns/1ns --single-unit --top top -o /workspace/out/design.mlir /workspace/src/top.sv"[22m
    [2m    116 × locator resolved to <div data-testid="runtime-logs" class="m-0 bg-logs-bg text-logs-text p-[0.6rem] overflow-auto font-mono text-[0.78rem]↵               flex-1 min-h-0">…</div>[22m
    [2m        - unexpected value "$ mox-verilog --resource-guard=false --ir-llhd --timescale 1ns/1ns --single-unit --top top -o /workspace/out/design.mlir /workspace/src/top.sv$ mox-bmc --resource-guard=false --assume-known-inputs -b 20 --module top --emit-smtlib -o /workspace/out/check.smt2 /workspace/out/design.mlirstderr /workspace/out/design.mlir:209:5: error: failed to legalize operation 'ltl.not' that was explicitly marked illegal: %154 = "ltl.not"(%60) : (!smt.bv<1>) -> !ltl.property[22m
    [2m    verif.clocked_assert %40 if %50, posedge %45 label "no_invalid" {mox.sva.action.id = 0 : i64, mox.sva.has_action_block, mox.vpi.source_column = 3 : i32, mox.vpi.source_line = 17 : i32} : i1[22m
    [2m    ^# mox-bmc exit code: 1# no SMT-LIB output produced"[22m


      171 |       await assertNoCompileError(logs);
      172 |       await expect(logs).not.toContainText('# mox-bmc exit code: 1', { timeout: COMPILE_TIMEOUT });
    > 173 |       await expect(logs).toContainText('[z3]', { timeout: Z3_TIMEOUT });
          |                          ^
      174 |       if (lesson.expectUnsat) {
      175 |         await expect(logs).toContainText('[z3] unsat', { timeout: Z3_TIMEOUT });
      176 |         await expect(logs).not.toContainText('[z3] sat');
        at /var/tmp/thomas-ahle/sv-tutorial/e2e/solutions.spec.js:173:26

    attachment #1: screenshot (image/png) ──────────────────────────────────────────────────────────
    test-results/solutions--both-assume-property/test-failed-1.png
    ────────────────────────────────────────────────────────────────────────────────────────────────

    Error Context: test-results/solutions--both-assume-property/error-context.md

  44) e2e/uvm.spec.js:66:3 › UVM: The First UVM Test ───────────────────────────────────────────────

    Error: [2mexpect([22m[31mreceived[39m[2m).[22mtoMatch[2m([22m[32mexpected[39m[2m)[22m

    Expected pattern: [32m/\$ mox-sim|runtime unavailable|# mox-verilog exit code: 1/[39m
    Received string:  [31m"# bundled 1 roots into /workspace/__svt_uvm_bundle.sv for stable UVM compilation$ mox-verilog --resource-guard=false --ir-llhd --timescale 1ns/1ns --single-unit --uvm-path /mox/uvm-core -I /mox/uvm-core/src --top tb_top -o /workspace/out/design.llhd.mlir /workspace/__svt_uvm_bundle.svstderr /mox/uvm-core/src/base/uvm_config_db_implementation.svh:375:26: warning: unknown character escape sequence [-Wunknown-escape-code][39m
    [31m            separator = \"\\.(\" ;[39m
    [31m                         ^[39m
    [31m/mox/uvm-core/src/uvm_pkg.sv:57:2: note: included from here[39m
    [31m `include \"base/uvm_base.svh\"[39m
    [31m ^[39m
    [31m/mox/uvm-core/src/base/uvm_base.svh:77:3: note: included from here[39m
    [31m  `include \"base/uvm_config_db_implementation.svh\"[39m
    [31m  ^"[39m

    Call Log:
    - Timeout 45000ms exceeded while waiting on the predicate

      43 |   await expect(logs).toContainText('$ mox-verilog', { timeout: 45_000 });
      44 |   await expect(logs).toContainText('--uvm-path /mox/uvm-core', { timeout: 45_000 });
    > 45 |   await expect.poll(
         |   ^
      46 |     async () => (await logs.textContent()) ?? '',
      47 |     { timeout: 45_000, intervals: [250, 500, 1000] }
      48 |   ).toMatch(/\$ mox-sim|runtime unavailable|# mox-verilog exit code: 1/);
        at expectCleanUvmRun (/var/tmp/thomas-ahle/sv-tutorial/e2e/uvm.spec.js:45:3)
        at /var/tmp/thomas-ahle/sv-tutorial/e2e/uvm.spec.js:70:5

    attachment #1: screenshot (image/png) ──────────────────────────────────────────────────────────
    test-results/uvm-UVM-The-First-UVM-Test/test-failed-1.png
    ────────────────────────────────────────────────────────────────────────────────────────────────

    Error Context: test-results/uvm-UVM-The-First-UVM-Test/error-context.md

  45) e2e/uvm.spec.js:66:3 › UVM: Sequence Items ───────────────────────────────────────────────────

    Error: [2mexpect([22m[31mreceived[39m[2m).[22mtoMatch[2m([22m[32mexpected[39m[2m)[22m

    Expected pattern: [32m/\$ mox-sim|runtime unavailable|# mox-verilog exit code: 1/[39m
    Received string:  [31m"# bundled 1 roots into /workspace/__svt_uvm_bundle.sv for stable UVM compilation$ mox-verilog --resource-guard=false --ir-llhd --timescale 1ns/1ns --single-unit --uvm-path /mox/uvm-core -I /mox/uvm-core/src --top tb_top -o /workspace/out/design.llhd.mlir /workspace/__svt_uvm_bundle.svstderr /mox/uvm-core/src/base/uvm_config_db_implementation.svh:375:26: warning: unknown character escape sequence [-Wunknown-escape-code][39m
    [31m            separator = \"\\.(\" ;[39m
    [31m                         ^[39m
    [31m/mox/uvm-core/src/uvm_pkg.sv:57:2: note: included from here[39m
    [31m `include \"base/uvm_base.svh\"[39m
    [31m ^[39m
    [31m/mox/uvm-core/src/base/uvm_base.svh:77:3: note: included from here[39m
    [31m  `include \"base/uvm_config_db_implementation.svh\"[39m
    [31m  ^"[39m

    Call Log:
    - Timeout 45000ms exceeded while waiting on the predicate

      43 |   await expect(logs).toContainText('$ mox-verilog', { timeout: 45_000 });
      44 |   await expect(logs).toContainText('--uvm-path /mox/uvm-core', { timeout: 45_000 });
    > 45 |   await expect.poll(
         |   ^
      46 |     async () => (await logs.textContent()) ?? '',
      47 |     { timeout: 45_000, intervals: [250, 500, 1000] }
      48 |   ).toMatch(/\$ mox-sim|runtime unavailable|# mox-verilog exit code: 1/);
        at expectCleanUvmRun (/var/tmp/thomas-ahle/sv-tutorial/e2e/uvm.spec.js:45:3)
        at /var/tmp/thomas-ahle/sv-tutorial/e2e/uvm.spec.js:70:5

    attachment #1: screenshot (image/png) ──────────────────────────────────────────────────────────
    test-results/uvm-UVM-Sequence-Items/test-failed-1.png
    ────────────────────────────────────────────────────────────────────────────────────────────────

    Error Context: test-results/uvm-UVM-Sequence-Items/error-context.md

  46) e2e/uvm.spec.js:66:3 › UVM: Sequences ────────────────────────────────────────────────────────

    Error: [2mexpect([22m[31mreceived[39m[2m).[22mtoMatch[2m([22m[32mexpected[39m[2m)[22m

    Expected pattern: [32m/\$ mox-sim|runtime unavailable|# mox-verilog exit code: 1/[39m
    Received string:  [31m"# bundled 1 roots into /workspace/__svt_uvm_bundle.sv for stable UVM compilation$ mox-verilog --resource-guard=false --ir-llhd --timescale 1ns/1ns --single-unit --uvm-path /mox/uvm-core -I /mox/uvm-core/src --top tb_top -o /workspace/out/design.llhd.mlir /workspace/__svt_uvm_bundle.svstderr /mox/uvm-core/src/base/uvm_config_db_implementation.svh:375:26: warning: unknown character escape sequence [-Wunknown-escape-code][39m
    [31m            separator = \"\\.(\" ;[39m
    [31m                         ^[39m
    [31m/mox/uvm-core/src/uvm_pkg.sv:57:2: note: included from here[39m
    [31m `include \"base/uvm_base.svh\"[39m
    [31m ^[39m
    [31m/mox/uvm-core/src/base/uvm_base.svh:77:3: note: included from here[39m
    [31m  `include \"base/uvm_config_db_implementation.svh\"[39m
    [31m  ^"[39m

    Call Log:
    - Timeout 45000ms exceeded while waiting on the predicate

      43 |   await expect(logs).toContainText('$ mox-verilog', { timeout: 45_000 });
      44 |   await expect(logs).toContainText('--uvm-path /mox/uvm-core', { timeout: 45_000 });
    > 45 |   await expect.poll(
         |   ^
      46 |     async () => (await logs.textContent()) ?? '',
      47 |     { timeout: 45_000, intervals: [250, 500, 1000] }
      48 |   ).toMatch(/\$ mox-sim|runtime unavailable|# mox-verilog exit code: 1/);
        at expectCleanUvmRun (/var/tmp/thomas-ahle/sv-tutorial/e2e/uvm.spec.js:45:3)
        at /var/tmp/thomas-ahle/sv-tutorial/e2e/uvm.spec.js:70:5

    attachment #1: screenshot (image/png) ──────────────────────────────────────────────────────────
    test-results/uvm-UVM-Sequences/test-failed-1.png
    ────────────────────────────────────────────────────────────────────────────────────────────────

    Error Context: test-results/uvm-UVM-Sequences/error-context.md

  47) e2e/uvm.spec.js:66:3 › UVM: The Driver ───────────────────────────────────────────────────────

    Error: [2mexpect([22m[31mreceived[39m[2m).[22mtoMatch[2m([22m[32mexpected[39m[2m)[22m

    Expected pattern: [32m/\$ mox-sim|runtime unavailable|# mox-verilog exit code: 1/[39m
    Received string:  [31m"# bundled 3 roots into /workspace/__svt_uvm_bundle.sv for stable UVM compilation$ mox-verilog --resource-guard=false --ir-llhd --timescale 1ns/1ns --single-unit --uvm-path /mox/uvm-core -I /mox/uvm-core/src --top tb_top -o /workspace/out/design.llhd.mlir /workspace/__svt_uvm_bundle.svstderr /mox/uvm-core/src/base/uvm_config_db_implementation.svh:375:26: warning: unknown character escape sequence [-Wunknown-escape-code][39m
    [31m            separator = \"\\.(\" ;[39m
    [31m                         ^[39m
    [31m/mox/uvm-core/src/uvm_pkg.sv:57:2: note: included from here[39m
    [31m `include \"base/uvm_base.svh\"[39m
    [31m ^[39m
    [31m/mox/uvm-core/src/base/uvm_base.svh:77:3: note: included from here[39m
    [31m  `include \"base/uvm_config_db_implementation.svh\"[39m
    [31m  ^"[39m

    Call Log:
    - Timeout 45000ms exceeded while waiting on the predicate

      43 |   await expect(logs).toContainText('$ mox-verilog', { timeout: 45_000 });
      44 |   await expect(logs).toContainText('--uvm-path /mox/uvm-core', { timeout: 45_000 });
    > 45 |   await expect.poll(
         |   ^
      46 |     async () => (await logs.textContent()) ?? '',
      47 |     { timeout: 45_000, intervals: [250, 500, 1000] }
      48 |   ).toMatch(/\$ mox-sim|runtime unavailable|# mox-verilog exit code: 1/);
        at expectCleanUvmRun (/var/tmp/thomas-ahle/sv-tutorial/e2e/uvm.spec.js:45:3)
        at /var/tmp/thomas-ahle/sv-tutorial/e2e/uvm.spec.js:70:5

    attachment #1: screenshot (image/png) ──────────────────────────────────────────────────────────
    test-results/uvm-UVM-The-Driver/test-failed-1.png
    ────────────────────────────────────────────────────────────────────────────────────────────────

    Error Context: test-results/uvm-UVM-The-Driver/error-context.md

  48) e2e/uvm.spec.js:66:3 › UVM: Constrained-Random Scenarios ─────────────────────────────────────

    Error: [2mexpect([22m[31mreceived[39m[2m).[22mtoMatch[2m([22m[32mexpected[39m[2m)[22m

    Expected pattern: [32m/\$ mox-sim|runtime unavailable|# mox-verilog exit code: 1/[39m
    Received string:  [31m"# bundled 1 roots into /workspace/__svt_uvm_bundle.sv for stable UVM compilation$ mox-verilog --resource-guard=false --ir-llhd --timescale 1ns/1ns --single-unit --uvm-path /mox/uvm-core -I /mox/uvm-core/src --top tb_top -o /workspace/out/design.llhd.mlir /workspace/__svt_uvm_bundle.svstderr /mox/uvm-core/src/base/uvm_config_db_implementation.svh:375:26: warning: unknown character escape sequence [-Wunknown-escape-code][39m
    [31m            separator = \"\\.(\" ;[39m
    [31m                         ^[39m
    [31m/mox/uvm-core/src/uvm_pkg.sv:57:2: note: included from here[39m
    [31m `include \"base/uvm_base.svh\"[39m
    [31m ^[39m
    [31m/mox/uvm-core/src/base/uvm_base.svh:77:3: note: included from here[39m
    [31m  `include \"base/uvm_config_db_implementation.svh\"[39m
    [31m  ^"[39m

    Call Log:
    - Timeout 45000ms exceeded while waiting on the predicate

      43 |   await expect(logs).toContainText('$ mox-verilog', { timeout: 45_000 });
      44 |   await expect(logs).toContainText('--uvm-path /mox/uvm-core', { timeout: 45_000 });
    > 45 |   await expect.poll(
         |   ^
      46 |     async () => (await logs.textContent()) ?? '',
      47 |     { timeout: 45_000, intervals: [250, 500, 1000] }
      48 |   ).toMatch(/\$ mox-sim|runtime unavailable|# mox-verilog exit code: 1/);
        at expectCleanUvmRun (/var/tmp/thomas-ahle/sv-tutorial/e2e/uvm.spec.js:45:3)
        at /var/tmp/thomas-ahle/sv-tutorial/e2e/uvm.spec.js:70:5

    attachment #1: screenshot (image/png) ──────────────────────────────────────────────────────────
    test-results/uvm-UVM-Constrained-Random-Scenarios/test-failed-1.png
    ────────────────────────────────────────────────────────────────────────────────────────────────

    Error Context: test-results/uvm-UVM-Constrained-Random-Scenarios/error-context.md

  49) e2e/uvm.spec.js:66:3 › UVM: Monitor and Scoreboard ───────────────────────────────────────────

    Error: [2mexpect([22m[31mreceived[39m[2m).[22mtoMatch[2m([22m[32mexpected[39m[2m)[22m

    Expected pattern: [32m/\$ mox-sim|runtime unavailable|# mox-verilog exit code: 1/[39m
    Received string:  [31m"# bundled 3 roots into /workspace/__svt_uvm_bundle.sv for stable UVM compilation$ mox-verilog --resource-guard=false --ir-llhd --timescale 1ns/1ns --single-unit --uvm-path /mox/uvm-core -I /mox/uvm-core/src --top tb_top -o /workspace/out/design.llhd.mlir /workspace/__svt_uvm_bundle.svstderr /mox/uvm-core/src/base/uvm_config_db_implementation.svh:375:26: warning: unknown character escape sequence [-Wunknown-escape-code][39m
    [31m            separator = \"\\.(\" ;[39m
    [31m                         ^[39m
    [31m/mox/uvm-core/src/uvm_pkg.sv:57:2: note: included from here[39m
    [31m `include \"base/uvm_base.svh\"[39m
    [31m ^[39m
    [31m/mox/uvm-core/src/base/uvm_base.svh:77:3: note: included from here[39m
    [31m  `include \"base/uvm_config_db_implementation.svh\"[39m
    [31m  ^"[39m

    Call Log:
    - Timeout 45000ms exceeded while waiting on the predicate

      43 |   await expect(logs).toContainText('$ mox-verilog', { timeout: 45_000 });
      44 |   await expect(logs).toContainText('--uvm-path /mox/uvm-core', { timeout: 45_000 });
    > 45 |   await expect.poll(
         |   ^
      46 |     async () => (await logs.textContent()) ?? '',
      47 |     { timeout: 45_000, intervals: [250, 500, 1000] }
      48 |   ).toMatch(/\$ mox-sim|runtime unavailable|# mox-verilog exit code: 1/);
        at expectCleanUvmRun (/var/tmp/thomas-ahle/sv-tutorial/e2e/uvm.spec.js:45:3)
        at /var/tmp/thomas-ahle/sv-tutorial/e2e/uvm.spec.js:70:5

    attachment #1: screenshot (image/png) ──────────────────────────────────────────────────────────
    test-results/uvm-UVM-Monitor-and-Scoreboard/test-failed-1.png
    ────────────────────────────────────────────────────────────────────────────────────────────────

    Error Context: test-results/uvm-UVM-Monitor-and-Scoreboard/error-context.md

  50) e2e/uvm.spec.js:66:3 › UVM: Environment and Test ─────────────────────────────────────────────

    Error: [2mexpect([22m[31mreceived[39m[2m).[22mtoMatch[2m([22m[32mexpected[39m[2m)[22m

    Expected pattern: [32m/\$ mox-sim|runtime unavailable|# mox-verilog exit code: 1/[39m
    Received string:  [31m"# bundled 3 roots into /workspace/__svt_uvm_bundle.sv for stable UVM compilation$ mox-verilog --resource-guard=false --ir-llhd --timescale 1ns/1ns --single-unit --uvm-path /mox/uvm-core -I /mox/uvm-core/src --top tb_top -o /workspace/out/design.llhd.mlir /workspace/__svt_uvm_bundle.svstderr /mox/uvm-core/src/base/uvm_config_db_implementation.svh:375:26: warning: unknown character escape sequence [-Wunknown-escape-code][39m
    [31m            separator = \"\\.(\" ;[39m
    [31m                         ^[39m
    [31m/mox/uvm-core/src/uvm_pkg.sv:57:2: note: included from here[39m
    [31m `include \"base/uvm_base.svh\"[39m
    [31m ^[39m
    [31m/mox/uvm-core/src/base/uvm_base.svh:77:3: note: included from here[39m
    [31m  `include \"base/uvm_config_db_implementation.svh\"[39m
    [31m  ^"[39m

    Call Log:
    - Timeout 45000ms exceeded while waiting on the predicate

      43 |   await expect(logs).toContainText('$ mox-verilog', { timeout: 45_000 });
      44 |   await expect(logs).toContainText('--uvm-path /mox/uvm-core', { timeout: 45_000 });
    > 45 |   await expect.poll(
         |   ^
      46 |     async () => (await logs.textContent()) ?? '',
      47 |     { timeout: 45_000, intervals: [250, 500, 1000] }
      48 |   ).toMatch(/\$ mox-sim|runtime unavailable|# mox-verilog exit code: 1/);
        at expectCleanUvmRun (/var/tmp/thomas-ahle/sv-tutorial/e2e/uvm.spec.js:45:3)
        at /var/tmp/thomas-ahle/sv-tutorial/e2e/uvm.spec.js:70:5

    attachment #1: screenshot (image/png) ──────────────────────────────────────────────────────────
    test-results/uvm-UVM-Environment-and-Test/test-failed-1.png
    ────────────────────────────────────────────────────────────────────────────────────────────────

    Error Context: test-results/uvm-UVM-Environment-and-Test/error-context.md

  51) e2e/uvm.spec.js:66:3 › UVM: Functional Coverage ──────────────────────────────────────────────

    Error: [2mexpect([22m[31mreceived[39m[2m).[22mtoMatch[2m([22m[32mexpected[39m[2m)[22m

    Expected pattern: [32m/\$ mox-sim|runtime unavailable|# mox-verilog exit code: 1/[39m
    Received string:  [31m"# bundled 3 roots into /workspace/__svt_uvm_bundle.sv for stable UVM compilation$ mox-verilog --resource-guard=false --ir-llhd --timescale 1ns/1ns --single-unit --uvm-path /mox/uvm-core -I /mox/uvm-core/src --top tb_top -o /workspace/out/design.llhd.mlir /workspace/__svt_uvm_bundle.svstderr /mox/uvm-core/src/base/uvm_config_db_implementation.svh:375:26: warning: unknown character escape sequence [-Wunknown-escape-code][39m
    [31m            separator = \"\\.(\" ;[39m
    [31m                         ^[39m
    [31m/mox/uvm-core/src/uvm_pkg.sv:57:2: note: included from here[39m
    [31m `include \"base/uvm_base.svh\"[39m
    [31m ^[39m
    [31m/mox/uvm-core/src/base/uvm_base.svh:77:3: note: included from here[39m
    [31m  `include \"base/uvm_config_db_implementation.svh\"[39m
    [31m  ^"[39m

    Call Log:
    - Timeout 45000ms exceeded while waiting on the predicate

      43 |   await expect(logs).toContainText('$ mox-verilog', { timeout: 45_000 });
      44 |   await expect(logs).toContainText('--uvm-path /mox/uvm-core', { timeout: 45_000 });
    > 45 |   await expect.poll(
         |   ^
      46 |     async () => (await logs.textContent()) ?? '',
      47 |     { timeout: 45_000, intervals: [250, 500, 1000] }
      48 |   ).toMatch(/\$ mox-sim|runtime unavailable|# mox-verilog exit code: 1/);
        at expectCleanUvmRun (/var/tmp/thomas-ahle/sv-tutorial/e2e/uvm.spec.js:45:3)
        at /var/tmp/thomas-ahle/sv-tutorial/e2e/uvm.spec.js:70:5

    attachment #1: screenshot (image/png) ──────────────────────────────────────────────────────────
    test-results/uvm-UVM-Functional-Coverage/test-failed-1.png
    ────────────────────────────────────────────────────────────────────────────────────────────────

    Error Context: test-results/uvm-UVM-Functional-Coverage/error-context.md

  52) e2e/uvm.spec.js:66:3 › UVM: Cross Coverage ───────────────────────────────────────────────────

    Error: [2mexpect([22m[31mreceived[39m[2m).[22mtoMatch[2m([22m[32mexpected[39m[2m)[22m

    Expected pattern: [32m/\$ mox-sim|runtime unavailable|# mox-verilog exit code: 1/[39m
    Received string:  [31m"# bundled 3 roots into /workspace/__svt_uvm_bundle.sv for stable UVM compilation$ mox-verilog --resource-guard=false --ir-llhd --timescale 1ns/1ns --single-unit --uvm-path /mox/uvm-core -I /mox/uvm-core/src --top tb_top -o /workspace/out/design.llhd.mlir /workspace/__svt_uvm_bundle.svstderr /mox/uvm-core/src/base/uvm_config_db_implementation.svh:375:26: warning: unknown character escape sequence [-Wunknown-escape-code][39m
    [31m            separator = \"\\.(\" ;[39m
    [31m                         ^[39m
    [31m/mox/uvm-core/src/uvm_pkg.sv:57:2: note: included from here[39m
    [31m `include \"base/uvm_base.svh\"[39m
    [31m ^[39m
    [31m/mox/uvm-core/src/base/uvm_base.svh:77:3: note: included from here[39m
    [31m  `include \"base/uvm_config_db_implementation.svh\"[39m
    [31m  ^"[39m

    Call Log:
    - Timeout 45000ms exceeded while waiting on the predicate

      43 |   await expect(logs).toContainText('$ mox-verilog', { timeout: 45_000 });
      44 |   await expect(logs).toContainText('--uvm-path /mox/uvm-core', { timeout: 45_000 });
    > 45 |   await expect.poll(
         |   ^
      46 |     async () => (await logs.textContent()) ?? '',
      47 |     { timeout: 45_000, intervals: [250, 500, 1000] }
      48 |   ).toMatch(/\$ mox-sim|runtime unavailable|# mox-verilog exit code: 1/);
        at expectCleanUvmRun (/var/tmp/thomas-ahle/sv-tutorial/e2e/uvm.spec.js:45:3)
        at /var/tmp/thomas-ahle/sv-tutorial/e2e/uvm.spec.js:70:5

    attachment #1: screenshot (image/png) ──────────────────────────────────────────────────────────
    test-results/uvm-UVM-Cross-Coverage/test-failed-1.png
    ────────────────────────────────────────────────────────────────────────────────────────────────

    Error Context: test-results/uvm-UVM-Cross-Coverage/error-context.md

  53) e2e/uvm.spec.js:66:3 › UVM: Coverage-Driven Verification ─────────────────────────────────────

    Error: [2mexpect([22m[31mreceived[39m[2m).[22mtoMatch[2m([22m[32mexpected[39m[2m)[22m

    Expected pattern: [32m/\$ mox-sim|runtime unavailable|# mox-verilog exit code: 1/[39m
    Received string:  [31m"# bundled 3 roots into /workspace/__svt_uvm_bundle.sv for stable UVM compilation$ mox-verilog --resource-guard=false --ir-llhd --timescale 1ns/1ns --single-unit --uvm-path /mox/uvm-core -I /mox/uvm-core/src --top tb_top -o /workspace/out/design.llhd.mlir /workspace/__svt_uvm_bundle.svstderr /mox/uvm-core/src/base/uvm_config_db_implementation.svh:375:26: warning: unknown character escape sequence [-Wunknown-escape-code][39m
    [31m            separator = \"\\.(\" ;[39m
    [31m                         ^[39m
    [31m/mox/uvm-core/src/uvm_pkg.sv:57:2: note: included from here[39m
    [31m `include \"base/uvm_base.svh\"[39m
    [31m ^[39m
    [31m/mox/uvm-core/src/base/uvm_base.svh:77:3: note: included from here[39m
    [31m  `include \"base/uvm_config_db_implementation.svh\"[39m
    [31m  ^"[39m

    Call Log:
    - Timeout 45000ms exceeded while waiting on the predicate

      43 |   await expect(logs).toContainText('$ mox-verilog', { timeout: 45_000 });
      44 |   await expect(logs).toContainText('--uvm-path /mox/uvm-core', { timeout: 45_000 });
    > 45 |   await expect.poll(
         |   ^
      46 |     async () => (await logs.textContent()) ?? '',
      47 |     { timeout: 45_000, intervals: [250, 500, 1000] }
      48 |   ).toMatch(/\$ mox-sim|runtime unavailable|# mox-verilog exit code: 1/);
        at expectCleanUvmRun (/var/tmp/thomas-ahle/sv-tutorial/e2e/uvm.spec.js:45:3)
        at /var/tmp/thomas-ahle/sv-tutorial/e2e/uvm.spec.js:70:5

    attachment #1: screenshot (image/png) ──────────────────────────────────────────────────────────
    test-results/uvm-UVM-Coverage-Driven-Verification/test-failed-1.png
    ────────────────────────────────────────────────────────────────────────────────────────────────

    Error Context: test-results/uvm-UVM-Coverage-Driven-Verification/error-context.md

  54) e2e/uvm.spec.js:66:3 › UVM: Factory Overrides ────────────────────────────────────────────────

    Error: [2mexpect([22m[31mreceived[39m[2m).[22mtoMatch[2m([22m[32mexpected[39m[2m)[22m

    Expected pattern: [32m/\$ mox-sim|runtime unavailable|# mox-verilog exit code: 1/[39m
    Received string:  [31m"# bundled 1 roots into /workspace/__svt_uvm_bundle.sv for stable UVM compilation$ mox-verilog --resource-guard=false --ir-llhd --timescale 1ns/1ns --single-unit --uvm-path /mox/uvm-core -I /mox/uvm-core/src --top tb_top -o /workspace/out/design.llhd.mlir /workspace/__svt_uvm_bundle.svstderr /mox/uvm-core/src/base/uvm_config_db_implementation.svh:375:26: warning: unknown character escape sequence [-Wunknown-escape-code][39m
    [31m            separator = \"\\.(\" ;[39m
    [31m                         ^[39m
    [31m/mox/uvm-core/src/uvm_pkg.sv:57:2: note: included from here[39m
    [31m `include \"base/uvm_base.svh\"[39m
    [31m ^[39m
    [31m/mox/uvm-core/src/base/uvm_base.svh:77:3: note: included from here[39m
    [31m  `include \"base/uvm_config_db_implementation.svh\"[39m
    [31m  ^"[39m

    Call Log:
    - Timeout 45000ms exceeded while waiting on the predicate

      43 |   await expect(logs).toContainText('$ mox-verilog', { timeout: 45_000 });
      44 |   await expect(logs).toContainText('--uvm-path /mox/uvm-core', { timeout: 45_000 });
    > 45 |   await expect.poll(
         |   ^
      46 |     async () => (await logs.textContent()) ?? '',
      47 |     { timeout: 45_000, intervals: [250, 500, 1000] }
      48 |   ).toMatch(/\$ mox-sim|runtime unavailable|# mox-verilog exit code: 1/);
        at expectCleanUvmRun (/var/tmp/thomas-ahle/sv-tutorial/e2e/uvm.spec.js:45:3)
        at /var/tmp/thomas-ahle/sv-tutorial/e2e/uvm.spec.js:70:5

    attachment #1: screenshot (image/png) ──────────────────────────────────────────────────────────
    test-results/uvm-UVM-Factory-Overrides/test-failed-1.png
    ────────────────────────────────────────────────────────────────────────────────────────────────

    Error Context: test-results/uvm-UVM-Factory-Overrides/error-context.md

  54 failed
    e2e/cocotb-run.spec.js:5:1 › cocotb: a run settles with a test result or the simulator error ───
    e2e/cocotb.spec.js:25:1 › cocotb: Your First cocotb Test — solution passes all assertions ──────
    e2e/cocotb.spec.js:41:1 › cocotb: Clock and Timing — solution passes all assertions ────────────
    e2e/diag-focus.spec.js:7:1 › diag: probe FocusItem vs id_of_name in current Surfer build ───────
    e2e/formal.spec.js:37:1 › BMC: solution proves all properties within the bound ─────────────────
    e2e/formal.spec.js:60:1 › assume property: solution proves property with constraint ────────────
    e2e/formal.spec.js:92:1 › LEC: fixed Impl is proved equivalent to Spec ─────────────────────────
    e2e/ghpages.spec.js:49:1 › UVM: Driver lesson compiles and simulates ───────────────────────────
    e2e/ghpages.spec.js:56:1 › UVM: Cross Coverage compiles with intersect syntax ──────────────────
    e2e/lessons.spec.js:123:1 › immediate-assert: solution passes assertions ───────────────────────
    e2e/live-smoke.spec.js:36:1 › [sim] Welcome — run button produces output, no compile error ─────
    e2e/live-smoke.spec.js:45:1 › [sim] Concurrent Assertions — runtime assertions chapter visible, assertionFail produced 
    e2e/live-smoke.spec.js:77:1 › [lec] Logical Equivalence Checking — z3 proves unsat ─────────────
    e2e/offline-cocotb.spec.js:17:3 › offline cocotb runtime › downloads offline bundle and runs cocotb fully offline 
    e2e/qa-all-lessons.spec.js:65:5 › [15] covergroup and coverpoint › run ─────────────────────────
    e2e/qa-all-lessons.spec.js:65:5 › [16] Bins and ignore_bins › run ──────────────────────────────
    e2e/qa-all-lessons.spec.js:65:5 › [17] Cross coverage › run ────────────────────────────────────
    e2e/qa-all-lessons.spec.js:65:5 › [19] Dynamic Arrays and Queues › run ─────────────────────────
    e2e/qa-all-lessons.spec.js:65:5 › [22] Macro Formal Continuations › run ────────────────────────
    e2e/qa-all-lessons.spec.js:65:5 › [23] Packed-Struct Field References › run ────────────────────
    e2e/qa-all-lessons.spec.js:65:5 › [25] Nested Child Input Propagation › run ────────────────────
    e2e/qa-all-lessons.spec.js:86:5 › [32] Immediate Assertions › verify ───────────────────────────
    e2e/qa-all-lessons.spec.js:86:5 › [54] Recursive Properties › verify ───────────────────────────
    e2e/qa-all-lessons.spec.js:86:5 › [55] assume property › verify ────────────────────────────────
    e2e/qa-ghpages.spec.js:208:1 › SV: welcome lesson compiles and prints Hello output ─────────────
    e2e/qa-ghpages.spec.js:219:1 › SV: always-ff solution compiles and simulates cleanly ───────────
    e2e/qa-ghpages.spec.js:232:1 › SV: starter code with TODO shows simulation failures ────────────
    e2e/qa-ghpages.spec.js:244:1 › Ctrl+Enter triggers run ─────────────────────────────────────────
    e2e/qa-ghpages.spec.js:251:1 › SVA: concurrent simulation lesson runs cleanly ──────────────────
    e2e/qa-ghpages.spec.js:262:1 › UVM: driver lesson compiles and simulates ───────────────────────
    e2e/qa-ghpages.spec.js:299:1 › dfn term card near bottom does not clip off-screen ──────────────
    e2e/qa-ghpages.spec.js:321:1 › vim mode: toggles on and off without breaking editor ────────────
    e2e/solutions-live.spec.js:54:3 › [sim] Welcome ────────────────────────────────────────────────
    e2e/solutions-live.spec.js:54:3 › [sim] Concurrent Assertions in Simulation ────────────────────
    e2e/solutions-live.spec.js:54:3 › [lec] Logical Equivalence Checking ───────────────────────────
    e2e/solutions.spec.js:154:3 › [sim] Priority Encoder ───────────────────────────────────────────
    e2e/solutions.spec.js:154:3 › [sim] Parameters and localparam ──────────────────────────────────
    e2e/solutions.spec.js:154:3 › [sim] Interfaces and modport ─────────────────────────────────────
    e2e/solutions.spec.js:154:3 › [sim] Tasks and Functions ────────────────────────────────────────
    e2e/solutions.spec.js:154:3 › [bmc] Immediate Assertions ───────────────────────────────────────
    e2e/solutions.spec.js:154:3 › [bmc] Sequences and Properties ───────────────────────────────────
    e2e/solutions.spec.js:154:3 › [bmc] Recursive Properties ───────────────────────────────────────
    e2e/solutions.spec.js:154:3 › [both] assume property ───────────────────────────────────────────
    e2e/uvm.spec.js:66:3 › UVM: The First UVM Test ─────────────────────────────────────────────────
    e2e/uvm.spec.js:66:3 › UVM: Sequence Items ─────────────────────────────────────────────────────
    e2e/uvm.spec.js:66:3 › UVM: Sequences ──────────────────────────────────────────────────────────
    e2e/uvm.spec.js:66:3 › UVM: The Driver ─────────────────────────────────────────────────────────
    e2e/uvm.spec.js:66:3 › UVM: Constrained-Random Scenarios ───────────────────────────────────────
    e2e/uvm.spec.js:66:3 › UVM: Monitor and Scoreboard ─────────────────────────────────────────────
    e2e/uvm.spec.js:66:3 › UVM: Environment and Test ───────────────────────────────────────────────
    e2e/uvm.spec.js:66:3 › UVM: Functional Coverage ────────────────────────────────────────────────
    e2e/uvm.spec.js:66:3 › UVM: Cross Coverage ─────────────────────────────────────────────────────
    e2e/uvm.spec.js:66:3 › UVM: Coverage-Driven Verification ───────────────────────────────────────
    e2e/uvm.spec.js:66:3 › UVM: Factory Overrides ──────────────────────────────────────────────────
  177 passed (29.6m)
e2e_exit=1
